request_id,experiment_id,regime,workload_scenario,concurrency,request_rate,request_duration,best_server,server_1_cpu,server_1_memory,server_1_connections,server_1_response_time,server_1_network_latency,server_2_cpu,server_2_memory,server_2_connections,server_2_response_time,server_2_network_latency,server_3_cpu,server_3_memory,server_3_connections,server_3_response_time,server_3_network_latency,correct_logistic_regression,pred_logistic_regression,correct_random_forest,pred_random_forest,correct_decision_tree,pred_decision_tree,correct_svm,pred_svm,correct_xgboost,pred_xgboost,best_model,num_correct_models
p12_exp_01_low_rr_seen_1,p12_exp_01_low_rr_seen,low_load,low_load,2,6.0,0.02,server-2,15.0,25.0,0,20.0,1.5,15.0,25.0,1,20.0,1.5,15.0,25.0,0,20.0,1.5,1,server-2,1,server-2,1,server-2,1,server-2,1,server-2,SVM,5
p12_exp_01_low_rr_seen_2,p12_exp_01_low_rr_seen,low_load,low_load,2,6.0,0.02,server-3,15.0,25.0,0,20.0,1.5,15.0,25.0,0,20.0,1.5,15.0,25.0,1,20.0,1.5,1,server-3,1,server-3,1,server-3,1,server-3,1,server-3,SVM,5
p12_exp_01_low_rr_seen_3,p12_exp_01_low_rr_seen,low_load,low_load,2,6.0,0.02,server-1,15.0,25.0,1,20.0,1.5,15.0,25.0,0,20.0,1.5,15.0,25.0,0,20.0,1.5,1,server-1,1,server-1,1,server-1,1,server-1,1,server-1,SVM,5
p12_exp_01_low_rr_seen_4,p12_exp_01_low_rr_seen,low_load,low_load,2,6.0,0.02,server-2,15.0,25.0,0,20.0,1.5,15.0,25.0,1,20.0,1.5,15.0,25.0,0,20.0,1.5,1,server-2,1,server-2,1,server-2,1,server-2,1,server-2,SVM,5
p12_exp_01_low_rr_seen_5,p12_exp_01_low_rr_seen,low_load,low_load,2,6.0,0.02,server-3,15.0,25.0,0,20.0,1.5,15.0,25.0,0,20.0,1.5,15.0,25.0,1,20.0,1.5,1,server-3,1,server-3,1,server-3,1,server-3,1,server-3,SVM,5
p12_exp_01_low_rr_seen_6,p12_exp_01_low_rr_seen,low_load,low_load,2,6.0,0.02,server-1,15.0,25.0,1,20.0,1.5,15.0,25.0,0,20.0,1.5,15.0,25.0,0,20.0,1.5,1,server-1,1,server-1,1,server-1,1,server-1,1,server-1,SVM,5
p12_exp_01_low_rr_seen_7,p12_exp_01_low_rr_seen,low_load,low_load,2,6.0,0.02,server-2,15.0,25.0,0,20.0,1.5,15.0,25.0,1,20.0,1.5,15.0,25.0,0,20.0,1.5,1,server-2,1,server-2,1,server-2,1,server-2,1,server-2,SVM,5
p12_exp_01_low_rr_seen_8,p12_exp_01_low_rr_seen,low_load,low_load,2,6.0,0.02,server-3,15.0,25.0,0,20.0,1.5,15.0,25.0,0,20.0,1.5,15.0,25.0,1,20.0,1.5,1,server-3,1,server-3,1,server-3,1,server-3,1,server-3,SVM,5
p12_exp_01_low_rr_seen_9,p12_exp_01_low_rr_seen,low_load,low_load,2,6.0,0.02,server-1,15.0,25.0,1,20.0,1.5,15.0,25.0,0,20.0,1.5,15.0,25.0,0,20.0,1.5,1,server-1,1,server-1,1,server-1,1,server-1,1,server-1,SVM,5
p12_exp_01_low_rr_seen_10,p12_exp_01_low_rr_seen,low_load,low_load,2,6.0,0.02,server-2,15.0,25.0,0,20.0,1.5,15.0,25.0,1,20.0,1.5,15.0,25.0,0,20.0,1.5,1,server-2,1,server-2,1,server-2,1,server-2,1,server-2,SVM,5
p12_exp_01_low_rr_seen_11,p12_exp_01_low_rr_seen,low_load,low_load,2,6.0,0.02,server-3,15.0,25.0,0,20.0,1.5,15.0,25.0,0,20.0,1.5,15.0,25.0,1,20.0,1.5,1,server-3,1,server-3,1,server-3,1,server-3,1,server-3,SVM,5
p12_exp_01_low_rr_seen_12,p12_exp_01_low_rr_seen,low_load,low_load,2,6.0,0.02,server-1,15.0,25.0,1,20.0,1.5,15.0,25.0,0,20.0,1.5,15.0,25.0,0,20.0,1.5,1,server-1,1,server-1,1,server-1,1,server-1,1,server-1,SVM,5
p12_exp_01_low_rr_seen_13,p12_exp_01_low_rr_seen,low_load,low_load,2,6.0,0.02,server-2,15.0,25.0,0,20.0,1.5,15.0,25.0,1,20.0,1.5,15.0,25.0,0,20.0,1.5,1,server-2,1,server-2,1,server-2,1,server-2,1,server-2,SVM,5
p12_exp_01_low_rr_seen_14,p12_exp_01_low_rr_seen,low_load,low_load,2,6.0,0.02,server-3,15.0,25.0,0,20.0,1.5,15.0,25.0,0,20.0,1.5,15.0,25.0,1,20.0,1.5,1,server-3,1,server-3,1,server-3,1,server-3,1,server-3,SVM,5
p12_exp_01_low_rr_seen_15,p12_exp_01_low_rr_seen,low_load,low_load,2,6.0,0.02,server-1,15.0,25.0,1,20.0,1.5,15.0,25.0,0,20.0,1.5,15.0,25.0,0,20.0,1.5,1,server-1,1,server-1,1,server-1,1,server-1,1,server-1,SVM,5
p12_exp_01_low_rr_seen_16,p12_exp_01_low_rr_seen,low_load,low_load,2,6.0,0.02,server-2,15.0,25.0,0,20.0,1.5,15.0,25.0,1,20.0,1.5,15.0,25.0,0,20.0,1.5,1,server-2,1,server-2,1,server-2,1,server-2,1,server-2,SVM,5
p12_exp_01_low_rr_seen_17,p12_exp_01_low_rr_seen,low_load,low_load,2,6.0,0.02,server-3,15.0,25.0,0,20.0,1.5,15.0,25.0,0,20.0,1.5,15.0,25.0,1,20.0,1.5,1,server-3,1,server-3,1,server-3,1,server-3,1,server-3,SVM,5
p12_exp_01_low_rr_seen_18,p12_exp_01_low_rr_seen,low_load,low_load,2,6.0,0.02,server-1,15.0,25.0,1,20.0,1.5,15.0,25.0,0,20.0,1.5,15.0,25.0,0,20.0,1.5,1,server-1,1,server-1,1,server-1,1,server-1,1,server-1,SVM,5
p12_exp_01_low_rr_seen_19,p12_exp_01_low_rr_seen,low_load,low_load,2,6.0,0.02,server-2,15.0,25.0,0,20.0,1.5,15.0,25.0,1,20.0,1.5,15.0,25.0,0,20.0,1.5,1,server-2,1,server-2,1,server-2,1,server-2,1,server-2,SVM,5
p12_exp_01_low_rr_seen_20,p12_exp_01_low_rr_seen,low_load,low_load,2,6.0,0.02,server-3,15.0,25.0,0,20.0,1.5,15.0,25.0,0,20.0,1.5,15.0,25.0,1,20.0,1.5,1,server-3,1,server-3,1,server-3,1,server-3,1,server-3,SVM,5
p12_exp_01_low_rr_seen_21,p12_exp_01_low_rr_seen,low_load,low_load,2,6.0,0.02,server-1,15.0,25.0,1,20.0,1.5,15.0,25.0,0,20.0,1.5,15.0,25.0,0,20.0,1.5,1,server-1,1,server-1,1,server-1,1,server-1,1,server-1,SVM,5
p12_exp_01_low_rr_seen_22,p12_exp_01_low_rr_seen,low_load,low_load,2,6.0,0.02,server-2,15.0,25.0,0,20.0,1.5,15.0,25.0,1,20.0,1.5,15.0,25.0,0,20.0,1.5,1,server-2,1,server-2,1,server-2,1,server-2,1,server-2,SVM,5
p12_exp_01_low_rr_seen_23,p12_exp_01_low_rr_seen,low_load,low_load,2,6.0,0.02,server-3,15.0,25.0,0,20.0,1.5,15.0,25.0,0,20.0,1.5,15.0,25.0,1,20.0,1.5,1,server-3,1,server-3,1,server-3,1,server-3,1,server-3,SVM,5
p12_exp_01_low_rr_seen_24,p12_exp_01_low_rr_seen,low_load,low_load,2,6.0,0.02,server-1,15.0,25.0,1,20.0,1.5,15.0,25.0,0,20.0,1.5,15.0,25.0,0,20.0,1.5,1,server-1,1,server-1,1,server-1,1,server-1,1,server-1,SVM,5
p12_exp_01_low_rr_seen_25,p12_exp_01_low_rr_seen,low_load,low_load,2,6.0,0.02,server-2,15.0,25.0,0,20.0,1.5,15.0,25.0,1,20.0,1.5,15.0,25.0,0,20.0,1.5,1,server-2,1,server-2,1,server-2,1,server-2,1,server-2,SVM,5
p12_exp_01_low_rr_seen_26,p12_exp_01_low_rr_seen,low_load,low_load,2,6.0,0.02,server-3,15.0,25.0,0,20.0,1.5,15.0,25.0,0,20.0,1.5,15.0,25.0,1,20.0,1.5,1,server-3,1,server-3,1,server-3,1,server-3,1,server-3,SVM,5
p12_exp_01_low_rr_seen_27,p12_exp_01_low_rr_seen,low_load,low_load,2,6.0,0.02,server-1,15.0,25.0,1,20.0,1.5,15.0,25.0,0,20.0,1.5,15.0,25.0,0,20.0,1.5,1,server-1,1,server-1,1,server-1,1,server-1,1,server-1,SVM,5
p12_exp_01_low_rr_seen_28,p12_exp_01_low_rr_seen,low_load,low_load,2,6.0,0.02,server-2,15.0,25.0,0,20.0,1.5,15.0,25.0,1,20.0,1.5,15.0,25.0,0,20.0,1.5,1,server-2,1,server-2,1,server-2,1,server-2,1,server-2,SVM,5
p12_exp_01_low_rr_seen_29,p12_exp_01_low_rr_seen,low_load,low_load,2,6.0,0.02,server-3,15.0,25.0,0,20.0,1.5,15.0,25.0,0,20.0,1.5,15.0,25.0,1,20.0,1.5,1,server-3,1,server-3,1,server-3,1,server-3,1,server-3,SVM,5
p12_exp_01_low_rr_seen_30,p12_exp_01_low_rr_seen,low_load,low_load,2,6.0,0.02,server-1,15.0,25.0,1,20.0,1.5,15.0,25.0,0,20.0,1.5,15.0,25.0,0,20.0,1.5,1,server-1,1,server-1,1,server-1,1,server-1,1,server-1,SVM,5
p12_exp_01_low_rr_seen_31,p12_exp_01_low_rr_seen,low_load,low_load,2,6.0,0.02,server-2,15.0,25.0,0,20.0,1.5,15.0,25.0,1,20.0,1.5,15.0,25.0,0,20.0,1.5,1,server-2,1,server-2,1,server-2,1,server-2,1,server-2,SVM,5
p12_exp_01_low_rr_seen_32,p12_exp_01_low_rr_seen,low_load,low_load,2,6.0,0.02,server-3,15.0,25.0,0,20.0,1.5,15.0,25.0,0,20.0,1.5,15.0,25.0,1,20.0,1.5,1,server-3,1,server-3,1,server-3,1,server-3,1,server-3,SVM,5
p12_exp_01_low_rr_seen_33,p12_exp_01_low_rr_seen,low_load,low_load,2,6.0,0.02,server-1,15.0,25.0,1,20.0,1.5,15.0,25.0,0,20.0,1.5,15.0,25.0,0,20.0,1.5,1,server-1,1,server-1,1,server-1,1,server-1,1,server-1,SVM,5
p12_exp_01_low_rr_seen_34,p12_exp_01_low_rr_seen,low_load,low_load,2,6.0,0.02,server-2,15.0,25.0,0,20.0,1.5,15.0,25.0,1,20.0,1.5,15.0,25.0,0,20.0,1.5,1,server-2,1,server-2,1,server-2,1,server-2,1,server-2,SVM,5
p12_exp_01_low_rr_seen_35,p12_exp_01_low_rr_seen,low_load,low_load,2,6.0,0.02,server-3,15.0,25.0,0,20.0,1.5,15.0,25.0,0,20.0,1.5,15.0,25.0,1,20.0,1.5,1,server-3,1,server-3,1,server-3,1,server-3,1,server-3,SVM,5
p12_exp_02_low_lc_seen_1,p12_exp_02_low_lc_seen,low_load,low_load,3,8.0,0.02,server-1,15.0,25.0,1,20.0,1.5,15.0,25.0,0,20.0,1.5,15.0,25.0,0,20.0,1.5,1,server-1,1,server-1,1,server-1,1,server-1,1,server-1,SVM,5
p12_exp_02_low_lc_seen_2,p12_exp_02_low_lc_seen,low_load,low_load,3,8.0,0.02,server-1,15.0,25.0,1,20.0,1.5,15.0,25.0,0,20.0,1.5,15.0,25.0,0,20.0,1.5,1,server-1,1,server-1,1,server-1,1,server-1,1,server-1,SVM,5
p12_exp_02_low_lc_seen_3,p12_exp_02_low_lc_seen,low_load,low_load,3,8.0,0.02,server-1,15.0,25.0,1,20.0,1.5,15.0,25.0,0,20.0,1.5,15.0,25.0,0,20.0,1.5,1,server-1,1,server-1,1,server-1,1,server-1,1,server-1,SVM,5
p12_exp_02_low_lc_seen_4,p12_exp_02_low_lc_seen,low_load,low_load,3,8.0,0.02,server-1,15.0,25.0,1,20.0,1.5,15.0,25.0,0,20.0,1.5,15.0,25.0,0,20.0,1.5,1,server-1,1,server-1,1,server-1,1,server-1,1,server-1,SVM,5
p12_exp_02_low_lc_seen_5,p12_exp_02_low_lc_seen,low_load,low_load,3,8.0,0.02,server-1,15.0,25.0,1,20.0,1.5,15.0,25.0,0,20.0,1.5,15.0,25.0,0,20.0,1.5,1,server-1,1,server-1,1,server-1,1,server-1,1,server-1,SVM,5
p12_exp_02_low_lc_seen_6,p12_exp_02_low_lc_seen,low_load,low_load,3,8.0,0.02,server-1,15.0,25.0,1,20.0,1.5,15.0,25.0,0,20.0,1.5,15.0,25.0,0,20.0,1.5,1,server-1,1,server-1,1,server-1,1,server-1,1,server-1,SVM,5
p12_exp_02_low_lc_seen_7,p12_exp_02_low_lc_seen,low_load,low_load,3,8.0,0.02,server-1,15.0,25.0,1,20.0,1.5,15.0,25.0,0,20.0,1.5,15.0,25.0,0,20.0,1.5,1,server-1,1,server-1,1,server-1,1,server-1,1,server-1,SVM,5
p12_exp_02_low_lc_seen_8,p12_exp_02_low_lc_seen,low_load,low_load,3,8.0,0.02,server-1,15.0,25.0,1,20.0,1.5,15.0,25.0,0,20.0,1.5,15.0,25.0,0,20.0,1.5,1,server-1,1,server-1,1,server-1,1,server-1,1,server-1,SVM,5
p12_exp_02_low_lc_seen_9,p12_exp_02_low_lc_seen,low_load,low_load,3,8.0,0.02,server-1,15.0,25.0,1,20.0,1.5,15.0,25.0,0,20.0,1.5,15.0,25.0,0,20.0,1.5,1,server-1,1,server-1,1,server-1,1,server-1,1,server-1,SVM,5
p12_exp_02_low_lc_seen_10,p12_exp_02_low_lc_seen,low_load,low_load,3,8.0,0.02,server-1,15.0,25.0,1,20.0,1.5,15.0,25.0,0,20.0,1.5,15.0,25.0,0,20.0,1.5,1,server-1,1,server-1,1,server-1,1,server-1,1,server-1,SVM,5
p12_exp_02_low_lc_seen_11,p12_exp_02_low_lc_seen,low_load,low_load,3,8.0,0.02,server-1,15.0,25.0,1,20.0,1.5,15.0,25.0,0,20.0,1.5,15.0,25.0,0,20.0,1.5,1,server-1,1,server-1,1,server-1,1,server-1,1,server-1,SVM,5
p12_exp_02_low_lc_seen_12,p12_exp_02_low_lc_seen,low_load,low_load,3,8.0,0.02,server-1,15.0,25.0,1,20.0,1.5,15.0,25.0,0,20.0,1.5,15.0,25.0,0,20.0,1.5,1,server-1,1,server-1,1,server-1,1,server-1,1,server-1,SVM,5
p12_exp_02_low_lc_seen_13,p12_exp_02_low_lc_seen,low_load,low_load,3,8.0,0.02,server-1,15.0,25.0,1,20.0,1.5,15.0,25.0,0,20.0,1.5,15.0,25.0,0,20.0,1.5,1,server-1,1,server-1,1,server-1,1,server-1,1,server-1,SVM,5
p12_exp_02_low_lc_seen_14,p12_exp_02_low_lc_seen,low_load,low_load,3,8.0,0.02,server-1,15.0,25.0,1,20.0,1.5,15.0,25.0,0,20.0,1.5,15.0,25.0,0,20.0,1.5,1,server-1,1,server-1,1,server-1,1,server-1,1,server-1,SVM,5
p12_exp_02_low_lc_seen_15,p12_exp_02_low_lc_seen,low_load,low_load,3,8.0,0.02,server-1,15.0,25.0,1,20.0,1.5,15.0,25.0,0,20.0,1.5,15.0,25.0,0,20.0,1.5,1,server-1,1,server-1,1,server-1,1,server-1,1,server-1,SVM,5
p12_exp_02_low_lc_seen_16,p12_exp_02_low_lc_seen,low_load,low_load,3,8.0,0.02,server-1,15.0,25.0,1,20.0,1.5,15.0,25.0,0,20.0,1.5,15.0,25.0,0,20.0,1.5,1,server-1,1,server-1,1,server-1,1,server-1,1,server-1,SVM,5
p12_exp_02_low_lc_seen_17,p12_exp_02_low_lc_seen,low_load,low_load,3,8.0,0.02,server-1,15.0,25.0,1,20.0,1.5,15.0,25.0,0,20.0,1.5,15.0,25.0,0,20.0,1.5,1,server-1,1,server-1,1,server-1,1,server-1,1,server-1,SVM,5
p12_exp_02_low_lc_seen_18,p12_exp_02_low_lc_seen,low_load,low_load,3,8.0,0.02,server-1,15.0,25.0,1,20.0,1.5,15.0,25.0,0,20.0,1.5,15.0,25.0,0,20.0,1.5,1,server-1,1,server-1,1,server-1,1,server-1,1,server-1,SVM,5
p12_exp_02_low_lc_seen_19,p12_exp_02_low_lc_seen,low_load,low_load,3,8.0,0.02,server-1,15.0,25.0,1,20.0,1.5,15.0,25.0,0,20.0,1.5,15.0,25.0,0,20.0,1.5,1,server-1,1,server-1,1,server-1,1,server-1,1,server-1,SVM,5
p12_exp_02_low_lc_seen_20,p12_exp_02_low_lc_seen,low_load,low_load,3,8.0,0.02,server-1,15.0,25.0,1,20.0,1.5,15.0,25.0,0,20.0,1.5,15.0,25.0,0,20.0,1.5,1,server-1,1,server-1,1,server-1,1,server-1,1,server-1,SVM,5
p12_exp_02_low_lc_seen_21,p12_exp_02_low_lc_seen,low_load,low_load,3,8.0,0.02,server-1,15.0,25.0,1,20.0,1.5,15.0,25.0,0,20.0,1.5,15.0,25.0,0,20.0,1.5,1,server-1,1,server-1,1,server-1,1,server-1,1,server-1,SVM,5
p12_exp_02_low_lc_seen_22,p12_exp_02_low_lc_seen,low_load,low_load,3,8.0,0.02,server-1,15.0,25.0,1,20.0,1.5,15.0,25.0,0,20.0,1.5,15.0,25.0,0,20.0,1.5,1,server-1,1,server-1,1,server-1,1,server-1,1,server-1,SVM,5
p12_exp_02_low_lc_seen_23,p12_exp_02_low_lc_seen,low_load,low_load,3,8.0,0.02,server-1,15.0,25.0,1,20.0,1.5,15.0,25.0,0,20.0,1.5,15.0,25.0,0,20.0,1.5,1,server-1,1,server-1,1,server-1,1,server-1,1,server-1,SVM,5
p12_exp_02_low_lc_seen_24,p12_exp_02_low_lc_seen,low_load,low_load,3,8.0,0.02,server-1,15.0,25.0,1,20.0,1.5,15.0,25.0,0,20.0,1.5,15.0,25.0,0,20.0,1.5,1,server-1,1,server-1,1,server-1,1,server-1,1,server-1,SVM,5
p12_exp_02_low_lc_seen_25,p12_exp_02_low_lc_seen,low_load,low_load,3,8.0,0.02,server-1,15.0,25.0,1,20.0,1.5,15.0,25.0,0,20.0,1.5,15.0,25.0,0,20.0,1.5,1,server-1,1,server-1,1,server-1,1,server-1,1,server-1,SVM,5
p12_exp_02_low_lc_seen_26,p12_exp_02_low_lc_seen,low_load,low_load,3,8.0,0.02,server-1,15.0,25.0,1,20.0,1.5,15.0,25.0,0,20.0,1.5,15.0,25.0,0,20.0,1.5,1,server-1,1,server-1,1,server-1,1,server-1,1,server-1,SVM,5
p12_exp_02_low_lc_seen_27,p12_exp_02_low_lc_seen,low_load,low_load,3,8.0,0.02,server-1,15.0,25.0,1,20.0,1.5,15.0,25.0,0,20.0,1.5,15.0,25.0,0,20.0,1.5,1,server-1,1,server-1,1,server-1,1,server-1,1,server-1,SVM,5
p12_exp_02_low_lc_seen_28,p12_exp_02_low_lc_seen,low_load,low_load,3,8.0,0.02,server-1,15.0,25.0,1,20.0,1.5,15.0,25.0,0,20.0,1.5,15.0,25.0,0,20.0,1.5,1,server-1,1,server-1,1,server-1,1,server-1,1,server-1,SVM,5
p12_exp_02_low_lc_seen_29,p12_exp_02_low_lc_seen,low_load,low_load,3,8.0,0.02,server-1,15.0,25.0,1,20.0,1.5,15.0,25.0,0,20.0,1.5,15.0,25.0,0,20.0,1.5,1,server-1,1,server-1,1,server-1,1,server-1,1,server-1,SVM,5
p12_exp_02_low_lc_seen_30,p12_exp_02_low_lc_seen,low_load,low_load,3,8.0,0.02,server-1,15.0,25.0,1,20.0,1.5,15.0,25.0,0,20.0,1.5,15.0,25.0,0,20.0,1.5,1,server-1,1,server-1,1,server-1,1,server-1,1,server-1,SVM,5
p12_exp_02_low_lc_seen_31,p12_exp_02_low_lc_seen,low_load,low_load,3,8.0,0.02,server-1,15.0,25.0,1,20.0,1.5,15.0,25.0,0,20.0,1.5,15.0,25.0,0,20.0,1.5,1,server-1,1,server-1,1,server-1,1,server-1,1,server-1,SVM,5
p12_exp_02_low_lc_seen_32,p12_exp_02_low_lc_seen,low_load,low_load,3,8.0,0.02,server-1,15.0,25.0,1,20.0,1.5,15.0,25.0,0,20.0,1.5,15.0,25.0,0,20.0,1.5,1,server-1,1,server-1,1,server-1,1,server-1,1,server-1,SVM,5
p12_exp_02_low_lc_seen_33,p12_exp_02_low_lc_seen,low_load,low_load,3,8.0,0.02,server-1,15.0,25.0,1,20.0,1.5,15.0,25.0,0,20.0,1.5,15.0,25.0,0,20.0,1.5,1,server-1,1,server-1,1,server-1,1,server-1,1,server-1,SVM,5
p12_exp_02_low_lc_seen_34,p12_exp_02_low_lc_seen,low_load,low_load,3,8.0,0.02,server-1,15.0,25.0,1,20.0,1.5,15.0,25.0,0,20.0,1.5,15.0,25.0,0,20.0,1.5,1,server-1,1,server-1,1,server-1,1,server-1,1,server-1,SVM,5
p12_exp_02_low_lc_seen_35,p12_exp_02_low_lc_seen,low_load,low_load,3,8.0,0.02,server-1,15.0,25.0,1,20.0,1.5,15.0,25.0,0,20.0,1.5,15.0,25.0,0,20.0,1.5,1,server-1,1,server-1,1,server-1,1,server-1,1,server-1,SVM,5
p12_exp_03_low_iphash_unseen_1,p12_exp_03_low_iphash_unseen,low_load,low_load,1,4.5,0.015,server-1,15.0,25.0,1,20.0,1.5,15.0,25.0,0,20.0,1.5,15.0,25.0,0,20.0,1.5,1,server-1,1,server-1,1,server-1,1,server-1,1,server-1,SVM,5
p12_exp_03_low_iphash_unseen_2,p12_exp_03_low_iphash_unseen,low_load,low_load,1,4.5,0.015,server-1,15.0,25.0,1,20.0,1.5,15.0,25.0,0,20.0,1.5,15.0,25.0,0,20.0,1.5,1,server-1,1,server-1,1,server-1,1,server-1,1,server-1,SVM,5
p12_exp_03_low_iphash_unseen_3,p12_exp_03_low_iphash_unseen,low_load,low_load,1,4.5,0.015,server-1,15.0,25.0,1,20.0,1.5,15.0,25.0,0,20.0,1.5,15.0,25.0,0,20.0,1.5,1,server-1,1,server-1,1,server-1,1,server-1,1,server-1,SVM,5
p12_exp_03_low_iphash_unseen_4,p12_exp_03_low_iphash_unseen,low_load,low_load,1,4.5,0.015,server-1,15.0,25.0,1,20.0,1.5,15.0,25.0,0,20.0,1.5,15.0,25.0,0,20.0,1.5,1,server-1,1,server-1,1,server-1,1,server-1,1,server-1,SVM,5
p12_exp_03_low_iphash_unseen_5,p12_exp_03_low_iphash_unseen,low_load,low_load,1,4.5,0.015,server-1,15.0,25.0,1,20.0,1.5,15.0,25.0,0,20.0,1.5,15.0,25.0,0,20.0,1.5,1,server-1,1,server-1,1,server-1,1,server-1,1,server-1,SVM,5
p12_exp_03_low_iphash_unseen_6,p12_exp_03_low_iphash_unseen,low_load,low_load,1,4.5,0.015,server-1,15.0,25.0,1,20.0,1.5,15.0,25.0,0,20.0,1.5,15.0,25.0,0,20.0,1.5,1,server-1,1,server-1,1,server-1,1,server-1,1,server-1,SVM,5
p12_exp_03_low_iphash_unseen_7,p12_exp_03_low_iphash_unseen,low_load,low_load,1,4.5,0.015,server-1,15.0,25.0,1,20.0,1.5,15.0,25.0,0,20.0,1.5,15.0,25.0,0,20.0,1.5,1,server-1,1,server-1,1,server-1,1,server-1,1,server-1,SVM,5
p12_exp_03_low_iphash_unseen_8,p12_exp_03_low_iphash_unseen,low_load,low_load,1,4.5,0.015,server-1,15.0,25.0,1,20.0,1.5,15.0,25.0,0,20.0,1.5,15.0,25.0,0,20.0,1.5,1,server-1,1,server-1,1,server-1,1,server-1,1,server-1,SVM,5
p12_exp_03_low_iphash_unseen_9,p12_exp_03_low_iphash_unseen,low_load,low_load,1,4.5,0.015,server-1,15.0,25.0,1,20.0,1.5,15.0,25.0,0,20.0,1.5,15.0,25.0,0,20.0,1.5,1,server-1,1,server-1,1,server-1,1,server-1,1,server-1,SVM,5
p12_exp_03_low_iphash_unseen_10,p12_exp_03_low_iphash_unseen,low_load,low_load,1,4.5,0.015,server-1,15.0,25.0,1,20.0,1.5,15.0,25.0,0,20.0,1.5,15.0,25.0,0,20.0,1.5,1,server-1,1,server-1,1,server-1,1,server-1,1,server-1,SVM,5
p12_exp_03_low_iphash_unseen_11,p12_exp_03_low_iphash_unseen,low_load,low_load,1,4.5,0.015,server-1,15.0,25.0,1,20.0,1.5,15.0,25.0,0,20.0,1.5,15.0,25.0,0,20.0,1.5,1,server-1,1,server-1,1,server-1,1,server-1,1,server-1,SVM,5
p12_exp_03_low_iphash_unseen_12,p12_exp_03_low_iphash_unseen,low_load,low_load,1,4.5,0.015,server-1,15.0,25.0,1,20.0,1.5,15.0,25.0,0,20.0,1.5,15.0,25.0,0,20.0,1.5,1,server-1,1,server-1,1,server-1,1,server-1,1,server-1,SVM,5
p12_exp_03_low_iphash_unseen_13,p12_exp_03_low_iphash_unseen,low_load,low_load,1,4.5,0.015,server-1,15.0,25.0,1,20.0,1.5,15.0,25.0,0,20.0,1.5,15.0,25.0,0,20.0,1.5,1,server-1,1,server-1,1,server-1,1,server-1,1,server-1,SVM,5
p12_exp_03_low_iphash_unseen_14,p12_exp_03_low_iphash_unseen,low_load,low_load,1,4.5,0.015,server-1,15.0,25.0,1,20.0,1.5,15.0,25.0,0,20.0,1.5,15.0,25.0,0,20.0,1.5,1,server-1,1,server-1,1,server-1,1,server-1,1,server-1,SVM,5
p12_exp_03_low_iphash_unseen_15,p12_exp_03_low_iphash_unseen,low_load,low_load,1,4.5,0.015,server-1,15.0,25.0,1,20.0,1.5,15.0,25.0,0,20.0,1.5,15.0,25.0,0,20.0,1.5,1,server-1,1,server-1,1,server-1,1,server-1,1,server-1,SVM,5
p12_exp_03_low_iphash_unseen_16,p12_exp_03_low_iphash_unseen,low_load,low_load,1,4.5,0.015,server-1,15.0,25.0,1,20.0,1.5,15.0,25.0,0,20.0,1.5,15.0,25.0,0,20.0,1.5,1,server-1,1,server-1,1,server-1,1,server-1,1,server-1,SVM,5
p12_exp_03_low_iphash_unseen_17,p12_exp_03_low_iphash_unseen,low_load,low_load,1,4.5,0.015,server-1,15.0,25.0,1,20.0,1.5,15.0,25.0,0,20.0,1.5,15.0,25.0,0,20.0,1.5,1,server-1,1,server-1,1,server-1,1,server-1,1,server-1,SVM,5
p12_exp_03_low_iphash_unseen_18,p12_exp_03_low_iphash_unseen,low_load,low_load,1,4.5,0.015,server-1,15.0,25.0,1,20.0,1.5,15.0,25.0,0,20.0,1.5,15.0,25.0,0,20.0,1.5,1,server-1,1,server-1,1,server-1,1,server-1,1,server-1,SVM,5
p12_exp_03_low_iphash_unseen_19,p12_exp_03_low_iphash_unseen,low_load,low_load,1,4.5,0.015,server-1,15.0,25.0,1,20.0,1.5,15.0,25.0,0,20.0,1.5,15.0,25.0,0,20.0,1.5,1,server-1,1,server-1,1,server-1,1,server-1,1,server-1,SVM,5
p12_exp_03_low_iphash_unseen_20,p12_exp_03_low_iphash_unseen,low_load,low_load,1,4.5,0.015,server-1,15.0,25.0,1,20.0,1.5,15.0,25.0,0,20.0,1.5,15.0,25.0,0,20.0,1.5,1,server-1,1,server-1,1,server-1,1,server-1,1,server-1,SVM,5
p12_exp_03_low_iphash_unseen_21,p12_exp_03_low_iphash_unseen,low_load,low_load,1,4.5,0.015,server-1,15.0,25.0,1,20.0,1.5,15.0,25.0,0,20.0,1.5,15.0,25.0,0,20.0,1.5,1,server-1,1,server-1,1,server-1,1,server-1,1,server-1,SVM,5
p12_exp_03_low_iphash_unseen_22,p12_exp_03_low_iphash_unseen,low_load,low_load,1,4.5,0.015,server-1,15.0,25.0,1,20.0,1.5,15.0,25.0,0,20.0,1.5,15.0,25.0,0,20.0,1.5,1,server-1,1,server-1,1,server-1,1,server-1,1,server-1,SVM,5
p12_exp_03_low_iphash_unseen_23,p12_exp_03_low_iphash_unseen,low_load,low_load,1,4.5,0.015,server-1,15.0,25.0,1,20.0,1.5,15.0,25.0,0,20.0,1.5,15.0,25.0,0,20.0,1.5,1,server-1,1,server-1,1,server-1,1,server-1,1,server-1,SVM,5
p12_exp_03_low_iphash_unseen_24,p12_exp_03_low_iphash_unseen,low_load,low_load,1,4.5,0.015,server-1,15.0,25.0,1,20.0,1.5,15.0,25.0,0,20.0,1.5,15.0,25.0,0,20.0,1.5,1,server-1,1,server-1,1,server-1,1,server-1,1,server-1,SVM,5
p12_exp_03_low_iphash_unseen_25,p12_exp_03_low_iphash_unseen,low_load,low_load,1,4.5,0.015,server-1,15.0,25.0,1,20.0,1.5,15.0,25.0,0,20.0,1.5,15.0,25.0,0,20.0,1.5,1,server-1,1,server-1,1,server-1,1,server-1,1,server-1,SVM,5
p12_exp_03_low_iphash_unseen_26,p12_exp_03_low_iphash_unseen,low_load,low_load,1,4.5,0.015,server-1,15.0,25.0,1,20.0,1.5,15.0,25.0,0,20.0,1.5,15.0,25.0,0,20.0,1.5,1,server-1,1,server-1,1,server-1,1,server-1,1,server-1,SVM,5
p12_exp_03_low_iphash_unseen_27,p12_exp_03_low_iphash_unseen,low_load,low_load,1,4.5,0.015,server-1,15.0,25.0,1,20.0,1.5,15.0,25.0,0,20.0,1.5,15.0,25.0,0,20.0,1.5,1,server-1,1,server-1,1,server-1,1,server-1,1,server-1,SVM,5
p12_exp_03_low_iphash_unseen_28,p12_exp_03_low_iphash_unseen,low_load,low_load,1,4.5,0.015,server-1,15.0,25.0,1,20.0,1.5,15.0,25.0,0,20.0,1.5,15.0,25.0,0,20.0,1.5,1,server-1,1,server-1,1,server-1,1,server-1,1,server-1,SVM,5
p12_exp_03_low_iphash_unseen_29,p12_exp_03_low_iphash_unseen,low_load,low_load,1,4.5,0.015,server-1,15.0,25.0,1,20.0,1.5,15.0,25.0,0,20.0,1.5,15.0,25.0,0,20.0,1.5,1,server-1,1,server-1,1,server-1,1,server-1,1,server-1,SVM,5
p12_exp_03_low_iphash_unseen_30,p12_exp_03_low_iphash_unseen,low_load,low_load,1,4.5,0.015,server-1,15.0,25.0,1,20.0,1.5,15.0,25.0,0,20.0,1.5,15.0,25.0,0,20.0,1.5,1,server-1,1,server-1,1,server-1,1,server-1,1,server-1,SVM,5
p12_exp_03_low_iphash_unseen_31,p12_exp_03_low_iphash_unseen,low_load,low_load,1,4.5,0.015,server-1,15.0,25.0,1,20.0,1.5,15.0,25.0,0,20.0,1.5,15.0,25.0,0,20.0,1.5,1,server-1,1,server-1,1,server-1,1,server-1,1,server-1,SVM,5
p12_exp_03_low_iphash_unseen_32,p12_exp_03_low_iphash_unseen,low_load,low_load,1,4.5,0.015,server-1,15.0,25.0,1,20.0,1.5,15.0,25.0,0,20.0,1.5,15.0,25.0,0,20.0,1.5,1,server-1,1,server-1,1,server-1,1,server-1,1,server-1,SVM,5
p12_exp_03_low_iphash_unseen_33,p12_exp_03_low_iphash_unseen,low_load,low_load,1,4.5,0.015,server-1,15.0,25.0,1,20.0,1.5,15.0,25.0,0,20.0,1.5,15.0,25.0,0,20.0,1.5,1,server-1,1,server-1,1,server-1,1,server-1,1,server-1,SVM,5
p12_exp_03_low_iphash_unseen_34,p12_exp_03_low_iphash_unseen,low_load,low_load,1,4.5,0.015,server-1,15.0,25.0,1,20.0,1.5,15.0,25.0,0,20.0,1.5,15.0,25.0,0,20.0,1.5,1,server-1,1,server-1,1,server-1,1,server-1,1,server-1,SVM,5
p12_exp_03_low_iphash_unseen_35,p12_exp_03_low_iphash_unseen,low_load,low_load,1,4.5,0.015,server-1,15.0,25.0,1,20.0,1.5,15.0,25.0,0,20.0,1.5,15.0,25.0,0,20.0,1.5,1,server-1,1,server-1,1,server-1,1,server-1,1,server-1,SVM,5
p12_exp_04_low_ml_unseen_1,p12_exp_04_low_ml_unseen,low_load,low_load,4,7.5,0.025,server-3,15.0,25.0,0,20.0,1.5,15.0,25.0,0,20.0,1.5,15.0,25.0,1,20.0,1.5,1,server-3,1,server-3,1,server-3,1,server-3,1,server-3,SVM,5
p12_exp_04_low_ml_unseen_2,p12_exp_04_low_ml_unseen,low_load,low_load,4,7.5,0.025,server-3,15.0,25.0,0,20.0,1.5,15.0,25.0,0,20.0,1.5,15.0,25.0,1,20.0,1.5,1,server-3,1,server-3,1,server-3,1,server-3,1,server-3,SVM,5
p12_exp_04_low_ml_unseen_3,p12_exp_04_low_ml_unseen,low_load,low_load,4,7.5,0.025,server-3,15.0,25.0,0,20.0,1.5,15.0,25.0,0,20.0,1.5,15.0,25.0,1,20.0,1.5,1,server-3,1,server-3,1,server-3,1,server-3,1,server-3,SVM,5
p12_exp_04_low_ml_unseen_4,p12_exp_04_low_ml_unseen,low_load,low_load,4,7.5,0.025,server-3,15.0,25.0,0,20.0,1.5,15.0,25.0,0,20.0,1.5,15.0,25.0,1,20.0,1.5,1,server-3,1,server-3,1,server-3,1,server-3,1,server-3,SVM,5
p12_exp_04_low_ml_unseen_5,p12_exp_04_low_ml_unseen,low_load,low_load,4,7.5,0.025,server-3,15.0,25.0,0,20.0,1.5,15.0,25.0,0,20.0,1.5,15.0,25.0,1,20.0,1.5,1,server-3,1,server-3,1,server-3,1,server-3,1,server-3,SVM,5
p12_exp_04_low_ml_unseen_6,p12_exp_04_low_ml_unseen,low_load,low_load,4,7.5,0.025,server-3,15.0,25.0,0,20.0,1.5,15.0,25.0,0,20.0,1.5,15.0,25.0,1,20.0,1.5,1,server-3,1,server-3,1,server-3,1,server-3,1,server-3,SVM,5
p12_exp_04_low_ml_unseen_7,p12_exp_04_low_ml_unseen,low_load,low_load,4,7.5,0.025,server-3,15.0,25.0,0,20.0,1.5,15.0,25.0,0,20.0,1.5,15.0,25.0,1,20.0,1.5,1,server-3,1,server-3,1,server-3,1,server-3,1,server-3,SVM,5
p12_exp_04_low_ml_unseen_8,p12_exp_04_low_ml_unseen,low_load,low_load,4,7.5,0.025,server-3,15.0,25.0,0,20.0,1.5,15.0,25.0,0,20.0,1.5,15.0,25.0,1,20.0,1.5,1,server-3,1,server-3,1,server-3,1,server-3,1,server-3,SVM,5
p12_exp_04_low_ml_unseen_9,p12_exp_04_low_ml_unseen,low_load,low_load,4,7.5,0.025,server-3,15.0,25.0,0,20.0,1.5,15.0,25.0,0,20.0,1.5,15.0,25.0,1,20.0,1.5,1,server-3,1,server-3,1,server-3,1,server-3,1,server-3,SVM,5
p12_exp_04_low_ml_unseen_10,p12_exp_04_low_ml_unseen,low_load,low_load,4,7.5,0.025,server-3,15.0,25.0,0,20.0,1.5,15.0,25.0,0,20.0,1.5,15.0,25.0,1,20.0,1.5,1,server-3,1,server-3,1,server-3,1,server-3,1,server-3,SVM,5
p12_exp_04_low_ml_unseen_11,p12_exp_04_low_ml_unseen,low_load,low_load,4,7.5,0.025,server-3,15.0,25.0,0,20.0,1.5,15.0,25.0,0,20.0,1.5,15.0,25.0,1,20.0,1.5,1,server-3,1,server-3,1,server-3,1,server-3,1,server-3,SVM,5
p12_exp_04_low_ml_unseen_12,p12_exp_04_low_ml_unseen,low_load,low_load,4,7.5,0.025,server-3,15.0,25.0,0,20.0,1.5,15.0,25.0,0,20.0,1.5,15.0,25.0,1,20.0,1.5,1,server-3,1,server-3,1,server-3,1,server-3,1,server-3,SVM,5
p12_exp_04_low_ml_unseen_13,p12_exp_04_low_ml_unseen,low_load,low_load,4,7.5,0.025,server-3,15.0,25.0,0,20.0,1.5,15.0,25.0,0,20.0,1.5,15.0,25.0,1,20.0,1.5,1,server-3,1,server-3,1,server-3,1,server-3,1,server-3,SVM,5
p12_exp_04_low_ml_unseen_14,p12_exp_04_low_ml_unseen,low_load,low_load,4,7.5,0.025,server-3,15.0,25.0,0,20.0,1.5,15.0,25.0,0,20.0,1.5,15.0,25.0,1,20.0,1.5,1,server-3,1,server-3,1,server-3,1,server-3,1,server-3,SVM,5
p12_exp_04_low_ml_unseen_15,p12_exp_04_low_ml_unseen,low_load,low_load,4,7.5,0.025,server-3,15.0,25.0,0,20.0,1.5,15.0,25.0,0,20.0,1.5,15.0,25.0,1,20.0,1.5,1,server-3,1,server-3,1,server-3,1,server-3,1,server-3,SVM,5
p12_exp_04_low_ml_unseen_16,p12_exp_04_low_ml_unseen,low_load,low_load,4,7.5,0.025,server-3,15.0,25.0,0,20.0,1.5,15.0,25.0,0,20.0,1.5,15.0,25.0,1,20.0,1.5,1,server-3,1,server-3,1,server-3,1,server-3,1,server-3,SVM,5
p12_exp_04_low_ml_unseen_17,p12_exp_04_low_ml_unseen,low_load,low_load,4,7.5,0.025,server-3,15.0,25.0,0,20.0,1.5,15.0,25.0,0,20.0,1.5,15.0,25.0,1,20.0,1.5,1,server-3,1,server-3,1,server-3,1,server-3,1,server-3,SVM,5
p12_exp_04_low_ml_unseen_18,p12_exp_04_low_ml_unseen,low_load,low_load,4,7.5,0.025,server-3,15.0,25.0,0,20.0,1.5,15.0,25.0,0,20.0,1.5,15.0,25.0,1,20.0,1.5,1,server-3,1,server-3,1,server-3,1,server-3,1,server-3,SVM,5
p12_exp_04_low_ml_unseen_19,p12_exp_04_low_ml_unseen,low_load,low_load,4,7.5,0.025,server-3,15.0,25.0,0,20.0,1.5,15.0,25.0,0,20.0,1.5,15.0,25.0,1,20.0,1.5,1,server-3,1,server-3,1,server-3,1,server-3,1,server-3,SVM,5
p12_exp_04_low_ml_unseen_20,p12_exp_04_low_ml_unseen,low_load,low_load,4,7.5,0.025,server-3,15.0,25.0,0,20.0,1.5,15.0,25.0,0,20.0,1.5,15.0,25.0,1,20.0,1.5,1,server-3,1,server-3,1,server-3,1,server-3,1,server-3,SVM,5
p12_exp_04_low_ml_unseen_21,p12_exp_04_low_ml_unseen,low_load,low_load,4,7.5,0.025,server-3,15.0,25.0,0,20.0,1.5,15.0,25.0,0,20.0,1.5,15.0,25.0,1,20.0,1.5,1,server-3,1,server-3,1,server-3,1,server-3,1,server-3,SVM,5
p12_exp_04_low_ml_unseen_22,p12_exp_04_low_ml_unseen,low_load,low_load,4,7.5,0.025,server-3,15.0,25.0,0,20.0,1.5,15.0,25.0,0,20.0,1.5,15.0,25.0,1,20.0,1.5,1,server-3,1,server-3,1,server-3,1,server-3,1,server-3,SVM,5
p12_exp_04_low_ml_unseen_23,p12_exp_04_low_ml_unseen,low_load,low_load,4,7.5,0.025,server-3,15.0,25.0,0,20.0,1.5,15.0,25.0,0,20.0,1.5,15.0,25.0,1,20.0,1.5,1,server-3,1,server-3,1,server-3,1,server-3,1,server-3,SVM,5
p12_exp_04_low_ml_unseen_24,p12_exp_04_low_ml_unseen,low_load,low_load,4,7.5,0.025,server-3,15.0,25.0,0,20.0,1.5,15.0,25.0,0,20.0,1.5,15.0,25.0,1,20.0,1.5,1,server-3,1,server-3,1,server-3,1,server-3,1,server-3,SVM,5
p12_exp_04_low_ml_unseen_25,p12_exp_04_low_ml_unseen,low_load,low_load,4,7.5,0.025,server-3,15.0,25.0,0,20.0,1.5,15.0,25.0,0,20.0,1.5,15.0,25.0,1,20.0,1.5,1,server-3,1,server-3,1,server-3,1,server-3,1,server-3,SVM,5
p12_exp_04_low_ml_unseen_26,p12_exp_04_low_ml_unseen,low_load,low_load,4,7.5,0.025,server-3,15.0,25.0,0,20.0,1.5,15.0,25.0,0,20.0,1.5,15.0,25.0,1,20.0,1.5,1,server-3,1,server-3,1,server-3,1,server-3,1,server-3,SVM,5
p12_exp_04_low_ml_unseen_27,p12_exp_04_low_ml_unseen,low_load,low_load,4,7.5,0.025,server-3,15.0,25.0,0,20.0,1.5,15.0,25.0,0,20.0,1.5,15.0,25.0,1,20.0,1.5,1,server-3,1,server-3,1,server-3,1,server-3,1,server-3,SVM,5
p12_exp_04_low_ml_unseen_28,p12_exp_04_low_ml_unseen,low_load,low_load,4,7.5,0.025,server-3,15.0,25.0,0,20.0,1.5,15.0,25.0,0,20.0,1.5,15.0,25.0,1,20.0,1.5,1,server-3,1,server-3,1,server-3,1,server-3,1,server-3,SVM,5
p12_exp_04_low_ml_unseen_29,p12_exp_04_low_ml_unseen,low_load,low_load,4,7.5,0.025,server-3,15.0,25.0,0,20.0,1.5,15.0,25.0,0,20.0,1.5,15.0,25.0,1,20.0,1.5,1,server-3,1,server-3,1,server-3,1,server-3,1,server-3,SVM,5
p12_exp_04_low_ml_unseen_30,p12_exp_04_low_ml_unseen,low_load,low_load,4,7.5,0.025,server-3,15.0,25.0,0,20.0,1.5,15.0,25.0,0,20.0,1.5,15.0,25.0,1,20.0,1.5,1,server-3,1,server-3,1,server-3,1,server-3,1,server-3,SVM,5
p12_exp_04_low_ml_unseen_31,p12_exp_04_low_ml_unseen,low_load,low_load,4,7.5,0.025,server-3,15.0,25.0,0,20.0,1.5,15.0,25.0,0,20.0,1.5,15.0,25.0,1,20.0,1.5,1,server-3,1,server-3,1,server-3,1,server-3,1,server-3,SVM,5
p12_exp_04_low_ml_unseen_32,p12_exp_04_low_ml_unseen,low_load,low_load,4,7.5,0.025,server-3,15.0,25.0,0,20.0,1.5,15.0,25.0,0,20.0,1.5,15.0,25.0,1,20.0,1.5,1,server-3,1,server-3,1,server-3,1,server-3,1,server-3,SVM,5
p12_exp_04_low_ml_unseen_33,p12_exp_04_low_ml_unseen,low_load,low_load,4,7.5,0.025,server-3,15.0,25.0,0,20.0,1.5,15.0,25.0,0,20.0,1.5,15.0,25.0,1,20.0,1.5,1,server-3,1,server-3,1,server-3,1,server-3,1,server-3,SVM,5
p12_exp_04_low_ml_unseen_34,p12_exp_04_low_ml_unseen,low_load,low_load,4,7.5,0.025,server-3,15.0,25.0,0,20.0,1.5,15.0,25.0,0,20.0,1.5,15.0,25.0,1,20.0,1.5,1,server-3,1,server-3,1,server-3,1,server-3,1,server-3,SVM,5
p12_exp_04_low_ml_unseen_35,p12_exp_04_low_ml_unseen,low_load,low_load,4,7.5,0.025,server-3,15.0,25.0,0,20.0,1.5,15.0,25.0,0,20.0,1.5,15.0,25.0,1,20.0,1.5,1,server-3,1,server-3,1,server-3,1,server-3,1,server-3,SVM,5
p12_exp_05_med_rr_seen_1,p12_exp_05_med_rr_seen,medium_load,medium_load,5,15.0,0.03,server-2,15.0,25.0,0,20.0,1.5,15.0,25.0,1,20.0,1.5,15.0,25.0,0,20.0,1.5,1,server-2,1,server-2,1,server-2,1,server-2,1,server-2,SVM,5
p12_exp_05_med_rr_seen_2,p12_exp_05_med_rr_seen,medium_load,medium_load,5,15.0,0.03,server-3,15.0,25.0,0,20.0,1.5,15.0,25.0,0,20.0,1.5,15.0,25.0,1,20.0,1.5,1,server-3,1,server-3,1,server-3,1,server-3,1,server-3,SVM,5
p12_exp_05_med_rr_seen_3,p12_exp_05_med_rr_seen,medium_load,medium_load,5,15.0,0.03,server-1,15.0,25.0,1,20.0,1.5,15.0,25.0,0,20.0,1.5,15.0,25.0,0,20.0,1.5,1,server-1,1,server-1,1,server-1,1,server-1,1,server-1,SVM,5
p12_exp_05_med_rr_seen_4,p12_exp_05_med_rr_seen,medium_load,medium_load,5,15.0,0.03,server-2,15.0,25.0,0,20.0,1.5,15.0,25.0,1,20.0,1.5,15.0,25.0,0,20.0,1.5,1,server-2,1,server-2,1,server-2,1,server-2,1,server-2,SVM,5
p12_exp_05_med_rr_seen_5,p12_exp_05_med_rr_seen,medium_load,medium_load,5,15.0,0.03,server-3,15.0,25.0,0,20.0,1.5,15.0,25.0,0,20.0,1.5,15.0,25.0,1,20.0,1.5,1,server-3,1,server-3,1,server-3,1,server-3,1,server-3,SVM,5
p12_exp_05_med_rr_seen_6,p12_exp_05_med_rr_seen,medium_load,medium_load,5,15.0,0.03,server-1,15.0,25.0,1,20.0,1.5,15.0,25.0,0,20.0,1.5,15.0,25.0,0,20.0,1.5,1,server-1,1,server-1,1,server-1,1,server-1,1,server-1,SVM,5
p12_exp_05_med_rr_seen_7,p12_exp_05_med_rr_seen,medium_load,medium_load,5,15.0,0.03,server-2,15.0,25.0,0,20.0,1.5,15.0,25.0,1,20.0,1.5,15.0,25.0,0,20.0,1.5,1,server-2,1,server-2,1,server-2,1,server-2,1,server-2,SVM,5
p12_exp_05_med_rr_seen_8,p12_exp_05_med_rr_seen,medium_load,medium_load,5,15.0,0.03,server-3,15.0,25.0,0,20.0,1.5,15.0,25.0,0,20.0,1.5,15.0,25.0,1,20.0,1.5,1,server-3,1,server-3,1,server-3,1,server-3,1,server-3,SVM,5
p12_exp_05_med_rr_seen_9,p12_exp_05_med_rr_seen,medium_load,medium_load,5,15.0,0.03,server-1,15.0,25.0,1,20.0,1.5,15.0,25.0,0,20.0,1.5,15.0,25.0,0,20.0,1.5,1,server-1,1,server-1,1,server-1,1,server-1,1,server-1,SVM,5
p12_exp_05_med_rr_seen_10,p12_exp_05_med_rr_seen,medium_load,medium_load,5,15.0,0.03,server-2,15.0,25.0,0,20.0,1.5,15.0,25.0,1,20.0,1.5,15.0,25.0,0,20.0,1.5,1,server-2,1,server-2,1,server-2,1,server-2,1,server-2,SVM,5
p12_exp_05_med_rr_seen_11,p12_exp_05_med_rr_seen,medium_load,medium_load,5,15.0,0.03,server-3,15.0,25.0,0,20.0,1.5,15.0,25.0,0,20.0,1.5,15.0,25.0,1,20.0,1.5,1,server-3,1,server-3,1,server-3,1,server-3,1,server-3,SVM,5
p12_exp_05_med_rr_seen_12,p12_exp_05_med_rr_seen,medium_load,medium_load,5,15.0,0.03,server-1,15.0,25.0,1,20.0,1.5,15.0,25.0,0,20.0,1.5,15.0,25.0,0,20.0,1.5,1,server-1,1,server-1,1,server-1,1,server-1,1,server-1,SVM,5
p12_exp_05_med_rr_seen_13,p12_exp_05_med_rr_seen,medium_load,medium_load,5,15.0,0.03,server-2,15.0,25.0,0,20.0,1.5,15.0,25.0,1,20.0,1.5,15.0,25.0,0,20.0,1.5,1,server-2,1,server-2,1,server-2,1,server-2,1,server-2,SVM,5
p12_exp_05_med_rr_seen_14,p12_exp_05_med_rr_seen,medium_load,medium_load,5,15.0,0.03,server-3,15.0,25.0,0,20.0,1.5,15.0,25.0,0,20.0,1.5,15.0,25.0,1,20.0,1.5,1,server-3,1,server-3,1,server-3,1,server-3,1,server-3,SVM,5
p12_exp_05_med_rr_seen_15,p12_exp_05_med_rr_seen,medium_load,medium_load,5,15.0,0.03,server-1,15.0,25.0,1,20.0,1.5,15.0,25.0,0,20.0,1.5,15.0,25.0,0,20.0,1.5,1,server-1,1,server-1,1,server-1,1,server-1,1,server-1,SVM,5
p12_exp_05_med_rr_seen_16,p12_exp_05_med_rr_seen,medium_load,medium_load,5,15.0,0.03,server-2,15.0,25.0,0,20.0,1.5,15.0,25.0,1,20.0,1.5,15.0,25.0,0,20.0,1.5,1,server-2,1,server-2,1,server-2,1,server-2,1,server-2,SVM,5
p12_exp_05_med_rr_seen_17,p12_exp_05_med_rr_seen,medium_load,medium_load,5,15.0,0.03,server-3,15.0,25.0,0,20.0,1.5,15.0,25.0,0,20.0,1.5,15.0,25.0,1,20.0,1.5,1,server-3,1,server-3,1,server-3,1,server-3,1,server-3,SVM,5
p12_exp_05_med_rr_seen_18,p12_exp_05_med_rr_seen,medium_load,medium_load,5,15.0,0.03,server-1,15.0,25.0,1,20.0,1.5,15.0,25.0,0,20.0,1.5,15.0,25.0,0,20.0,1.5,1,server-1,1,server-1,1,server-1,1,server-1,1,server-1,SVM,5
p12_exp_05_med_rr_seen_19,p12_exp_05_med_rr_seen,medium_load,medium_load,5,15.0,0.03,server-2,15.0,25.0,0,20.0,1.5,15.0,25.0,1,20.0,1.5,15.0,25.0,0,20.0,1.5,1,server-2,1,server-2,1,server-2,1,server-2,1,server-2,SVM,5
p12_exp_05_med_rr_seen_20,p12_exp_05_med_rr_seen,medium_load,medium_load,5,15.0,0.03,server-3,15.0,25.0,0,20.0,1.5,15.0,25.0,0,20.0,1.5,15.0,25.0,1,20.0,1.5,1,server-3,1,server-3,1,server-3,1,server-3,1,server-3,SVM,5
p12_exp_05_med_rr_seen_21,p12_exp_05_med_rr_seen,medium_load,medium_load,5,15.0,0.03,server-1,15.0,25.0,1,20.0,1.5,15.0,25.0,0,20.0,1.5,15.0,25.0,0,20.0,1.5,1,server-1,1,server-1,1,server-1,1,server-1,1,server-1,SVM,5
p12_exp_05_med_rr_seen_22,p12_exp_05_med_rr_seen,medium_load,medium_load,5,15.0,0.03,server-2,15.0,25.0,0,20.0,1.5,15.0,25.0,1,20.0,1.5,15.0,25.0,0,20.0,1.5,1,server-2,1,server-2,1,server-2,1,server-2,1,server-2,SVM,5
p12_exp_05_med_rr_seen_23,p12_exp_05_med_rr_seen,medium_load,medium_load,5,15.0,0.03,server-3,15.0,25.0,0,20.0,1.5,15.0,25.0,0,20.0,1.5,15.0,25.0,1,20.0,1.5,1,server-3,1,server-3,1,server-3,1,server-3,1,server-3,SVM,5
p12_exp_05_med_rr_seen_24,p12_exp_05_med_rr_seen,medium_load,medium_load,5,15.0,0.03,server-1,15.0,25.0,1,20.0,1.5,15.0,25.0,0,20.0,1.5,15.0,25.0,0,20.0,1.5,1,server-1,1,server-1,1,server-1,1,server-1,1,server-1,SVM,5
p12_exp_05_med_rr_seen_25,p12_exp_05_med_rr_seen,medium_load,medium_load,5,15.0,0.03,server-2,15.0,25.0,0,20.0,1.5,15.0,25.0,1,20.0,1.5,15.0,25.0,0,20.0,1.5,1,server-2,1,server-2,1,server-2,1,server-2,1,server-2,SVM,5
p12_exp_05_med_rr_seen_26,p12_exp_05_med_rr_seen,medium_load,medium_load,5,15.0,0.03,server-3,15.0,25.0,0,20.0,1.5,15.0,25.0,0,20.0,1.5,15.0,25.0,1,20.0,1.5,1,server-3,1,server-3,1,server-3,1,server-3,1,server-3,SVM,5
p12_exp_05_med_rr_seen_27,p12_exp_05_med_rr_seen,medium_load,medium_load,5,15.0,0.03,server-1,15.0,25.0,1,20.0,1.5,15.0,25.0,0,20.0,1.5,15.0,25.0,0,20.0,1.5,1,server-1,1,server-1,1,server-1,1,server-1,1,server-1,SVM,5
p12_exp_05_med_rr_seen_28,p12_exp_05_med_rr_seen,medium_load,medium_load,5,15.0,0.03,server-2,15.0,25.0,0,20.0,1.5,15.0,25.0,1,20.0,1.5,15.0,25.0,0,20.0,1.5,1,server-2,1,server-2,1,server-2,1,server-2,1,server-2,SVM,5
p12_exp_05_med_rr_seen_29,p12_exp_05_med_rr_seen,medium_load,medium_load,5,15.0,0.03,server-3,15.0,25.0,0,20.0,1.5,15.0,25.0,0,20.0,1.5,15.0,25.0,1,20.0,1.5,1,server-3,1,server-3,1,server-3,1,server-3,1,server-3,SVM,5
p12_exp_05_med_rr_seen_30,p12_exp_05_med_rr_seen,medium_load,medium_load,5,15.0,0.03,server-1,15.0,25.0,1,20.0,1.5,15.0,25.0,0,20.0,1.5,15.0,25.0,0,20.0,1.5,1,server-1,1,server-1,1,server-1,1,server-1,1,server-1,SVM,5
p12_exp_05_med_rr_seen_31,p12_exp_05_med_rr_seen,medium_load,medium_load,5,15.0,0.03,server-2,15.0,25.0,0,20.0,1.5,15.0,25.0,1,20.0,1.5,15.0,25.0,0,20.0,1.5,1,server-2,1,server-2,1,server-2,1,server-2,1,server-2,SVM,5
p12_exp_05_med_rr_seen_32,p12_exp_05_med_rr_seen,medium_load,medium_load,5,15.0,0.03,server-3,15.0,25.0,0,20.0,1.5,15.0,25.0,0,20.0,1.5,15.0,25.0,1,20.0,1.5,1,server-3,1,server-3,1,server-3,1,server-3,1,server-3,SVM,5
p12_exp_05_med_rr_seen_33,p12_exp_05_med_rr_seen,medium_load,medium_load,5,15.0,0.03,server-1,15.0,25.0,1,20.0,1.5,15.0,25.0,0,20.0,1.5,15.0,25.0,0,20.0,1.5,1,server-1,1,server-1,1,server-1,1,server-1,1,server-1,SVM,5
p12_exp_05_med_rr_seen_34,p12_exp_05_med_rr_seen,medium_load,medium_load,5,15.0,0.03,server-2,15.0,25.0,0,20.0,1.5,15.0,25.0,1,20.0,1.5,15.0,25.0,0,20.0,1.5,1,server-2,1,server-2,1,server-2,1,server-2,1,server-2,SVM,5
p12_exp_05_med_rr_seen_35,p12_exp_05_med_rr_seen,medium_load,medium_load,5,15.0,0.03,server-3,15.0,25.0,0,20.0,1.5,15.0,25.0,0,20.0,1.5,15.0,25.0,1,20.0,1.5,1,server-3,1,server-3,1,server-3,1,server-3,1,server-3,SVM,5
p12_exp_05_med_rr_seen_36,p12_exp_05_med_rr_seen,medium_load,medium_load,5,15.0,0.03,server-1,15.0,25.0,1,20.0,1.5,15.0,25.0,0,20.0,1.5,15.0,25.0,0,20.0,1.5,1,server-1,1,server-1,1,server-1,1,server-1,1,server-1,SVM,5
p12_exp_05_med_rr_seen_37,p12_exp_05_med_rr_seen,medium_load,medium_load,5,15.0,0.03,server-2,15.0,25.0,0,20.0,1.5,15.0,25.0,1,20.0,1.5,15.0,25.0,0,20.0,1.5,1,server-2,1,server-2,1,server-2,1,server-2,1,server-2,SVM,5
p12_exp_05_med_rr_seen_38,p12_exp_05_med_rr_seen,medium_load,medium_load,5,15.0,0.03,server-3,15.0,25.0,0,20.0,1.5,15.0,25.0,0,20.0,1.5,15.0,25.0,1,20.0,1.5,1,server-3,1,server-3,1,server-3,1,server-3,1,server-3,SVM,5
p12_exp_05_med_rr_seen_39,p12_exp_05_med_rr_seen,medium_load,medium_load,5,15.0,0.03,server-1,15.0,25.0,1,20.0,1.5,15.0,25.0,0,20.0,1.5,15.0,25.0,0,20.0,1.5,1,server-1,1,server-1,1,server-1,1,server-1,1,server-1,SVM,5
p12_exp_05_med_rr_seen_40,p12_exp_05_med_rr_seen,medium_load,medium_load,5,15.0,0.03,server-2,15.0,25.0,0,20.0,1.5,15.0,25.0,1,20.0,1.5,15.0,25.0,0,20.0,1.5,1,server-2,1,server-2,1,server-2,1,server-2,1,server-2,SVM,5
p12_exp_06_med_lc_seen_1,p12_exp_06_med_lc_seen,medium_load,medium_load,6,14.0,0.03,server-1,15.0,25.0,1,20.0,1.5,15.0,25.0,0,20.0,1.5,15.0,25.0,0,20.0,1.5,1,server-1,1,server-1,1,server-1,1,server-1,1,server-1,SVM,5
p12_exp_06_med_lc_seen_2,p12_exp_06_med_lc_seen,medium_load,medium_load,6,14.0,0.03,server-1,15.0,25.0,1,20.0,1.5,15.0,25.0,0,20.0,1.5,15.0,25.0,0,20.0,1.5,1,server-1,1,server-1,1,server-1,1,server-1,1,server-1,SVM,5
p12_exp_06_med_lc_seen_3,p12_exp_06_med_lc_seen,medium_load,medium_load,6,14.0,0.03,server-1,15.0,25.0,1,20.0,1.5,15.0,25.0,0,20.0,1.5,15.0,25.0,0,20.0,1.5,1,server-1,1,server-1,1,server-1,1,server-1,1,server-1,SVM,5
p12_exp_06_med_lc_seen_4,p12_exp_06_med_lc_seen,medium_load,medium_load,6,14.0,0.03,server-1,15.0,25.0,1,20.0,1.5,15.0,25.0,0,20.0,1.5,15.0,25.0,0,20.0,1.5,1,server-1,1,server-1,1,server-1,1,server-1,1,server-1,SVM,5
p12_exp_06_med_lc_seen_5,p12_exp_06_med_lc_seen,medium_load,medium_load,6,14.0,0.03,server-1,15.0,25.0,1,20.0,1.5,15.0,25.0,0,20.0,1.5,15.0,25.0,0,20.0,1.5,1,server-1,1,server-1,1,server-1,1,server-1,1,server-1,SVM,5
p12_exp_06_med_lc_seen_6,p12_exp_06_med_lc_seen,medium_load,medium_load,6,14.0,0.03,server-1,15.0,25.0,1,20.0,1.5,15.0,25.0,0,20.0,1.5,15.0,25.0,0,20.0,1.5,1,server-1,1,server-1,1,server-1,1,server-1,1,server-1,SVM,5
p12_exp_06_med_lc_seen_7,p12_exp_06_med_lc_seen,medium_load,medium_load,6,14.0,0.03,server-1,15.0,25.0,1,20.0,1.5,15.0,25.0,0,20.0,1.5,15.0,25.0,0,20.0,1.5,1,server-1,1,server-1,1,server-1,1,server-1,1,server-1,SVM,5
p12_exp_06_med_lc_seen_8,p12_exp_06_med_lc_seen,medium_load,medium_load,6,14.0,0.03,server-1,15.0,25.0,1,20.0,1.5,15.0,25.0,0,20.0,1.5,15.0,25.0,0,20.0,1.5,1,server-1,1,server-1,1,server-1,1,server-1,1,server-1,SVM,5
p12_exp_06_med_lc_seen_9,p12_exp_06_med_lc_seen,medium_load,medium_load,6,14.0,0.03,server-1,15.0,25.0,1,20.0,1.5,15.0,25.0,0,20.0,1.5,15.0,25.0,0,20.0,1.5,1,server-1,1,server-1,1,server-1,1,server-1,1,server-1,SVM,5
p12_exp_06_med_lc_seen_10,p12_exp_06_med_lc_seen,medium_load,medium_load,6,14.0,0.03,server-1,15.0,25.0,1,20.0,1.5,15.0,25.0,0,20.0,1.5,15.0,25.0,0,20.0,1.5,1,server-1,1,server-1,1,server-1,1,server-1,1,server-1,SVM,5
p12_exp_06_med_lc_seen_11,p12_exp_06_med_lc_seen,medium_load,medium_load,6,14.0,0.03,server-1,15.0,25.0,1,20.0,1.5,15.0,25.0,0,20.0,1.5,15.0,25.0,0,20.0,1.5,1,server-1,1,server-1,1,server-1,1,server-1,1,server-1,SVM,5
p12_exp_06_med_lc_seen_12,p12_exp_06_med_lc_seen,medium_load,medium_load,6,14.0,0.03,server-1,15.0,25.0,1,20.0,1.5,15.0,25.0,0,20.0,1.5,15.0,25.0,0,20.0,1.5,1,server-1,1,server-1,1,server-1,1,server-1,1,server-1,SVM,5
p12_exp_06_med_lc_seen_13,p12_exp_06_med_lc_seen,medium_load,medium_load,6,14.0,0.03,server-1,15.0,25.0,1,20.0,1.5,15.0,25.0,0,20.0,1.5,15.0,25.0,0,20.0,1.5,1,server-1,1,server-1,1,server-1,1,server-1,1,server-1,SVM,5
p12_exp_06_med_lc_seen_14,p12_exp_06_med_lc_seen,medium_load,medium_load,6,14.0,0.03,server-2,15.0,25.0,0,20.0,1.5,15.0,25.0,1,20.0,1.5,15.0,25.0,0,20.0,1.5,1,server-2,1,server-2,1,server-2,1,server-2,1,server-2,SVM,5
p12_exp_06_med_lc_seen_15,p12_exp_06_med_lc_seen,medium_load,medium_load,6,14.0,0.03,server-1,15.0,25.0,1,20.0,1.5,15.0,25.0,0,20.0,1.5,15.0,25.0,0,20.0,1.5,1,server-1,1,server-1,1,server-1,1,server-1,1,server-1,SVM,5
p12_exp_06_med_lc_seen_16,p12_exp_06_med_lc_seen,medium_load,medium_load,6,14.0,0.03,server-1,15.0,25.0,1,20.0,1.5,15.0,25.0,0,20.0,1.5,15.0,25.0,0,20.0,1.5,1,server-1,1,server-1,1,server-1,1,server-1,1,server-1,SVM,5
p12_exp_06_med_lc_seen_17,p12_exp_06_med_lc_seen,medium_load,medium_load,6,14.0,0.03,server-1,15.0,25.0,1,20.0,1.5,15.0,25.0,0,20.0,1.5,15.0,25.0,0,20.0,1.5,1,server-1,1,server-1,1,server-1,1,server-1,1,server-1,SVM,5
p12_exp_06_med_lc_seen_18,p12_exp_06_med_lc_seen,medium_load,medium_load,6,14.0,0.03,server-1,15.0,25.0,1,20.0,1.5,15.0,25.0,0,20.0,1.5,15.0,25.0,0,20.0,1.5,1,server-1,1,server-1,1,server-1,1,server-1,1,server-1,SVM,5
p12_exp_06_med_lc_seen_19,p12_exp_06_med_lc_seen,medium_load,medium_load,6,14.0,0.03,server-1,15.0,25.0,1,20.0,1.5,15.0,25.0,0,20.0,1.5,15.0,25.0,0,20.0,1.5,1,server-1,1,server-1,1,server-1,1,server-1,1,server-1,SVM,5
p12_exp_06_med_lc_seen_20,p12_exp_06_med_lc_seen,medium_load,medium_load,6,14.0,0.03,server-1,15.0,25.0,1,20.0,1.5,15.0,25.0,0,20.0,1.5,15.0,25.0,0,20.0,1.5,1,server-1,1,server-1,1,server-1,1,server-1,1,server-1,SVM,5
p12_exp_06_med_lc_seen_21,p12_exp_06_med_lc_seen,medium_load,medium_load,6,14.0,0.03,server-1,15.0,25.0,1,20.0,1.5,15.0,25.0,0,20.0,1.5,15.0,25.0,0,20.0,1.5,1,server-1,1,server-1,1,server-1,1,server-1,1,server-1,SVM,5
p12_exp_06_med_lc_seen_22,p12_exp_06_med_lc_seen,medium_load,medium_load,6,14.0,0.03,server-1,15.0,25.0,1,20.0,1.5,15.0,25.0,0,20.0,1.5,15.0,25.0,0,20.0,1.5,1,server-1,1,server-1,1,server-1,1,server-1,1,server-1,SVM,5
p12_exp_06_med_lc_seen_23,p12_exp_06_med_lc_seen,medium_load,medium_load,6,14.0,0.03,server-1,15.0,25.0,1,20.0,1.5,15.0,25.0,0,20.0,1.5,15.0,25.0,0,20.0,1.5,1,server-1,1,server-1,1,server-1,1,server-1,1,server-1,SVM,5
p12_exp_06_med_lc_seen_24,p12_exp_06_med_lc_seen,medium_load,medium_load,6,14.0,0.03,server-1,15.0,25.0,1,20.0,1.5,15.0,25.0,0,20.0,1.5,15.0,25.0,0,20.0,1.5,1,server-1,1,server-1,1,server-1,1,server-1,1,server-1,SVM,5
p12_exp_06_med_lc_seen_25,p12_exp_06_med_lc_seen,medium_load,medium_load,6,14.0,0.03,server-1,15.0,25.0,1,20.0,1.5,15.0,25.0,0,20.0,1.5,15.0,25.0,0,20.0,1.5,1,server-1,1,server-1,1,server-1,1,server-1,1,server-1,SVM,5
p12_exp_06_med_lc_seen_26,p12_exp_06_med_lc_seen,medium_load,medium_load,6,14.0,0.03,server-1,15.0,25.0,1,20.0,1.5,15.0,25.0,0,20.0,1.5,15.0,25.0,0,20.0,1.5,1,server-1,1,server-1,1,server-1,1,server-1,1,server-1,SVM,5
p12_exp_06_med_lc_seen_27,p12_exp_06_med_lc_seen,medium_load,medium_load,6,14.0,0.03,server-1,15.0,25.0,1,20.0,1.5,15.0,25.0,0,20.0,1.5,15.0,25.0,0,20.0,1.5,1,server-1,1,server-1,1,server-1,1,server-1,1,server-1,SVM,5
p12_exp_06_med_lc_seen_28,p12_exp_06_med_lc_seen,medium_load,medium_load,6,14.0,0.03,server-1,15.0,25.0,1,20.0,1.5,15.0,25.0,0,20.0,1.5,15.0,25.0,0,20.0,1.5,1,server-1,1,server-1,1,server-1,1,server-1,1,server-1,SVM,5
p12_exp_06_med_lc_seen_29,p12_exp_06_med_lc_seen,medium_load,medium_load,6,14.0,0.03,server-1,15.0,25.0,1,20.0,1.5,15.0,25.0,0,20.0,1.5,15.0,25.0,0,20.0,1.5,1,server-1,1,server-1,1,server-1,1,server-1,1,server-1,SVM,5
p12_exp_06_med_lc_seen_30,p12_exp_06_med_lc_seen,medium_load,medium_load,6,14.0,0.03,server-1,15.0,25.0,1,20.0,1.5,15.0,25.0,0,20.0,1.5,15.0,25.0,0,20.0,1.5,1,server-1,1,server-1,1,server-1,1,server-1,1,server-1,SVM,5
p12_exp_06_med_lc_seen_31,p12_exp_06_med_lc_seen,medium_load,medium_load,6,14.0,0.03,server-1,15.0,25.0,1,20.0,1.5,15.0,25.0,0,20.0,1.5,15.0,25.0,0,20.0,1.5,1,server-1,1,server-1,1,server-1,1,server-1,1,server-1,SVM,5
p12_exp_06_med_lc_seen_32,p12_exp_06_med_lc_seen,medium_load,medium_load,6,14.0,0.03,server-1,15.0,25.0,1,20.0,1.5,15.0,25.0,0,20.0,1.5,15.0,25.0,0,20.0,1.5,1,server-1,1,server-1,1,server-1,1,server-1,1,server-1,SVM,5
p12_exp_06_med_lc_seen_33,p12_exp_06_med_lc_seen,medium_load,medium_load,6,14.0,0.03,server-1,15.0,25.0,1,20.0,1.5,15.0,25.0,0,20.0,1.5,15.0,25.0,0,20.0,1.5,1,server-1,1,server-1,1,server-1,1,server-1,1,server-1,SVM,5
p12_exp_06_med_lc_seen_34,p12_exp_06_med_lc_seen,medium_load,medium_load,6,14.0,0.03,server-1,15.0,25.0,1,20.0,1.5,15.0,25.0,0,20.0,1.5,15.0,25.0,0,20.0,1.5,1,server-1,1,server-1,1,server-1,1,server-1,1,server-1,SVM,5
p12_exp_06_med_lc_seen_35,p12_exp_06_med_lc_seen,medium_load,medium_load,6,14.0,0.03,server-1,15.0,25.0,1,20.0,1.5,15.0,25.0,0,20.0,1.5,15.0,25.0,0,20.0,1.5,1,server-1,1,server-1,1,server-1,1,server-1,1,server-1,SVM,5
p12_exp_06_med_lc_seen_36,p12_exp_06_med_lc_seen,medium_load,medium_load,6,14.0,0.03,server-1,15.0,25.0,1,20.0,1.5,15.0,25.0,0,20.0,1.5,15.0,25.0,0,20.0,1.5,1,server-1,1,server-1,1,server-1,1,server-1,1,server-1,SVM,5
p12_exp_06_med_lc_seen_37,p12_exp_06_med_lc_seen,medium_load,medium_load,6,14.0,0.03,server-1,15.0,25.0,1,20.0,1.5,15.0,25.0,0,20.0,1.5,15.0,25.0,0,20.0,1.5,1,server-1,1,server-1,1,server-1,1,server-1,1,server-1,SVM,5
p12_exp_06_med_lc_seen_38,p12_exp_06_med_lc_seen,medium_load,medium_load,6,14.0,0.03,server-1,15.0,25.0,1,20.0,1.5,15.0,25.0,0,20.0,1.5,15.0,25.0,0,20.0,1.5,1,server-1,1,server-1,1,server-1,1,server-1,1,server-1,SVM,5
p12_exp_06_med_lc_seen_39,p12_exp_06_med_lc_seen,medium_load,medium_load,6,14.0,0.03,server-1,15.0,25.0,1,20.0,1.5,15.0,25.0,0,20.0,1.5,15.0,25.0,0,20.0,1.5,1,server-1,1,server-1,1,server-1,1,server-1,1,server-1,SVM,5
p12_exp_06_med_lc_seen_40,p12_exp_06_med_lc_seen,medium_load,medium_load,6,14.0,0.03,server-1,15.0,25.0,1,20.0,1.5,15.0,25.0,0,20.0,1.5,15.0,25.0,0,20.0,1.5,1,server-1,1,server-1,1,server-1,1,server-1,1,server-1,SVM,5
p12_exp_07_med_iphash_unseen_1,p12_exp_07_med_iphash_unseen,medium_load,medium_load,7,18.0,0.035,server-1,15.0,25.0,1,20.0,1.5,15.0,25.0,0,20.0,1.5,15.0,25.0,0,20.0,1.5,1,server-1,1,server-1,1,server-1,1,server-1,1,server-1,SVM,5
p12_exp_07_med_iphash_unseen_2,p12_exp_07_med_iphash_unseen,medium_load,medium_load,7,18.0,0.035,server-1,15.0,25.0,1,20.0,1.5,15.0,25.0,0,20.0,1.5,15.0,25.0,0,20.0,1.5,1,server-1,1,server-1,1,server-1,1,server-1,1,server-1,SVM,5
p12_exp_07_med_iphash_unseen_3,p12_exp_07_med_iphash_unseen,medium_load,medium_load,7,18.0,0.035,server-1,15.0,25.0,1,20.0,1.5,15.0,25.0,0,20.0,1.5,15.0,25.0,0,20.0,1.5,1,server-1,1,server-1,1,server-1,1,server-1,1,server-1,SVM,5
p12_exp_07_med_iphash_unseen_4,p12_exp_07_med_iphash_unseen,medium_load,medium_load,7,18.0,0.035,server-1,15.0,25.0,1,20.0,1.5,15.0,25.0,0,20.0,1.5,15.0,25.0,0,20.0,1.5,1,server-1,1,server-1,1,server-1,1,server-1,1,server-1,SVM,5
p12_exp_07_med_iphash_unseen_5,p12_exp_07_med_iphash_unseen,medium_load,medium_load,7,18.0,0.035,server-1,15.0,25.0,1,20.0,1.5,15.0,25.0,0,20.0,1.5,15.0,25.0,0,20.0,1.5,1,server-1,1,server-1,1,server-1,1,server-1,1,server-1,SVM,5
p12_exp_07_med_iphash_unseen_6,p12_exp_07_med_iphash_unseen,medium_load,medium_load,7,18.0,0.035,server-1,15.0,25.0,1,20.0,1.5,15.0,25.0,0,20.0,1.5,15.0,25.0,0,20.0,1.5,1,server-1,1,server-1,1,server-1,1,server-1,1,server-1,SVM,5
p12_exp_07_med_iphash_unseen_7,p12_exp_07_med_iphash_unseen,medium_load,medium_load,7,18.0,0.035,server-1,15.0,25.0,1,20.0,1.5,15.0,25.0,0,20.0,1.5,15.0,25.0,0,20.0,1.5,1,server-1,1,server-1,1,server-1,1,server-1,1,server-1,SVM,5
p12_exp_07_med_iphash_unseen_8,p12_exp_07_med_iphash_unseen,medium_load,medium_load,7,18.0,0.035,server-1,15.0,25.0,1,20.0,1.5,15.0,25.0,0,20.0,1.5,15.0,25.0,0,20.0,1.5,1,server-1,1,server-1,1,server-1,1,server-1,1,server-1,SVM,5
p12_exp_07_med_iphash_unseen_9,p12_exp_07_med_iphash_unseen,medium_load,medium_load,7,18.0,0.035,server-1,15.0,25.0,1,20.0,1.5,15.0,25.0,0,20.0,1.5,15.0,25.0,0,20.0,1.5,1,server-1,1,server-1,1,server-1,1,server-1,1,server-1,SVM,5
p12_exp_07_med_iphash_unseen_10,p12_exp_07_med_iphash_unseen,medium_load,medium_load,7,18.0,0.035,server-1,15.0,25.0,1,20.0,1.5,15.0,25.0,0,20.0,1.5,15.0,25.0,0,20.0,1.5,1,server-1,1,server-1,1,server-1,1,server-1,1,server-1,SVM,5
p12_exp_07_med_iphash_unseen_11,p12_exp_07_med_iphash_unseen,medium_load,medium_load,7,18.0,0.035,server-1,15.0,25.0,1,20.0,1.5,15.0,25.0,0,20.0,1.5,15.0,25.0,0,20.0,1.5,1,server-1,1,server-1,1,server-1,1,server-1,1,server-1,SVM,5
p12_exp_07_med_iphash_unseen_12,p12_exp_07_med_iphash_unseen,medium_load,medium_load,7,18.0,0.035,server-1,15.0,25.0,1,20.0,1.5,15.0,25.0,0,20.0,1.5,15.0,25.0,0,20.0,1.5,1,server-1,1,server-1,1,server-1,1,server-1,1,server-1,SVM,5
p12_exp_07_med_iphash_unseen_13,p12_exp_07_med_iphash_unseen,medium_load,medium_load,7,18.0,0.035,server-1,15.0,25.0,1,20.0,1.5,15.0,25.0,0,20.0,1.5,15.0,25.0,0,20.0,1.5,1,server-1,1,server-1,1,server-1,1,server-1,1,server-1,SVM,5
p12_exp_07_med_iphash_unseen_14,p12_exp_07_med_iphash_unseen,medium_load,medium_load,7,18.0,0.035,server-1,15.0,25.0,1,20.0,1.5,15.0,25.0,0,20.0,1.5,15.0,25.0,0,20.0,1.5,1,server-1,1,server-1,1,server-1,1,server-1,1,server-1,SVM,5
p12_exp_07_med_iphash_unseen_15,p12_exp_07_med_iphash_unseen,medium_load,medium_load,7,18.0,0.035,server-1,15.0,25.0,1,20.0,1.5,15.0,25.0,0,20.0,1.5,15.0,25.0,0,20.0,1.5,1,server-1,1,server-1,1,server-1,1,server-1,1,server-1,SVM,5
p12_exp_07_med_iphash_unseen_16,p12_exp_07_med_iphash_unseen,medium_load,medium_load,7,18.0,0.035,server-1,15.0,25.0,1,20.0,1.5,15.0,25.0,0,20.0,1.5,15.0,25.0,0,20.0,1.5,1,server-1,1,server-1,1,server-1,1,server-1,1,server-1,SVM,5
p12_exp_07_med_iphash_unseen_17,p12_exp_07_med_iphash_unseen,medium_load,medium_load,7,18.0,0.035,server-1,15.0,25.0,1,20.0,1.5,15.0,25.0,0,20.0,1.5,15.0,25.0,0,20.0,1.5,1,server-1,1,server-1,1,server-1,1,server-1,1,server-1,SVM,5
p12_exp_07_med_iphash_unseen_18,p12_exp_07_med_iphash_unseen,medium_load,medium_load,7,18.0,0.035,server-1,15.0,25.0,1,20.0,1.5,15.0,25.0,0,20.0,1.5,15.0,25.0,0,20.0,1.5,1,server-1,1,server-1,1,server-1,1,server-1,1,server-1,SVM,5
p12_exp_07_med_iphash_unseen_19,p12_exp_07_med_iphash_unseen,medium_load,medium_load,7,18.0,0.035,server-1,15.0,25.0,1,20.0,1.5,15.0,25.0,0,20.0,1.5,15.0,25.0,0,20.0,1.5,1,server-1,1,server-1,1,server-1,1,server-1,1,server-1,SVM,5
p12_exp_07_med_iphash_unseen_20,p12_exp_07_med_iphash_unseen,medium_load,medium_load,7,18.0,0.035,server-1,15.0,25.0,1,20.0,1.5,15.0,25.0,0,20.0,1.5,15.0,25.0,0,20.0,1.5,1,server-1,1,server-1,1,server-1,1,server-1,1,server-1,SVM,5
p12_exp_07_med_iphash_unseen_21,p12_exp_07_med_iphash_unseen,medium_load,medium_load,7,18.0,0.035,server-1,15.0,25.0,1,20.0,1.5,15.0,25.0,0,20.0,1.5,15.0,25.0,0,20.0,1.5,1,server-1,1,server-1,1,server-1,1,server-1,1,server-1,SVM,5
p12_exp_07_med_iphash_unseen_22,p12_exp_07_med_iphash_unseen,medium_load,medium_load,7,18.0,0.035,server-1,15.0,25.0,1,20.0,1.5,15.0,25.0,0,20.0,1.5,15.0,25.0,0,20.0,1.5,1,server-1,1,server-1,1,server-1,1,server-1,1,server-1,SVM,5
p12_exp_07_med_iphash_unseen_23,p12_exp_07_med_iphash_unseen,medium_load,medium_load,7,18.0,0.035,server-1,15.0,25.0,1,20.0,1.5,15.0,25.0,0,20.0,1.5,15.0,25.0,0,20.0,1.5,1,server-1,1,server-1,1,server-1,1,server-1,1,server-1,SVM,5
p12_exp_07_med_iphash_unseen_24,p12_exp_07_med_iphash_unseen,medium_load,medium_load,7,18.0,0.035,server-1,15.0,25.0,1,20.0,1.5,15.0,25.0,0,20.0,1.5,15.0,25.0,0,20.0,1.5,1,server-1,1,server-1,1,server-1,1,server-1,1,server-1,SVM,5
p12_exp_07_med_iphash_unseen_25,p12_exp_07_med_iphash_unseen,medium_load,medium_load,7,18.0,0.035,server-1,15.0,25.0,1,20.0,1.5,15.0,25.0,0,20.0,1.5,15.0,25.0,0,20.0,1.5,1,server-1,1,server-1,1,server-1,1,server-1,1,server-1,SVM,5
p12_exp_07_med_iphash_unseen_26,p12_exp_07_med_iphash_unseen,medium_load,medium_load,7,18.0,0.035,server-1,15.0,25.0,1,20.0,1.5,15.0,25.0,0,20.0,1.5,15.0,25.0,0,20.0,1.5,1,server-1,1,server-1,1,server-1,1,server-1,1,server-1,SVM,5
p12_exp_07_med_iphash_unseen_27,p12_exp_07_med_iphash_unseen,medium_load,medium_load,7,18.0,0.035,server-1,15.0,25.0,1,20.0,1.5,15.0,25.0,0,20.0,1.5,15.0,25.0,0,20.0,1.5,1,server-1,1,server-1,1,server-1,1,server-1,1,server-1,SVM,5
p12_exp_07_med_iphash_unseen_28,p12_exp_07_med_iphash_unseen,medium_load,medium_load,7,18.0,0.035,server-1,15.0,25.0,1,20.0,1.5,15.0,25.0,0,20.0,1.5,15.0,25.0,0,20.0,1.5,1,server-1,1,server-1,1,server-1,1,server-1,1,server-1,SVM,5
p12_exp_07_med_iphash_unseen_29,p12_exp_07_med_iphash_unseen,medium_load,medium_load,7,18.0,0.035,server-1,15.0,25.0,1,20.0,1.5,15.0,25.0,0,20.0,1.5,15.0,25.0,0,20.0,1.5,1,server-1,1,server-1,1,server-1,1,server-1,1,server-1,SVM,5
p12_exp_07_med_iphash_unseen_30,p12_exp_07_med_iphash_unseen,medium_load,medium_load,7,18.0,0.035,server-1,15.0,25.0,1,20.0,1.5,15.0,25.0,0,20.0,1.5,15.0,25.0,0,20.0,1.5,1,server-1,1,server-1,1,server-1,1,server-1,1,server-1,SVM,5
p12_exp_07_med_iphash_unseen_31,p12_exp_07_med_iphash_unseen,medium_load,medium_load,7,18.0,0.035,server-1,15.0,25.0,1,20.0,1.5,15.0,25.0,0,20.0,1.5,15.0,25.0,0,20.0,1.5,1,server-1,1,server-1,1,server-1,1,server-1,1,server-1,SVM,5
p12_exp_07_med_iphash_unseen_32,p12_exp_07_med_iphash_unseen,medium_load,medium_load,7,18.0,0.035,server-1,15.0,25.0,1,20.0,1.5,15.0,25.0,0,20.0,1.5,15.0,25.0,0,20.0,1.5,1,server-1,1,server-1,1,server-1,1,server-1,1,server-1,SVM,5
p12_exp_07_med_iphash_unseen_33,p12_exp_07_med_iphash_unseen,medium_load,medium_load,7,18.0,0.035,server-1,15.0,25.0,1,20.0,1.5,15.0,25.0,0,20.0,1.5,15.0,25.0,0,20.0,1.5,1,server-1,1,server-1,1,server-1,1,server-1,1,server-1,SVM,5
p12_exp_07_med_iphash_unseen_34,p12_exp_07_med_iphash_unseen,medium_load,medium_load,7,18.0,0.035,server-1,15.0,25.0,1,20.0,1.5,15.0,25.0,0,20.0,1.5,15.0,25.0,0,20.0,1.5,1,server-1,1,server-1,1,server-1,1,server-1,1,server-1,SVM,5
p12_exp_07_med_iphash_unseen_35,p12_exp_07_med_iphash_unseen,medium_load,medium_load,7,18.0,0.035,server-1,15.0,25.0,1,20.0,1.5,15.0,25.0,0,20.0,1.5,15.0,25.0,0,20.0,1.5,1,server-1,1,server-1,1,server-1,1,server-1,1,server-1,SVM,5
p12_exp_07_med_iphash_unseen_36,p12_exp_07_med_iphash_unseen,medium_load,medium_load,7,18.0,0.035,server-1,15.0,25.0,1,20.0,1.5,15.0,25.0,0,20.0,1.5,15.0,25.0,0,20.0,1.5,1,server-1,1,server-1,1,server-1,1,server-1,1,server-1,SVM,5
p12_exp_07_med_iphash_unseen_37,p12_exp_07_med_iphash_unseen,medium_load,medium_load,7,18.0,0.035,server-1,15.0,25.0,1,20.0,1.5,15.0,25.0,0,20.0,1.5,15.0,25.0,0,20.0,1.5,1,server-1,1,server-1,1,server-1,1,server-1,1,server-1,SVM,5
p12_exp_07_med_iphash_unseen_38,p12_exp_07_med_iphash_unseen,medium_load,medium_load,7,18.0,0.035,server-1,15.0,25.0,1,20.0,1.5,15.0,25.0,0,20.0,1.5,15.0,25.0,0,20.0,1.5,1,server-1,1,server-1,1,server-1,1,server-1,1,server-1,SVM,5
p12_exp_07_med_iphash_unseen_39,p12_exp_07_med_iphash_unseen,medium_load,medium_load,7,18.0,0.035,server-1,15.0,25.0,1,20.0,1.5,15.0,25.0,0,20.0,1.5,15.0,25.0,0,20.0,1.5,1,server-1,1,server-1,1,server-1,1,server-1,1,server-1,SVM,5
p12_exp_07_med_iphash_unseen_40,p12_exp_07_med_iphash_unseen,medium_load,medium_load,7,18.0,0.035,server-1,15.0,25.0,1,20.0,1.5,15.0,25.0,0,20.0,1.5,15.0,25.0,0,20.0,1.5,1,server-1,1,server-1,1,server-1,1,server-1,1,server-1,SVM,5
p12_exp_08_med_ml_unseen_1,p12_exp_08_med_ml_unseen,medium_load,medium_load,8,16.5,0.032,server-3,15.0,25.0,0,20.0,1.5,15.0,25.0,0,20.0,1.5,15.0,25.0,1,20.0,1.5,1,server-3,1,server-3,1,server-3,1,server-3,1,server-3,SVM,5
p12_exp_08_med_ml_unseen_2,p12_exp_08_med_ml_unseen,medium_load,medium_load,8,16.5,0.032,server-3,15.0,25.0,0,20.0,1.5,15.0,25.0,0,20.0,1.5,15.0,25.0,1,20.0,1.5,1,server-3,1,server-3,1,server-3,1,server-3,1,server-3,SVM,5
p12_exp_08_med_ml_unseen_3,p12_exp_08_med_ml_unseen,medium_load,medium_load,8,16.5,0.032,server-3,15.0,25.0,0,20.0,1.5,15.0,25.0,0,20.0,1.5,15.0,25.0,1,20.0,1.5,1,server-3,1,server-3,1,server-3,1,server-3,1,server-3,SVM,5
p12_exp_08_med_ml_unseen_4,p12_exp_08_med_ml_unseen,medium_load,medium_load,8,16.5,0.032,server-3,15.0,25.0,0,20.0,1.5,15.0,25.0,0,20.0,1.5,15.0,25.0,1,20.0,1.5,1,server-3,1,server-3,1,server-3,1,server-3,1,server-3,SVM,5
p12_exp_08_med_ml_unseen_5,p12_exp_08_med_ml_unseen,medium_load,medium_load,8,16.5,0.032,server-3,15.0,25.0,0,20.0,1.5,15.0,25.0,0,20.0,1.5,15.0,25.0,1,20.0,1.5,1,server-3,1,server-3,1,server-3,1,server-3,1,server-3,SVM,5
p12_exp_08_med_ml_unseen_6,p12_exp_08_med_ml_unseen,medium_load,medium_load,8,16.5,0.032,server-3,15.0,25.0,0,20.0,1.5,15.0,25.0,0,20.0,1.5,15.0,25.0,1,20.0,1.5,1,server-3,1,server-3,1,server-3,1,server-3,1,server-3,SVM,5
p12_exp_08_med_ml_unseen_7,p12_exp_08_med_ml_unseen,medium_load,medium_load,8,16.5,0.032,server-3,15.0,25.0,0,20.0,1.5,15.0,25.0,0,20.0,1.5,15.0,25.0,1,20.0,1.5,1,server-3,1,server-3,1,server-3,1,server-3,1,server-3,SVM,5
p12_exp_08_med_ml_unseen_8,p12_exp_08_med_ml_unseen,medium_load,medium_load,8,16.5,0.032,server-3,15.0,25.0,0,20.0,1.5,15.0,25.0,0,20.0,1.5,15.0,25.0,1,20.0,1.5,1,server-3,1,server-3,1,server-3,1,server-3,1,server-3,SVM,5
p12_exp_08_med_ml_unseen_9,p12_exp_08_med_ml_unseen,medium_load,medium_load,8,16.5,0.032,server-3,15.0,25.0,0,20.0,1.5,15.0,25.0,0,20.0,1.5,15.0,25.0,1,20.0,1.5,1,server-3,1,server-3,1,server-3,1,server-3,1,server-3,SVM,5
p12_exp_08_med_ml_unseen_10,p12_exp_08_med_ml_unseen,medium_load,medium_load,8,16.5,0.032,server-3,15.0,25.0,0,20.0,1.5,15.0,25.0,0,20.0,1.5,15.0,25.0,1,20.0,1.5,1,server-3,1,server-3,1,server-3,1,server-3,1,server-3,SVM,5
p12_exp_08_med_ml_unseen_11,p12_exp_08_med_ml_unseen,medium_load,medium_load,8,16.5,0.032,server-3,15.0,25.0,0,20.0,1.5,15.0,25.0,0,20.0,1.5,15.0,25.0,1,20.0,1.5,1,server-3,1,server-3,1,server-3,1,server-3,1,server-3,SVM,5
p12_exp_08_med_ml_unseen_12,p12_exp_08_med_ml_unseen,medium_load,medium_load,8,16.5,0.032,server-3,15.0,25.0,0,20.0,1.5,15.0,25.0,0,20.0,1.5,15.0,25.0,1,20.0,1.5,1,server-3,1,server-3,1,server-3,1,server-3,1,server-3,SVM,5
p12_exp_08_med_ml_unseen_13,p12_exp_08_med_ml_unseen,medium_load,medium_load,8,16.5,0.032,server-3,15.0,25.0,0,20.0,1.5,15.0,25.0,0,20.0,1.5,15.0,25.0,1,20.0,1.5,1,server-3,1,server-3,1,server-3,1,server-3,1,server-3,SVM,5
p12_exp_08_med_ml_unseen_14,p12_exp_08_med_ml_unseen,medium_load,medium_load,8,16.5,0.032,server-3,15.0,25.0,0,20.0,1.5,15.0,25.0,0,20.0,1.5,15.0,25.0,1,20.0,1.5,1,server-3,1,server-3,1,server-3,1,server-3,1,server-3,SVM,5
p12_exp_08_med_ml_unseen_15,p12_exp_08_med_ml_unseen,medium_load,medium_load,8,16.5,0.032,server-3,15.0,25.0,0,20.0,1.5,15.0,25.0,0,20.0,1.5,15.0,25.0,1,20.0,1.5,1,server-3,1,server-3,1,server-3,1,server-3,1,server-3,SVM,5
p12_exp_08_med_ml_unseen_16,p12_exp_08_med_ml_unseen,medium_load,medium_load,8,16.5,0.032,server-3,15.0,25.0,0,20.0,1.5,15.0,25.0,0,20.0,1.5,15.0,25.0,1,20.0,1.5,1,server-3,1,server-3,1,server-3,1,server-3,1,server-3,SVM,5
p12_exp_08_med_ml_unseen_17,p12_exp_08_med_ml_unseen,medium_load,medium_load,8,16.5,0.032,server-3,15.0,25.0,0,20.0,1.5,15.0,25.0,0,20.0,1.5,15.0,25.0,1,20.0,1.5,1,server-3,1,server-3,1,server-3,1,server-3,1,server-3,SVM,5
p12_exp_08_med_ml_unseen_18,p12_exp_08_med_ml_unseen,medium_load,medium_load,8,16.5,0.032,server-3,15.0,25.0,0,20.0,1.5,15.0,25.0,0,20.0,1.5,15.0,25.0,1,20.0,1.5,1,server-3,1,server-3,1,server-3,1,server-3,1,server-3,SVM,5
p12_exp_08_med_ml_unseen_19,p12_exp_08_med_ml_unseen,medium_load,medium_load,8,16.5,0.032,server-3,15.0,25.0,0,20.0,1.5,15.0,25.0,0,20.0,1.5,15.0,25.0,1,20.0,1.5,1,server-3,1,server-3,1,server-3,1,server-3,1,server-3,SVM,5
p12_exp_08_med_ml_unseen_20,p12_exp_08_med_ml_unseen,medium_load,medium_load,8,16.5,0.032,server-3,15.0,25.0,0,20.0,1.5,15.0,25.0,0,20.0,1.5,15.0,25.0,1,20.0,1.5,1,server-3,1,server-3,1,server-3,1,server-3,1,server-3,SVM,5
p12_exp_08_med_ml_unseen_21,p12_exp_08_med_ml_unseen,medium_load,medium_load,8,16.5,0.032,server-3,15.0,25.0,0,20.0,1.5,15.0,25.0,0,20.0,1.5,15.0,25.0,1,20.0,1.5,1,server-3,1,server-3,1,server-3,1,server-3,1,server-3,SVM,5
p12_exp_08_med_ml_unseen_22,p12_exp_08_med_ml_unseen,medium_load,medium_load,8,16.5,0.032,server-3,15.0,25.0,0,20.0,1.5,15.0,25.0,0,20.0,1.5,15.0,25.0,1,20.0,1.5,1,server-3,1,server-3,1,server-3,1,server-3,1,server-3,SVM,5
p12_exp_08_med_ml_unseen_23,p12_exp_08_med_ml_unseen,medium_load,medium_load,8,16.5,0.032,server-3,15.0,25.0,0,20.0,1.5,15.0,25.0,0,20.0,1.5,15.0,25.0,1,20.0,1.5,1,server-3,1,server-3,1,server-3,1,server-3,1,server-3,SVM,5
p12_exp_08_med_ml_unseen_24,p12_exp_08_med_ml_unseen,medium_load,medium_load,8,16.5,0.032,server-3,15.0,25.0,0,20.0,1.5,15.0,25.0,0,20.0,1.5,15.0,25.0,1,20.0,1.5,1,server-3,1,server-3,1,server-3,1,server-3,1,server-3,SVM,5
p12_exp_08_med_ml_unseen_25,p12_exp_08_med_ml_unseen,medium_load,medium_load,8,16.5,0.032,server-3,15.0,25.0,0,20.0,1.5,15.0,25.0,0,20.0,1.5,15.0,25.0,1,20.0,1.5,1,server-3,1,server-3,1,server-3,1,server-3,1,server-3,SVM,5
p12_exp_08_med_ml_unseen_26,p12_exp_08_med_ml_unseen,medium_load,medium_load,8,16.5,0.032,server-3,15.0,25.0,0,20.0,1.5,15.0,25.0,0,20.0,1.5,15.0,25.0,1,20.0,1.5,1,server-3,1,server-3,1,server-3,1,server-3,1,server-3,SVM,5
p12_exp_08_med_ml_unseen_27,p12_exp_08_med_ml_unseen,medium_load,medium_load,8,16.5,0.032,server-3,15.0,25.0,0,20.0,1.5,15.0,25.0,0,20.0,1.5,15.0,25.0,1,20.0,1.5,1,server-3,1,server-3,1,server-3,1,server-3,1,server-3,SVM,5
p12_exp_08_med_ml_unseen_28,p12_exp_08_med_ml_unseen,medium_load,medium_load,8,16.5,0.032,server-3,15.0,25.0,0,20.0,1.5,15.0,25.0,0,20.0,1.5,15.0,25.0,1,20.0,1.5,1,server-3,1,server-3,1,server-3,1,server-3,1,server-3,SVM,5
p12_exp_08_med_ml_unseen_29,p12_exp_08_med_ml_unseen,medium_load,medium_load,8,16.5,0.032,server-3,15.0,25.0,0,20.0,1.5,15.0,25.0,0,20.0,1.5,15.0,25.0,1,20.0,1.5,1,server-3,1,server-3,1,server-3,1,server-3,1,server-3,SVM,5
p12_exp_08_med_ml_unseen_30,p12_exp_08_med_ml_unseen,medium_load,medium_load,8,16.5,0.032,server-3,15.0,25.0,0,20.0,1.5,15.0,25.0,0,20.0,1.5,15.0,25.0,1,20.0,1.5,1,server-3,1,server-3,1,server-3,1,server-3,1,server-3,SVM,5
p12_exp_08_med_ml_unseen_31,p12_exp_08_med_ml_unseen,medium_load,medium_load,8,16.5,0.032,server-3,15.0,25.0,0,20.0,1.5,15.0,25.0,0,20.0,1.5,15.0,25.0,1,20.0,1.5,1,server-3,1,server-3,1,server-3,1,server-3,1,server-3,SVM,5
p12_exp_08_med_ml_unseen_32,p12_exp_08_med_ml_unseen,medium_load,medium_load,8,16.5,0.032,server-3,15.0,25.0,0,20.0,1.5,15.0,25.0,0,20.0,1.5,15.0,25.0,1,20.0,1.5,1,server-3,1,server-3,1,server-3,1,server-3,1,server-3,SVM,5
p12_exp_08_med_ml_unseen_33,p12_exp_08_med_ml_unseen,medium_load,medium_load,8,16.5,0.032,server-3,15.0,25.0,0,20.0,1.5,15.0,25.0,0,20.0,1.5,15.0,25.0,1,20.0,1.5,1,server-3,1,server-3,1,server-3,1,server-3,1,server-3,SVM,5
p12_exp_08_med_ml_unseen_34,p12_exp_08_med_ml_unseen,medium_load,medium_load,8,16.5,0.032,server-3,15.0,25.0,0,20.0,1.5,15.0,25.0,0,20.0,1.5,15.0,25.0,1,20.0,1.5,1,server-3,1,server-3,1,server-3,1,server-3,1,server-3,SVM,5
p12_exp_08_med_ml_unseen_35,p12_exp_08_med_ml_unseen,medium_load,medium_load,8,16.5,0.032,server-3,15.0,25.0,0,20.0,1.5,15.0,25.0,0,20.0,1.5,15.0,25.0,1,20.0,1.5,1,server-3,1,server-3,1,server-3,1,server-3,1,server-3,SVM,5
p12_exp_08_med_ml_unseen_36,p12_exp_08_med_ml_unseen,medium_load,medium_load,8,16.5,0.032,server-3,15.0,25.0,0,20.0,1.5,15.0,25.0,0,20.0,1.5,15.0,25.0,1,20.0,1.5,1,server-3,1,server-3,1,server-3,1,server-3,1,server-3,SVM,5
p12_exp_08_med_ml_unseen_37,p12_exp_08_med_ml_unseen,medium_load,medium_load,8,16.5,0.032,server-3,15.0,25.0,0,20.0,1.5,15.0,25.0,0,20.0,1.5,15.0,25.0,1,20.0,1.5,1,server-3,1,server-3,1,server-3,1,server-3,1,server-3,SVM,5
p12_exp_08_med_ml_unseen_38,p12_exp_08_med_ml_unseen,medium_load,medium_load,8,16.5,0.032,server-3,15.0,25.0,0,20.0,1.5,15.0,25.0,0,20.0,1.5,15.0,25.0,1,20.0,1.5,1,server-3,1,server-3,1,server-3,1,server-3,1,server-3,SVM,5
p12_exp_08_med_ml_unseen_39,p12_exp_08_med_ml_unseen,medium_load,medium_load,8,16.5,0.032,server-3,15.0,25.0,0,20.0,1.5,15.0,25.0,0,20.0,1.5,15.0,25.0,1,20.0,1.5,1,server-3,1,server-3,1,server-3,1,server-3,1,server-3,SVM,5
p12_exp_08_med_ml_unseen_40,p12_exp_08_med_ml_unseen,medium_load,medium_load,8,16.5,0.032,server-3,15.0,25.0,0,20.0,1.5,15.0,25.0,0,20.0,1.5,15.0,25.0,1,20.0,1.5,1,server-3,1,server-3,1,server-3,1,server-3,1,server-3,SVM,5
p12_exp_09_high_rr_seen_1,p12_exp_09_high_rr_seen,high_load,high_load,10,0.0,0.04,server-2,15.0,25.0,0,20.0,1.5,15.0,25.0,1,20.0,1.5,15.0,25.0,0,20.0,1.5,1,server-2,1,server-2,1,server-2,1,server-2,1,server-2,SVM,5
p12_exp_09_high_rr_seen_2,p12_exp_09_high_rr_seen,high_load,high_load,10,0.0,0.04,server-3,15.0,25.0,0,20.0,1.5,15.0,25.0,0,20.0,1.5,15.0,25.0,1,20.0,1.5,1,server-3,1,server-3,1,server-3,1,server-3,1,server-3,SVM,5
p12_exp_09_high_rr_seen_3,p12_exp_09_high_rr_seen,high_load,high_load,10,0.0,0.04,server-2,15.0,25.0,0,20.0,1.5,15.0,25.0,1,20.0,1.5,15.0,25.0,0,20.0,1.5,1,server-2,1,server-2,1,server-2,1,server-2,1,server-2,SVM,5
p12_exp_09_high_rr_seen_4,p12_exp_09_high_rr_seen,high_load,high_load,10,0.0,0.04,server-1,15.0,25.0,1,20.0,1.5,15.0,25.0,0,20.0,1.5,15.0,25.0,0,20.0,1.5,1,server-1,1,server-1,1,server-1,1,server-1,1,server-1,SVM,5
p12_exp_09_high_rr_seen_5,p12_exp_09_high_rr_seen,high_load,high_load,10,0.0,0.04,server-3,15.0,25.0,0,20.0,1.5,15.0,25.0,0,20.0,1.5,15.0,25.0,1,20.0,1.5,1,server-3,1,server-3,1,server-3,1,server-3,1,server-3,SVM,5
p12_exp_09_high_rr_seen_6,p12_exp_09_high_rr_seen,high_load,high_load,10,0.0,0.04,server-1,15.0,25.0,1,20.0,1.5,15.0,25.0,0,20.0,1.5,15.0,25.0,0,20.0,1.5,1,server-1,1,server-1,1,server-1,1,server-1,1,server-1,SVM,5
p12_exp_09_high_rr_seen_7,p12_exp_09_high_rr_seen,high_load,high_load,10,0.0,0.04,server-2,15.0,25.0,0,20.0,1.5,15.0,25.0,1,20.0,1.5,15.0,25.0,0,20.0,1.5,1,server-2,1,server-2,1,server-2,1,server-2,1,server-2,SVM,5
p12_exp_09_high_rr_seen_8,p12_exp_09_high_rr_seen,high_load,high_load,10,0.0,0.04,server-3,15.0,25.0,0,20.0,1.5,15.0,25.0,0,20.0,1.5,15.0,25.0,1,20.0,1.5,1,server-3,1,server-3,1,server-3,1,server-3,1,server-3,SVM,5
p12_exp_09_high_rr_seen_9,p12_exp_09_high_rr_seen,high_load,high_load,10,0.0,0.04,server-1,15.0,25.0,1,20.0,1.5,15.0,25.0,0,20.0,1.5,15.0,25.0,0,20.0,1.5,1,server-1,1,server-1,1,server-1,1,server-1,1,server-1,SVM,5
p12_exp_09_high_rr_seen_10,p12_exp_09_high_rr_seen,high_load,high_load,10,0.0,0.04,server-2,15.0,25.0,0,20.0,1.5,15.0,25.0,1,20.0,1.5,15.0,25.0,0,20.0,1.5,1,server-2,1,server-2,1,server-2,1,server-2,1,server-2,SVM,5
p12_exp_09_high_rr_seen_11,p12_exp_09_high_rr_seen,high_load,high_load,10,0.0,0.04,server-3,15.0,25.0,0,20.0,1.5,15.0,25.0,0,20.0,1.5,15.0,25.0,1,20.0,1.5,1,server-3,1,server-3,1,server-3,1,server-3,1,server-3,SVM,5
p12_exp_09_high_rr_seen_12,p12_exp_09_high_rr_seen,high_load,high_load,10,0.0,0.04,server-1,15.0,25.0,1,20.0,1.5,15.0,25.0,0,20.0,1.5,15.0,25.0,0,20.0,1.5,1,server-1,1,server-1,1,server-1,1,server-1,1,server-1,SVM,5
p12_exp_09_high_rr_seen_13,p12_exp_09_high_rr_seen,high_load,high_load,10,0.0,0.04,server-2,15.0,25.0,0,20.0,1.5,15.0,25.0,1,20.0,1.5,15.0,25.0,0,20.0,1.5,1,server-2,1,server-2,1,server-2,1,server-2,1,server-2,SVM,5
p12_exp_09_high_rr_seen_14,p12_exp_09_high_rr_seen,high_load,high_load,10,0.0,0.04,server-3,15.0,25.0,0,20.0,1.5,15.0,25.0,0,20.0,1.5,15.0,25.0,1,20.0,1.5,1,server-3,1,server-3,1,server-3,1,server-3,1,server-3,SVM,5
p12_exp_09_high_rr_seen_15,p12_exp_09_high_rr_seen,high_load,high_load,10,0.0,0.04,server-1,15.0,25.0,1,20.0,1.5,15.0,25.0,0,20.0,1.5,15.0,25.0,0,20.0,1.5,1,server-1,1,server-1,1,server-1,1,server-1,1,server-1,SVM,5
p12_exp_09_high_rr_seen_16,p12_exp_09_high_rr_seen,high_load,high_load,10,0.0,0.04,server-2,15.0,25.0,0,20.0,1.5,15.0,25.0,1,20.0,1.5,15.0,25.0,0,20.0,1.5,1,server-2,1,server-2,1,server-2,1,server-2,1,server-2,SVM,5
p12_exp_09_high_rr_seen_17,p12_exp_09_high_rr_seen,high_load,high_load,10,0.0,0.04,server-3,15.0,25.0,0,20.0,1.5,15.0,25.0,0,20.0,1.5,15.0,25.0,1,20.0,1.5,1,server-3,1,server-3,1,server-3,1,server-3,1,server-3,SVM,5
p12_exp_09_high_rr_seen_18,p12_exp_09_high_rr_seen,high_load,high_load,10,0.0,0.04,server-1,15.0,25.0,1,20.0,1.5,15.0,25.0,0,20.0,1.5,15.0,25.0,0,20.0,1.5,1,server-1,1,server-1,1,server-1,1,server-1,1,server-1,SVM,5
p12_exp_09_high_rr_seen_19,p12_exp_09_high_rr_seen,high_load,high_load,10,0.0,0.04,server-2,15.0,25.0,0,20.0,1.5,15.0,25.0,1,20.0,1.5,15.0,25.0,0,20.0,1.5,1,server-2,1,server-2,1,server-2,1,server-2,1,server-2,SVM,5
p12_exp_09_high_rr_seen_20,p12_exp_09_high_rr_seen,high_load,high_load,10,0.0,0.04,server-3,15.0,25.0,0,20.0,1.5,15.0,25.0,0,20.0,1.5,15.0,25.0,1,20.0,1.5,1,server-3,1,server-3,1,server-3,1,server-3,1,server-3,SVM,5
p12_exp_09_high_rr_seen_21,p12_exp_09_high_rr_seen,high_load,high_load,10,0.0,0.04,server-1,15.0,25.0,1,20.0,1.5,15.0,25.0,0,20.0,1.5,15.0,25.0,0,20.0,1.5,1,server-1,1,server-1,1,server-1,1,server-1,1,server-1,SVM,5
p12_exp_09_high_rr_seen_22,p12_exp_09_high_rr_seen,high_load,high_load,10,0.0,0.04,server-2,15.0,25.0,0,20.0,1.5,15.0,25.0,1,20.0,1.5,15.0,25.0,0,20.0,1.5,1,server-2,1,server-2,1,server-2,1,server-2,1,server-2,SVM,5
p12_exp_09_high_rr_seen_23,p12_exp_09_high_rr_seen,high_load,high_load,10,0.0,0.04,server-3,15.0,25.0,0,20.0,1.5,15.0,25.0,0,20.0,1.5,15.0,25.0,1,20.0,1.5,1,server-3,1,server-3,1,server-3,1,server-3,1,server-3,SVM,5
p12_exp_09_high_rr_seen_24,p12_exp_09_high_rr_seen,high_load,high_load,10,0.0,0.04,server-1,15.0,25.0,1,20.0,1.5,15.0,25.0,0,20.0,1.5,15.0,25.0,0,20.0,1.5,1,server-1,1,server-1,1,server-1,1,server-1,1,server-1,SVM,5
p12_exp_09_high_rr_seen_25,p12_exp_09_high_rr_seen,high_load,high_load,10,0.0,0.04,server-2,15.0,25.0,0,20.0,1.5,15.0,25.0,1,20.0,1.5,15.0,25.0,0,20.0,1.5,1,server-2,1,server-2,1,server-2,1,server-2,1,server-2,SVM,5
p12_exp_09_high_rr_seen_26,p12_exp_09_high_rr_seen,high_load,high_load,10,0.0,0.04,server-3,15.0,25.0,0,20.0,1.5,15.0,25.0,0,20.0,1.5,15.0,25.0,1,20.0,1.5,1,server-3,1,server-3,1,server-3,1,server-3,1,server-3,SVM,5
p12_exp_09_high_rr_seen_27,p12_exp_09_high_rr_seen,high_load,high_load,10,0.0,0.04,server-1,15.0,25.0,1,20.0,1.5,15.0,25.0,0,20.0,1.5,15.0,25.0,0,20.0,1.5,1,server-1,1,server-1,1,server-1,1,server-1,1,server-1,SVM,5
p12_exp_09_high_rr_seen_28,p12_exp_09_high_rr_seen,high_load,high_load,10,0.0,0.04,server-3,15.0,25.0,0,20.0,1.5,15.0,25.0,0,20.0,1.5,15.0,25.0,1,20.0,1.5,1,server-3,1,server-3,1,server-3,1,server-3,1,server-3,SVM,5
p12_exp_09_high_rr_seen_29,p12_exp_09_high_rr_seen,high_load,high_load,10,0.0,0.04,server-2,15.0,25.0,0,20.0,1.5,15.0,25.0,1,20.0,1.5,15.0,25.0,0,20.0,1.5,1,server-2,1,server-2,1,server-2,1,server-2,1,server-2,SVM,5
p12_exp_09_high_rr_seen_30,p12_exp_09_high_rr_seen,high_load,high_load,10,0.0,0.04,server-1,15.0,25.0,1,20.0,1.5,15.0,25.0,0,20.0,1.5,15.0,25.0,0,20.0,1.5,1,server-1,1,server-1,1,server-1,1,server-1,1,server-1,SVM,5
p12_exp_09_high_rr_seen_31,p12_exp_09_high_rr_seen,high_load,high_load,10,0.0,0.04,server-2,15.0,25.0,0,20.0,1.5,15.0,25.0,1,20.0,1.5,15.0,25.0,0,20.0,1.5,1,server-2,1,server-2,1,server-2,1,server-2,1,server-2,SVM,5
p12_exp_09_high_rr_seen_32,p12_exp_09_high_rr_seen,high_load,high_load,10,0.0,0.04,server-3,15.0,25.0,0,20.0,1.5,15.0,25.0,0,20.0,1.5,15.0,25.0,1,20.0,1.5,1,server-3,1,server-3,1,server-3,1,server-3,1,server-3,SVM,5
p12_exp_09_high_rr_seen_33,p12_exp_09_high_rr_seen,high_load,high_load,10,0.0,0.04,server-1,15.0,25.0,1,20.0,1.5,15.0,25.0,0,20.0,1.5,15.0,25.0,0,20.0,1.5,1,server-1,1,server-1,1,server-1,1,server-1,1,server-1,SVM,5
p12_exp_09_high_rr_seen_34,p12_exp_09_high_rr_seen,high_load,high_load,10,0.0,0.04,server-2,15.0,25.0,0,20.0,1.5,15.0,25.0,1,20.0,1.5,15.0,25.0,0,20.0,1.5,1,server-2,1,server-2,1,server-2,1,server-2,1,server-2,SVM,5
p12_exp_09_high_rr_seen_35,p12_exp_09_high_rr_seen,high_load,high_load,10,0.0,0.04,server-3,15.0,25.0,0,20.0,1.5,15.0,25.0,0,20.0,1.5,15.0,25.0,1,20.0,1.5,1,server-3,1,server-3,1,server-3,1,server-3,1,server-3,SVM,5
p12_exp_09_high_rr_seen_36,p12_exp_09_high_rr_seen,high_load,high_load,10,0.0,0.04,server-1,15.0,25.0,1,20.0,1.5,15.0,25.0,0,20.0,1.5,15.0,25.0,0,20.0,1.5,1,server-1,1,server-1,1,server-1,1,server-1,1,server-1,SVM,5
p12_exp_09_high_rr_seen_37,p12_exp_09_high_rr_seen,high_load,high_load,10,0.0,0.04,server-2,15.0,25.0,0,20.0,1.5,15.0,25.0,1,20.0,1.5,15.0,25.0,0,20.0,1.5,1,server-2,1,server-2,1,server-2,1,server-2,1,server-2,SVM,5
p12_exp_09_high_rr_seen_38,p12_exp_09_high_rr_seen,high_load,high_load,10,0.0,0.04,server-3,15.0,25.0,0,20.0,1.5,15.0,25.0,0,20.0,1.5,15.0,25.0,1,20.0,1.5,1,server-3,1,server-3,1,server-3,1,server-3,1,server-3,SVM,5
p12_exp_09_high_rr_seen_39,p12_exp_09_high_rr_seen,high_load,high_load,10,0.0,0.04,server-1,15.0,25.0,1,20.0,1.5,15.0,25.0,0,20.0,1.5,15.0,25.0,0,20.0,1.5,1,server-1,1,server-1,1,server-1,1,server-1,1,server-1,SVM,5
p12_exp_09_high_rr_seen_40,p12_exp_09_high_rr_seen,high_load,high_load,10,0.0,0.04,server-2,15.0,25.0,0,20.0,1.5,15.0,25.0,1,20.0,1.5,15.0,25.0,0,20.0,1.5,1,server-2,1,server-2,1,server-2,1,server-2,1,server-2,SVM,5
p12_exp_09_high_rr_seen_41,p12_exp_09_high_rr_seen,high_load,high_load,10,0.0,0.04,server-3,15.0,25.0,0,20.0,1.5,15.0,25.0,0,20.0,1.5,15.0,25.0,1,20.0,1.5,1,server-3,1,server-3,1,server-3,1,server-3,1,server-3,SVM,5
p12_exp_09_high_rr_seen_42,p12_exp_09_high_rr_seen,high_load,high_load,10,0.0,0.04,server-1,15.0,25.0,1,20.0,1.5,15.0,25.0,0,20.0,1.5,15.0,25.0,0,20.0,1.5,1,server-1,1,server-1,1,server-1,1,server-1,1,server-1,SVM,5
p12_exp_09_high_rr_seen_43,p12_exp_09_high_rr_seen,high_load,high_load,10,0.0,0.04,server-2,15.0,25.0,0,20.0,1.5,15.0,25.0,1,20.0,1.5,15.0,25.0,0,20.0,1.5,1,server-2,1,server-2,1,server-2,1,server-2,1,server-2,SVM,5
p12_exp_09_high_rr_seen_44,p12_exp_09_high_rr_seen,high_load,high_load,10,0.0,0.04,server-3,15.0,25.0,0,20.0,1.5,15.0,25.0,0,20.0,1.5,15.0,25.0,1,20.0,1.5,1,server-3,1,server-3,1,server-3,1,server-3,1,server-3,SVM,5
p12_exp_09_high_rr_seen_45,p12_exp_09_high_rr_seen,high_load,high_load,10,0.0,0.04,server-1,15.0,25.0,1,20.0,1.5,15.0,25.0,0,20.0,1.5,15.0,25.0,0,20.0,1.5,1,server-1,1,server-1,1,server-1,1,server-1,1,server-1,SVM,5
p12_exp_10_high_lc_seen_1,p12_exp_10_high_lc_seen,high_load,high_load,10,0.0,0.04,server-1,15.0,25.0,1,20.0,1.5,15.0,25.0,0,20.0,1.5,15.0,25.0,0,20.0,1.5,1,server-1,1,server-1,1,server-1,1,server-1,1,server-1,SVM,5
p12_exp_10_high_lc_seen_2,p12_exp_10_high_lc_seen,high_load,high_load,10,0.0,0.04,server-2,15.0,25.0,0,20.0,1.5,15.0,25.0,1,20.0,1.5,15.0,25.0,0,20.0,1.5,1,server-2,1,server-2,1,server-2,1,server-2,1,server-2,SVM,5
p12_exp_10_high_lc_seen_3,p12_exp_10_high_lc_seen,high_load,high_load,10,0.0,0.04,server-3,15.0,25.0,0,20.0,1.5,15.0,25.0,0,20.0,1.5,15.0,25.0,1,20.0,1.5,1,server-3,1,server-3,1,server-3,1,server-3,1,server-3,SVM,5
p12_exp_10_high_lc_seen_4,p12_exp_10_high_lc_seen,high_load,high_load,10,0.0,0.04,server-1,15.0,25.0,1,20.0,1.5,15.0,25.0,0,20.0,1.5,15.0,25.0,0,20.0,1.5,1,server-1,1,server-1,1,server-1,1,server-1,1,server-1,SVM,5
p12_exp_10_high_lc_seen_5,p12_exp_10_high_lc_seen,high_load,high_load,10,0.0,0.04,server-2,15.0,25.0,0,20.0,1.5,15.0,25.0,1,20.0,1.5,15.0,25.0,0,20.0,1.5,1,server-2,1,server-2,1,server-2,1,server-2,1,server-2,SVM,5
p12_exp_10_high_lc_seen_6,p12_exp_10_high_lc_seen,high_load,high_load,10,0.0,0.04,server-3,15.0,25.0,0,20.0,1.5,15.0,25.0,0,20.0,1.5,15.0,25.0,1,20.0,1.5,1,server-3,1,server-3,1,server-3,1,server-3,1,server-3,SVM,5
p12_exp_10_high_lc_seen_7,p12_exp_10_high_lc_seen,high_load,high_load,10,0.0,0.04,server-1,15.0,25.0,1,20.0,1.5,15.0,25.0,0,20.0,1.5,15.0,25.0,0,20.0,1.5,1,server-1,1,server-1,1,server-1,1,server-1,1,server-1,SVM,5
p12_exp_10_high_lc_seen_8,p12_exp_10_high_lc_seen,high_load,high_load,10,0.0,0.04,server-2,15.0,25.0,0,20.0,1.5,15.0,25.0,1,20.0,1.5,15.0,25.0,0,20.0,1.5,1,server-2,1,server-2,1,server-2,1,server-2,1,server-2,SVM,5
p12_exp_10_high_lc_seen_9,p12_exp_10_high_lc_seen,high_load,high_load,10,0.0,0.04,server-1,15.0,25.0,1,20.0,1.5,15.0,25.0,0,20.0,1.5,15.0,25.0,0,20.0,1.5,1,server-1,1,server-1,1,server-1,1,server-1,1,server-1,SVM,5
p12_exp_10_high_lc_seen_10,p12_exp_10_high_lc_seen,high_load,high_load,10,0.0,0.04,server-3,15.0,25.0,0,20.0,1.5,15.0,25.0,0,20.0,1.5,15.0,25.0,1,20.0,1.5,1,server-3,1,server-3,1,server-3,1,server-3,1,server-3,SVM,5
p12_exp_10_high_lc_seen_11,p12_exp_10_high_lc_seen,high_load,high_load,10,0.0,0.04,server-2,15.0,25.0,0,20.0,1.5,15.0,25.0,1,20.0,1.5,15.0,25.0,0,20.0,1.5,1,server-2,1,server-2,1,server-2,1,server-2,1,server-2,SVM,5
p12_exp_10_high_lc_seen_12,p12_exp_10_high_lc_seen,high_load,high_load,10,0.0,0.04,server-1,15.0,25.0,1,20.0,1.5,15.0,25.0,0,20.0,1.5,15.0,25.0,0,20.0,1.5,1,server-1,1,server-1,1,server-1,1,server-1,1,server-1,SVM,5
p12_exp_10_high_lc_seen_13,p12_exp_10_high_lc_seen,high_load,high_load,10,0.0,0.04,server-3,15.0,25.0,0,20.0,1.5,15.0,25.0,0,20.0,1.5,15.0,25.0,1,20.0,1.5,1,server-3,1,server-3,1,server-3,1,server-3,1,server-3,SVM,5
p12_exp_10_high_lc_seen_14,p12_exp_10_high_lc_seen,high_load,high_load,10,0.0,0.04,server-2,15.0,25.0,0,20.0,1.5,15.0,25.0,1,20.0,1.5,15.0,25.0,0,20.0,1.5,1,server-2,1,server-2,1,server-2,1,server-2,1,server-2,SVM,5
p12_exp_10_high_lc_seen_15,p12_exp_10_high_lc_seen,high_load,high_load,10,0.0,0.04,server-2,15.0,25.0,0,20.0,1.5,15.0,25.0,1,20.0,1.5,15.0,25.0,0,20.0,1.5,1,server-2,1,server-2,1,server-2,1,server-2,1,server-2,SVM,5
p12_exp_10_high_lc_seen_16,p12_exp_10_high_lc_seen,high_load,high_load,10,0.0,0.04,server-3,15.0,25.0,0,20.0,1.5,15.0,25.0,0,20.0,1.5,15.0,25.0,1,20.0,1.5,1,server-3,1,server-3,1,server-3,1,server-3,1,server-3,SVM,5
p12_exp_10_high_lc_seen_17,p12_exp_10_high_lc_seen,high_load,high_load,10,0.0,0.04,server-1,15.0,25.0,1,20.0,1.5,15.0,25.0,0,20.0,1.5,15.0,25.0,0,20.0,1.5,1,server-1,1,server-1,1,server-1,1,server-1,1,server-1,SVM,5
p12_exp_10_high_lc_seen_18,p12_exp_10_high_lc_seen,high_load,high_load,10,0.0,0.04,server-1,15.0,25.0,1,20.0,1.5,15.0,25.0,0,20.0,1.5,15.0,25.0,0,20.0,1.5,1,server-1,1,server-1,1,server-1,1,server-1,1,server-1,SVM,5
p12_exp_10_high_lc_seen_19,p12_exp_10_high_lc_seen,high_load,high_load,10,0.0,0.04,server-3,15.0,25.0,0,20.0,1.5,15.0,25.0,0,20.0,1.5,15.0,25.0,1,20.0,1.5,1,server-3,1,server-3,1,server-3,1,server-3,1,server-3,SVM,5
p12_exp_10_high_lc_seen_20,p12_exp_10_high_lc_seen,high_load,high_load,10,0.0,0.04,server-1,15.0,25.0,1,20.0,1.5,15.0,25.0,0,20.0,1.5,15.0,25.0,0,20.0,1.5,1,server-1,1,server-1,1,server-1,1,server-1,1,server-1,SVM,5
p12_exp_10_high_lc_seen_21,p12_exp_10_high_lc_seen,high_load,high_load,10,0.0,0.04,server-2,15.0,25.0,0,20.0,1.5,15.0,25.0,1,20.0,1.5,15.0,25.0,0,20.0,1.5,1,server-2,1,server-2,1,server-2,1,server-2,1,server-2,SVM,5
p12_exp_10_high_lc_seen_22,p12_exp_10_high_lc_seen,high_load,high_load,10,0.0,0.04,server-2,15.0,25.0,0,20.0,1.5,15.0,25.0,1,20.0,1.5,15.0,25.0,0,20.0,1.5,1,server-2,1,server-2,1,server-2,1,server-2,1,server-2,SVM,5
p12_exp_10_high_lc_seen_23,p12_exp_10_high_lc_seen,high_load,high_load,10,0.0,0.04,server-3,15.0,25.0,0,20.0,1.5,15.0,25.0,0,20.0,1.5,15.0,25.0,1,20.0,1.5,1,server-3,1,server-3,1,server-3,1,server-3,1,server-3,SVM,5
p12_exp_10_high_lc_seen_24,p12_exp_10_high_lc_seen,high_load,high_load,10,0.0,0.04,server-1,15.0,25.0,1,20.0,1.5,15.0,25.0,0,20.0,1.5,15.0,25.0,0,20.0,1.5,1,server-1,1,server-1,1,server-1,1,server-1,1,server-1,SVM,5
p12_exp_10_high_lc_seen_25,p12_exp_10_high_lc_seen,high_load,high_load,10,0.0,0.04,server-3,15.0,25.0,0,20.0,1.5,15.0,25.0,0,20.0,1.5,15.0,25.0,1,20.0,1.5,1,server-3,1,server-3,1,server-3,1,server-3,1,server-3,SVM,5
p12_exp_10_high_lc_seen_26,p12_exp_10_high_lc_seen,high_load,high_load,10,0.0,0.04,server-2,15.0,25.0,0,20.0,1.5,15.0,25.0,1,20.0,1.5,15.0,25.0,0,20.0,1.5,1,server-2,1,server-2,1,server-2,1,server-2,1,server-2,SVM,5
p12_exp_10_high_lc_seen_27,p12_exp_10_high_lc_seen,high_load,high_load,10,0.0,0.04,server-1,15.0,25.0,1,20.0,1.5,15.0,25.0,0,20.0,1.5,15.0,25.0,0,20.0,1.5,1,server-1,1,server-1,1,server-1,1,server-1,1,server-1,SVM,5
p12_exp_10_high_lc_seen_28,p12_exp_10_high_lc_seen,high_load,high_load,10,0.0,0.04,server-1,15.0,25.0,1,20.0,1.5,15.0,25.0,0,20.0,1.5,15.0,25.0,0,20.0,1.5,1,server-1,1,server-1,1,server-1,1,server-1,1,server-1,SVM,5
p12_exp_10_high_lc_seen_29,p12_exp_10_high_lc_seen,high_load,high_load,10,0.0,0.04,server-3,15.0,25.0,0,20.0,1.5,15.0,25.0,0,20.0,1.5,15.0,25.0,1,20.0,1.5,1,server-3,1,server-3,1,server-3,1,server-3,1,server-3,SVM,5
p12_exp_10_high_lc_seen_30,p12_exp_10_high_lc_seen,high_load,high_load,10,0.0,0.04,server-1,15.0,25.0,1,20.0,1.5,15.0,25.0,0,20.0,1.5,15.0,25.0,0,20.0,1.5,1,server-1,1,server-1,1,server-1,1,server-1,1,server-1,SVM,5
p12_exp_10_high_lc_seen_31,p12_exp_10_high_lc_seen,high_load,high_load,10,0.0,0.04,server-2,15.0,25.0,0,20.0,1.5,15.0,25.0,1,20.0,1.5,15.0,25.0,0,20.0,1.5,1,server-2,1,server-2,1,server-2,1,server-2,1,server-2,SVM,5
p12_exp_10_high_lc_seen_32,p12_exp_10_high_lc_seen,high_load,high_load,10,0.0,0.04,server-2,15.0,25.0,0,20.0,1.5,15.0,25.0,1,20.0,1.5,15.0,25.0,0,20.0,1.5,1,server-2,1,server-2,1,server-2,1,server-2,1,server-2,SVM,5
p12_exp_10_high_lc_seen_33,p12_exp_10_high_lc_seen,high_load,high_load,10,0.0,0.04,server-3,15.0,25.0,0,20.0,1.5,15.0,25.0,0,20.0,1.5,15.0,25.0,1,20.0,1.5,1,server-3,1,server-3,1,server-3,1,server-3,1,server-3,SVM,5
p12_exp_10_high_lc_seen_34,p12_exp_10_high_lc_seen,high_load,high_load,10,0.0,0.04,server-1,15.0,25.0,1,20.0,1.5,15.0,25.0,0,20.0,1.5,15.0,25.0,0,20.0,1.5,1,server-1,1,server-1,1,server-1,1,server-1,1,server-1,SVM,5
p12_exp_10_high_lc_seen_35,p12_exp_10_high_lc_seen,high_load,high_load,10,0.0,0.04,server-3,15.0,25.0,0,20.0,1.5,15.0,25.0,0,20.0,1.5,15.0,25.0,1,20.0,1.5,1,server-3,1,server-3,1,server-3,1,server-3,1,server-3,SVM,5
p12_exp_10_high_lc_seen_36,p12_exp_10_high_lc_seen,high_load,high_load,10,0.0,0.04,server-2,15.0,25.0,0,20.0,1.5,15.0,25.0,1,20.0,1.5,15.0,25.0,0,20.0,1.5,1,server-2,1,server-2,1,server-2,1,server-2,1,server-2,SVM,5
p12_exp_10_high_lc_seen_37,p12_exp_10_high_lc_seen,high_load,high_load,10,0.0,0.04,server-1,15.0,25.0,1,20.0,1.5,15.0,25.0,0,20.0,1.5,15.0,25.0,0,20.0,1.5,1,server-1,1,server-1,1,server-1,1,server-1,1,server-1,SVM,5
p12_exp_10_high_lc_seen_38,p12_exp_10_high_lc_seen,high_load,high_load,10,0.0,0.04,server-1,15.0,25.0,1,20.0,1.5,15.0,25.0,0,20.0,1.5,15.0,25.0,0,20.0,1.5,1,server-1,1,server-1,1,server-1,1,server-1,1,server-1,SVM,5
p12_exp_10_high_lc_seen_39,p12_exp_10_high_lc_seen,high_load,high_load,10,0.0,0.04,server-3,15.0,25.0,0,20.0,1.5,15.0,25.0,0,20.0,1.5,15.0,25.0,1,20.0,1.5,1,server-3,1,server-3,1,server-3,1,server-3,1,server-3,SVM,5
p12_exp_10_high_lc_seen_40,p12_exp_10_high_lc_seen,high_load,high_load,10,0.0,0.04,server-1,15.0,25.0,1,20.0,1.5,15.0,25.0,0,20.0,1.5,15.0,25.0,0,20.0,1.5,1,server-1,1,server-1,1,server-1,1,server-1,1,server-1,SVM,5
p12_exp_10_high_lc_seen_41,p12_exp_10_high_lc_seen,high_load,high_load,10,0.0,0.04,server-2,15.0,25.0,0,20.0,1.5,15.0,25.0,1,20.0,1.5,15.0,25.0,0,20.0,1.5,1,server-2,1,server-2,1,server-2,1,server-2,1,server-2,SVM,5
p12_exp_10_high_lc_seen_42,p12_exp_10_high_lc_seen,high_load,high_load,10,0.0,0.04,server-2,15.0,25.0,0,20.0,1.5,15.0,25.0,1,20.0,1.5,15.0,25.0,0,20.0,1.5,1,server-2,1,server-2,1,server-2,1,server-2,1,server-2,SVM,5
p12_exp_10_high_lc_seen_43,p12_exp_10_high_lc_seen,high_load,high_load,10,0.0,0.04,server-3,15.0,25.0,0,20.0,1.5,15.0,25.0,0,20.0,1.5,15.0,25.0,1,20.0,1.5,1,server-3,1,server-3,1,server-3,1,server-3,1,server-3,SVM,5
p12_exp_10_high_lc_seen_44,p12_exp_10_high_lc_seen,high_load,high_load,10,0.0,0.04,server-2,15.0,25.0,0,20.0,1.5,15.0,25.0,1,20.0,1.5,15.0,25.0,0,20.0,1.5,1,server-2,1,server-2,1,server-2,1,server-2,1,server-2,SVM,5
p12_exp_10_high_lc_seen_45,p12_exp_10_high_lc_seen,high_load,high_load,10,0.0,0.04,server-3,15.0,25.0,0,20.0,1.5,15.0,25.0,0,20.0,1.5,15.0,25.0,1,20.0,1.5,1,server-3,1,server-3,1,server-3,1,server-3,1,server-3,SVM,5
p12_exp_11_high_iphash_unseen_1,p12_exp_11_high_iphash_unseen,high_load,high_load,12,0.0,0.045,server-1,15.0,25.0,1,20.0,1.5,15.0,25.0,0,20.0,1.5,15.0,25.0,0,20.0,1.5,1,server-1,1,server-1,1,server-1,1,server-1,1,server-1,SVM,5
p12_exp_11_high_iphash_unseen_2,p12_exp_11_high_iphash_unseen,high_load,high_load,12,0.0,0.045,server-1,15.0,25.0,1,20.0,1.5,15.0,25.0,0,20.0,1.5,15.0,25.0,0,20.0,1.5,1,server-1,1,server-1,1,server-1,1,server-1,1,server-1,SVM,5
p12_exp_11_high_iphash_unseen_3,p12_exp_11_high_iphash_unseen,high_load,high_load,12,0.0,0.045,server-1,15.0,25.0,1,20.0,1.5,15.0,25.0,0,20.0,1.5,15.0,25.0,0,20.0,1.5,1,server-1,1,server-1,1,server-1,1,server-1,1,server-1,SVM,5
p12_exp_11_high_iphash_unseen_4,p12_exp_11_high_iphash_unseen,high_load,high_load,12,0.0,0.045,server-1,15.0,25.0,1,20.0,1.5,15.0,25.0,0,20.0,1.5,15.0,25.0,0,20.0,1.5,1,server-1,1,server-1,1,server-1,1,server-1,1,server-1,SVM,5
p12_exp_11_high_iphash_unseen_5,p12_exp_11_high_iphash_unseen,high_load,high_load,12,0.0,0.045,server-1,15.0,25.0,1,20.0,1.5,15.0,25.0,0,20.0,1.5,15.0,25.0,0,20.0,1.5,1,server-1,1,server-1,1,server-1,1,server-1,1,server-1,SVM,5
p12_exp_11_high_iphash_unseen_6,p12_exp_11_high_iphash_unseen,high_load,high_load,12,0.0,0.045,server-1,15.0,25.0,1,20.0,1.5,15.0,25.0,0,20.0,1.5,15.0,25.0,0,20.0,1.5,1,server-1,1,server-1,1,server-1,1,server-1,1,server-1,SVM,5
p12_exp_11_high_iphash_unseen_7,p12_exp_11_high_iphash_unseen,high_load,high_load,12,0.0,0.045,server-1,15.0,25.0,1,20.0,1.5,15.0,25.0,0,20.0,1.5,15.0,25.0,0,20.0,1.5,1,server-1,1,server-1,1,server-1,1,server-1,1,server-1,SVM,5
p12_exp_11_high_iphash_unseen_8,p12_exp_11_high_iphash_unseen,high_load,high_load,12,0.0,0.045,server-1,15.0,25.0,1,20.0,1.5,15.0,25.0,0,20.0,1.5,15.0,25.0,0,20.0,1.5,1,server-1,1,server-1,1,server-1,1,server-1,1,server-1,SVM,5
p12_exp_11_high_iphash_unseen_9,p12_exp_11_high_iphash_unseen,high_load,high_load,12,0.0,0.045,server-1,15.0,25.0,1,20.0,1.5,15.0,25.0,0,20.0,1.5,15.0,25.0,0,20.0,1.5,1,server-1,1,server-1,1,server-1,1,server-1,1,server-1,SVM,5
p12_exp_11_high_iphash_unseen_10,p12_exp_11_high_iphash_unseen,high_load,high_load,12,0.0,0.045,server-1,15.0,25.0,1,20.0,1.5,15.0,25.0,0,20.0,1.5,15.0,25.0,0,20.0,1.5,1,server-1,1,server-1,1,server-1,1,server-1,1,server-1,SVM,5
p12_exp_11_high_iphash_unseen_11,p12_exp_11_high_iphash_unseen,high_load,high_load,12,0.0,0.045,server-1,15.0,25.0,1,20.0,1.5,15.0,25.0,0,20.0,1.5,15.0,25.0,0,20.0,1.5,1,server-1,1,server-1,1,server-1,1,server-1,1,server-1,SVM,5
p12_exp_11_high_iphash_unseen_12,p12_exp_11_high_iphash_unseen,high_load,high_load,12,0.0,0.045,server-1,15.0,25.0,1,20.0,1.5,15.0,25.0,0,20.0,1.5,15.0,25.0,0,20.0,1.5,1,server-1,1,server-1,1,server-1,1,server-1,1,server-1,SVM,5
p12_exp_11_high_iphash_unseen_13,p12_exp_11_high_iphash_unseen,high_load,high_load,12,0.0,0.045,server-1,15.0,25.0,1,20.0,1.5,15.0,25.0,0,20.0,1.5,15.0,25.0,0,20.0,1.5,1,server-1,1,server-1,1,server-1,1,server-1,1,server-1,SVM,5
p12_exp_11_high_iphash_unseen_14,p12_exp_11_high_iphash_unseen,high_load,high_load,12,0.0,0.045,server-1,15.0,25.0,1,20.0,1.5,15.0,25.0,0,20.0,1.5,15.0,25.0,0,20.0,1.5,1,server-1,1,server-1,1,server-1,1,server-1,1,server-1,SVM,5
p12_exp_11_high_iphash_unseen_15,p12_exp_11_high_iphash_unseen,high_load,high_load,12,0.0,0.045,server-1,15.0,25.0,1,20.0,1.5,15.0,25.0,0,20.0,1.5,15.0,25.0,0,20.0,1.5,1,server-1,1,server-1,1,server-1,1,server-1,1,server-1,SVM,5
p12_exp_11_high_iphash_unseen_16,p12_exp_11_high_iphash_unseen,high_load,high_load,12,0.0,0.045,server-1,15.0,25.0,1,20.0,1.5,15.0,25.0,0,20.0,1.5,15.0,25.0,0,20.0,1.5,1,server-1,1,server-1,1,server-1,1,server-1,1,server-1,SVM,5
p12_exp_11_high_iphash_unseen_17,p12_exp_11_high_iphash_unseen,high_load,high_load,12,0.0,0.045,server-1,15.0,25.0,1,20.0,1.5,15.0,25.0,0,20.0,1.5,15.0,25.0,0,20.0,1.5,1,server-1,1,server-1,1,server-1,1,server-1,1,server-1,SVM,5
p12_exp_11_high_iphash_unseen_18,p12_exp_11_high_iphash_unseen,high_load,high_load,12,0.0,0.045,server-1,15.0,25.0,1,20.0,1.5,15.0,25.0,0,20.0,1.5,15.0,25.0,0,20.0,1.5,1,server-1,1,server-1,1,server-1,1,server-1,1,server-1,SVM,5
p12_exp_11_high_iphash_unseen_19,p12_exp_11_high_iphash_unseen,high_load,high_load,12,0.0,0.045,server-1,15.0,25.0,1,20.0,1.5,15.0,25.0,0,20.0,1.5,15.0,25.0,0,20.0,1.5,1,server-1,1,server-1,1,server-1,1,server-1,1,server-1,SVM,5
p12_exp_11_high_iphash_unseen_20,p12_exp_11_high_iphash_unseen,high_load,high_load,12,0.0,0.045,server-1,15.0,25.0,1,20.0,1.5,15.0,25.0,0,20.0,1.5,15.0,25.0,0,20.0,1.5,1,server-1,1,server-1,1,server-1,1,server-1,1,server-1,SVM,5
p12_exp_11_high_iphash_unseen_21,p12_exp_11_high_iphash_unseen,high_load,high_load,12,0.0,0.045,server-1,15.0,25.0,1,20.0,1.5,15.0,25.0,0,20.0,1.5,15.0,25.0,0,20.0,1.5,1,server-1,1,server-1,1,server-1,1,server-1,1,server-1,SVM,5
p12_exp_11_high_iphash_unseen_22,p12_exp_11_high_iphash_unseen,high_load,high_load,12,0.0,0.045,server-1,15.0,25.0,1,20.0,1.5,15.0,25.0,0,20.0,1.5,15.0,25.0,0,20.0,1.5,1,server-1,1,server-1,1,server-1,1,server-1,1,server-1,SVM,5
p12_exp_11_high_iphash_unseen_23,p12_exp_11_high_iphash_unseen,high_load,high_load,12,0.0,0.045,server-1,15.0,25.0,1,20.0,1.5,15.0,25.0,0,20.0,1.5,15.0,25.0,0,20.0,1.5,1,server-1,1,server-1,1,server-1,1,server-1,1,server-1,SVM,5
p12_exp_11_high_iphash_unseen_24,p12_exp_11_high_iphash_unseen,high_load,high_load,12,0.0,0.045,server-1,15.0,25.0,1,20.0,1.5,15.0,25.0,0,20.0,1.5,15.0,25.0,0,20.0,1.5,1,server-1,1,server-1,1,server-1,1,server-1,1,server-1,SVM,5
p12_exp_11_high_iphash_unseen_25,p12_exp_11_high_iphash_unseen,high_load,high_load,12,0.0,0.045,server-1,15.0,25.0,1,20.0,1.5,15.0,25.0,0,20.0,1.5,15.0,25.0,0,20.0,1.5,1,server-1,1,server-1,1,server-1,1,server-1,1,server-1,SVM,5
p12_exp_11_high_iphash_unseen_26,p12_exp_11_high_iphash_unseen,high_load,high_load,12,0.0,0.045,server-1,15.0,25.0,1,20.0,1.5,15.0,25.0,0,20.0,1.5,15.0,25.0,0,20.0,1.5,1,server-1,1,server-1,1,server-1,1,server-1,1,server-1,SVM,5
p12_exp_11_high_iphash_unseen_27,p12_exp_11_high_iphash_unseen,high_load,high_load,12,0.0,0.045,server-1,15.0,25.0,1,20.0,1.5,15.0,25.0,0,20.0,1.5,15.0,25.0,0,20.0,1.5,1,server-1,1,server-1,1,server-1,1,server-1,1,server-1,SVM,5
p12_exp_11_high_iphash_unseen_28,p12_exp_11_high_iphash_unseen,high_load,high_load,12,0.0,0.045,server-1,15.0,25.0,1,20.0,1.5,15.0,25.0,0,20.0,1.5,15.0,25.0,0,20.0,1.5,1,server-1,1,server-1,1,server-1,1,server-1,1,server-1,SVM,5
p12_exp_11_high_iphash_unseen_29,p12_exp_11_high_iphash_unseen,high_load,high_load,12,0.0,0.045,server-1,15.0,25.0,1,20.0,1.5,15.0,25.0,0,20.0,1.5,15.0,25.0,0,20.0,1.5,1,server-1,1,server-1,1,server-1,1,server-1,1,server-1,SVM,5
p12_exp_11_high_iphash_unseen_30,p12_exp_11_high_iphash_unseen,high_load,high_load,12,0.0,0.045,server-1,15.0,25.0,1,20.0,1.5,15.0,25.0,0,20.0,1.5,15.0,25.0,0,20.0,1.5,1,server-1,1,server-1,1,server-1,1,server-1,1,server-1,SVM,5
p12_exp_11_high_iphash_unseen_31,p12_exp_11_high_iphash_unseen,high_load,high_load,12,0.0,0.045,server-1,15.0,25.0,1,20.0,1.5,15.0,25.0,0,20.0,1.5,15.0,25.0,0,20.0,1.5,1,server-1,1,server-1,1,server-1,1,server-1,1,server-1,SVM,5
p12_exp_11_high_iphash_unseen_32,p12_exp_11_high_iphash_unseen,high_load,high_load,12,0.0,0.045,server-1,15.0,25.0,1,20.0,1.5,15.0,25.0,0,20.0,1.5,15.0,25.0,0,20.0,1.5,1,server-1,1,server-1,1,server-1,1,server-1,1,server-1,SVM,5
p12_exp_11_high_iphash_unseen_33,p12_exp_11_high_iphash_unseen,high_load,high_load,12,0.0,0.045,server-1,15.0,25.0,1,20.0,1.5,15.0,25.0,0,20.0,1.5,15.0,25.0,0,20.0,1.5,1,server-1,1,server-1,1,server-1,1,server-1,1,server-1,SVM,5
p12_exp_11_high_iphash_unseen_34,p12_exp_11_high_iphash_unseen,high_load,high_load,12,0.0,0.045,server-1,15.0,25.0,1,20.0,1.5,15.0,25.0,0,20.0,1.5,15.0,25.0,0,20.0,1.5,1,server-1,1,server-1,1,server-1,1,server-1,1,server-1,SVM,5
p12_exp_11_high_iphash_unseen_35,p12_exp_11_high_iphash_unseen,high_load,high_load,12,0.0,0.045,server-1,15.0,25.0,1,20.0,1.5,15.0,25.0,0,20.0,1.5,15.0,25.0,0,20.0,1.5,1,server-1,1,server-1,1,server-1,1,server-1,1,server-1,SVM,5
p12_exp_11_high_iphash_unseen_36,p12_exp_11_high_iphash_unseen,high_load,high_load,12,0.0,0.045,server-1,15.0,25.0,1,20.0,1.5,15.0,25.0,0,20.0,1.5,15.0,25.0,0,20.0,1.5,1,server-1,1,server-1,1,server-1,1,server-1,1,server-1,SVM,5
p12_exp_11_high_iphash_unseen_37,p12_exp_11_high_iphash_unseen,high_load,high_load,12,0.0,0.045,server-1,15.0,25.0,1,20.0,1.5,15.0,25.0,0,20.0,1.5,15.0,25.0,0,20.0,1.5,1,server-1,1,server-1,1,server-1,1,server-1,1,server-1,SVM,5
p12_exp_11_high_iphash_unseen_38,p12_exp_11_high_iphash_unseen,high_load,high_load,12,0.0,0.045,server-1,15.0,25.0,1,20.0,1.5,15.0,25.0,0,20.0,1.5,15.0,25.0,0,20.0,1.5,1,server-1,1,server-1,1,server-1,1,server-1,1,server-1,SVM,5
p12_exp_11_high_iphash_unseen_39,p12_exp_11_high_iphash_unseen,high_load,high_load,12,0.0,0.045,server-1,15.0,25.0,1,20.0,1.5,15.0,25.0,0,20.0,1.5,15.0,25.0,0,20.0,1.5,1,server-1,1,server-1,1,server-1,1,server-1,1,server-1,SVM,5
p12_exp_11_high_iphash_unseen_40,p12_exp_11_high_iphash_unseen,high_load,high_load,12,0.0,0.045,server-1,15.0,25.0,1,20.0,1.5,15.0,25.0,0,20.0,1.5,15.0,25.0,0,20.0,1.5,1,server-1,1,server-1,1,server-1,1,server-1,1,server-1,SVM,5
p12_exp_11_high_iphash_unseen_41,p12_exp_11_high_iphash_unseen,high_load,high_load,12,0.0,0.045,server-1,15.0,25.0,1,20.0,1.5,15.0,25.0,0,20.0,1.5,15.0,25.0,0,20.0,1.5,1,server-1,1,server-1,1,server-1,1,server-1,1,server-1,SVM,5
p12_exp_11_high_iphash_unseen_42,p12_exp_11_high_iphash_unseen,high_load,high_load,12,0.0,0.045,server-1,15.0,25.0,1,20.0,1.5,15.0,25.0,0,20.0,1.5,15.0,25.0,0,20.0,1.5,1,server-1,1,server-1,1,server-1,1,server-1,1,server-1,SVM,5
p12_exp_11_high_iphash_unseen_43,p12_exp_11_high_iphash_unseen,high_load,high_load,12,0.0,0.045,server-1,15.0,25.0,1,20.0,1.5,15.0,25.0,0,20.0,1.5,15.0,25.0,0,20.0,1.5,1,server-1,1,server-1,1,server-1,1,server-1,1,server-1,SVM,5
p12_exp_11_high_iphash_unseen_44,p12_exp_11_high_iphash_unseen,high_load,high_load,12,0.0,0.045,server-1,15.0,25.0,1,20.0,1.5,15.0,25.0,0,20.0,1.5,15.0,25.0,0,20.0,1.5,1,server-1,1,server-1,1,server-1,1,server-1,1,server-1,SVM,5
p12_exp_11_high_iphash_unseen_45,p12_exp_11_high_iphash_unseen,high_load,high_load,12,0.0,0.045,server-1,15.0,25.0,1,20.0,1.5,15.0,25.0,0,20.0,1.5,15.0,25.0,0,20.0,1.5,1,server-1,1,server-1,1,server-1,1,server-1,1,server-1,SVM,5
p12_exp_12_high_ml_unseen_1,p12_exp_12_high_ml_unseen,high_load,high_load,14,0.0,0.045,server-3,15.0,25.0,0,20.0,1.5,15.0,25.0,0,20.0,1.5,15.0,25.0,1,20.0,1.5,1,server-3,1,server-3,1,server-3,1,server-3,1,server-3,SVM,5
p12_exp_12_high_ml_unseen_2,p12_exp_12_high_ml_unseen,high_load,high_load,14,0.0,0.045,server-3,15.0,25.0,0,20.0,1.5,15.0,25.0,0,20.0,1.5,15.0,25.0,1,20.0,1.5,1,server-3,1,server-3,1,server-3,1,server-3,1,server-3,SVM,5
p12_exp_12_high_ml_unseen_3,p12_exp_12_high_ml_unseen,high_load,high_load,14,0.0,0.045,server-3,15.0,25.0,0,20.0,1.5,15.0,25.0,0,20.0,1.5,15.0,25.0,1,20.0,1.5,1,server-3,1,server-3,1,server-3,1,server-3,1,server-3,SVM,5
p12_exp_12_high_ml_unseen_4,p12_exp_12_high_ml_unseen,high_load,high_load,14,0.0,0.045,server-3,15.0,25.0,0,20.0,1.5,15.0,25.0,0,20.0,1.5,15.0,25.0,1,20.0,1.5,1,server-3,1,server-3,1,server-3,1,server-3,1,server-3,SVM,5
p12_exp_12_high_ml_unseen_5,p12_exp_12_high_ml_unseen,high_load,high_load,14,0.0,0.045,server-3,15.0,25.0,0,20.0,1.5,15.0,25.0,0,20.0,1.5,15.0,25.0,1,20.0,1.5,1,server-3,1,server-3,1,server-3,1,server-3,1,server-3,SVM,5
p12_exp_12_high_ml_unseen_6,p12_exp_12_high_ml_unseen,high_load,high_load,14,0.0,0.045,server-3,15.0,25.0,0,20.0,1.5,15.0,25.0,0,20.0,1.5,15.0,25.0,1,20.0,1.5,1,server-3,1,server-3,1,server-3,1,server-3,1,server-3,SVM,5
p12_exp_12_high_ml_unseen_7,p12_exp_12_high_ml_unseen,high_load,high_load,14,0.0,0.045,server-3,15.0,25.0,0,20.0,1.5,15.0,25.0,0,20.0,1.5,15.0,25.0,1,20.0,1.5,1,server-3,1,server-3,1,server-3,1,server-3,1,server-3,SVM,5
p12_exp_12_high_ml_unseen_8,p12_exp_12_high_ml_unseen,high_load,high_load,14,0.0,0.045,server-3,15.0,25.0,0,20.0,1.5,15.0,25.0,0,20.0,1.5,15.0,25.0,1,20.0,1.5,1,server-3,1,server-3,1,server-3,1,server-3,1,server-3,SVM,5
p12_exp_12_high_ml_unseen_9,p12_exp_12_high_ml_unseen,high_load,high_load,14,0.0,0.045,server-3,15.0,25.0,0,20.0,1.5,15.0,25.0,0,20.0,1.5,15.0,25.0,1,20.0,1.5,1,server-3,1,server-3,1,server-3,1,server-3,1,server-3,SVM,5
p12_exp_12_high_ml_unseen_10,p12_exp_12_high_ml_unseen,high_load,high_load,14,0.0,0.045,server-3,15.0,25.0,0,20.0,1.5,15.0,25.0,0,20.0,1.5,15.0,25.0,1,20.0,1.5,1,server-3,1,server-3,1,server-3,1,server-3,1,server-3,SVM,5
p12_exp_12_high_ml_unseen_11,p12_exp_12_high_ml_unseen,high_load,high_load,14,0.0,0.045,server-3,15.0,25.0,0,20.0,1.5,15.0,25.0,0,20.0,1.5,15.0,25.0,1,20.0,1.5,1,server-3,1,server-3,1,server-3,1,server-3,1,server-3,SVM,5
p12_exp_12_high_ml_unseen_12,p12_exp_12_high_ml_unseen,high_load,high_load,14,0.0,0.045,server-3,15.0,25.0,0,20.0,1.5,15.0,25.0,0,20.0,1.5,15.0,25.0,1,20.0,1.5,1,server-3,1,server-3,1,server-3,1,server-3,1,server-3,SVM,5
p12_exp_12_high_ml_unseen_13,p12_exp_12_high_ml_unseen,high_load,high_load,14,0.0,0.045,server-3,15.0,25.0,0,20.0,1.5,15.0,25.0,0,20.0,1.5,15.0,25.0,1,20.0,1.5,1,server-3,1,server-3,1,server-3,1,server-3,1,server-3,SVM,5
p12_exp_12_high_ml_unseen_14,p12_exp_12_high_ml_unseen,high_load,high_load,14,0.0,0.045,server-3,15.0,25.0,0,20.0,1.5,15.0,25.0,0,20.0,1.5,15.0,25.0,1,20.0,1.5,1,server-3,1,server-3,1,server-3,1,server-3,1,server-3,SVM,5
p12_exp_12_high_ml_unseen_15,p12_exp_12_high_ml_unseen,high_load,high_load,14,0.0,0.045,server-3,15.0,25.0,0,20.0,1.5,15.0,25.0,0,20.0,1.5,15.0,25.0,1,20.0,1.5,1,server-3,1,server-3,1,server-3,1,server-3,1,server-3,SVM,5
p12_exp_12_high_ml_unseen_16,p12_exp_12_high_ml_unseen,high_load,high_load,14,0.0,0.045,server-3,15.0,25.0,0,20.0,1.5,15.0,25.0,0,20.0,1.5,15.0,25.0,1,20.0,1.5,1,server-3,1,server-3,1,server-3,1,server-3,1,server-3,SVM,5
p12_exp_12_high_ml_unseen_17,p12_exp_12_high_ml_unseen,high_load,high_load,14,0.0,0.045,server-3,15.0,25.0,0,20.0,1.5,15.0,25.0,0,20.0,1.5,15.0,25.0,1,20.0,1.5,1,server-3,1,server-3,1,server-3,1,server-3,1,server-3,SVM,5
p12_exp_12_high_ml_unseen_18,p12_exp_12_high_ml_unseen,high_load,high_load,14,0.0,0.045,server-3,15.0,25.0,0,20.0,1.5,15.0,25.0,0,20.0,1.5,15.0,25.0,1,20.0,1.5,1,server-3,1,server-3,1,server-3,1,server-3,1,server-3,SVM,5
p12_exp_12_high_ml_unseen_19,p12_exp_12_high_ml_unseen,high_load,high_load,14,0.0,0.045,server-3,15.0,25.0,0,20.0,1.5,15.0,25.0,0,20.0,1.5,15.0,25.0,1,20.0,1.5,1,server-3,1,server-3,1,server-3,1,server-3,1,server-3,SVM,5
p12_exp_12_high_ml_unseen_20,p12_exp_12_high_ml_unseen,high_load,high_load,14,0.0,0.045,server-3,15.0,25.0,0,20.0,1.5,15.0,25.0,0,20.0,1.5,15.0,25.0,1,20.0,1.5,1,server-3,1,server-3,1,server-3,1,server-3,1,server-3,SVM,5
p12_exp_12_high_ml_unseen_21,p12_exp_12_high_ml_unseen,high_load,high_load,14,0.0,0.045,server-3,15.0,25.0,0,20.0,1.5,15.0,25.0,0,20.0,1.5,15.0,25.0,1,20.0,1.5,1,server-3,1,server-3,1,server-3,1,server-3,1,server-3,SVM,5
p12_exp_12_high_ml_unseen_22,p12_exp_12_high_ml_unseen,high_load,high_load,14,0.0,0.045,server-3,15.0,25.0,0,20.0,1.5,15.0,25.0,0,20.0,1.5,15.0,25.0,1,20.0,1.5,1,server-3,1,server-3,1,server-3,1,server-3,1,server-3,SVM,5
p12_exp_12_high_ml_unseen_23,p12_exp_12_high_ml_unseen,high_load,high_load,14,0.0,0.045,server-3,15.0,25.0,0,20.0,1.5,15.0,25.0,0,20.0,1.5,15.0,25.0,1,20.0,1.5,1,server-3,1,server-3,1,server-3,1,server-3,1,server-3,SVM,5
p12_exp_12_high_ml_unseen_24,p12_exp_12_high_ml_unseen,high_load,high_load,14,0.0,0.045,server-3,15.0,25.0,0,20.0,1.5,15.0,25.0,0,20.0,1.5,15.0,25.0,1,20.0,1.5,1,server-3,1,server-3,1,server-3,1,server-3,1,server-3,SVM,5
p12_exp_12_high_ml_unseen_25,p12_exp_12_high_ml_unseen,high_load,high_load,14,0.0,0.045,server-3,15.0,25.0,0,20.0,1.5,15.0,25.0,0,20.0,1.5,15.0,25.0,1,20.0,1.5,1,server-3,1,server-3,1,server-3,1,server-3,1,server-3,SVM,5
p12_exp_12_high_ml_unseen_26,p12_exp_12_high_ml_unseen,high_load,high_load,14,0.0,0.045,server-3,15.0,25.0,0,20.0,1.5,15.0,25.0,0,20.0,1.5,15.0,25.0,1,20.0,1.5,1,server-3,1,server-3,1,server-3,1,server-3,1,server-3,SVM,5
p12_exp_12_high_ml_unseen_27,p12_exp_12_high_ml_unseen,high_load,high_load,14,0.0,0.045,server-3,15.0,25.0,0,20.0,1.5,15.0,25.0,0,20.0,1.5,15.0,25.0,1,20.0,1.5,1,server-3,1,server-3,1,server-3,1,server-3,1,server-3,SVM,5
p12_exp_12_high_ml_unseen_28,p12_exp_12_high_ml_unseen,high_load,high_load,14,0.0,0.045,server-3,15.0,25.0,0,20.0,1.5,15.0,25.0,0,20.0,1.5,15.0,25.0,1,20.0,1.5,1,server-3,1,server-3,1,server-3,1,server-3,1,server-3,SVM,5
p12_exp_12_high_ml_unseen_29,p12_exp_12_high_ml_unseen,high_load,high_load,14,0.0,0.045,server-3,15.0,25.0,0,20.0,1.5,15.0,25.0,0,20.0,1.5,15.0,25.0,1,20.0,1.5,1,server-3,1,server-3,1,server-3,1,server-3,1,server-3,SVM,5
p12_exp_12_high_ml_unseen_30,p12_exp_12_high_ml_unseen,high_load,high_load,14,0.0,0.045,server-3,15.0,25.0,0,20.0,1.5,15.0,25.0,0,20.0,1.5,15.0,25.0,1,20.0,1.5,1,server-3,1,server-3,1,server-3,1,server-3,1,server-3,SVM,5
p12_exp_12_high_ml_unseen_31,p12_exp_12_high_ml_unseen,high_load,high_load,14,0.0,0.045,server-3,15.0,25.0,0,20.0,1.5,15.0,25.0,0,20.0,1.5,15.0,25.0,1,20.0,1.5,1,server-3,1,server-3,1,server-3,1,server-3,1,server-3,SVM,5
p12_exp_12_high_ml_unseen_32,p12_exp_12_high_ml_unseen,high_load,high_load,14,0.0,0.045,server-3,15.0,25.0,0,20.0,1.5,15.0,25.0,0,20.0,1.5,15.0,25.0,1,20.0,1.5,1,server-3,1,server-3,1,server-3,1,server-3,1,server-3,SVM,5
p12_exp_12_high_ml_unseen_33,p12_exp_12_high_ml_unseen,high_load,high_load,14,0.0,0.045,server-3,15.0,25.0,0,20.0,1.5,15.0,25.0,0,20.0,1.5,15.0,25.0,1,20.0,1.5,1,server-3,1,server-3,1,server-3,1,server-3,1,server-3,SVM,5
p12_exp_12_high_ml_unseen_34,p12_exp_12_high_ml_unseen,high_load,high_load,14,0.0,0.045,server-3,15.0,25.0,0,20.0,1.5,15.0,25.0,0,20.0,1.5,15.0,25.0,1,20.0,1.5,1,server-3,1,server-3,1,server-3,1,server-3,1,server-3,SVM,5
p12_exp_12_high_ml_unseen_35,p12_exp_12_high_ml_unseen,high_load,high_load,14,0.0,0.045,server-3,15.0,25.0,0,20.0,1.5,15.0,25.0,0,20.0,1.5,15.0,25.0,1,20.0,1.5,1,server-3,1,server-3,1,server-3,1,server-3,1,server-3,SVM,5
p12_exp_12_high_ml_unseen_36,p12_exp_12_high_ml_unseen,high_load,high_load,14,0.0,0.045,server-3,15.0,25.0,0,20.0,1.5,15.0,25.0,0,20.0,1.5,15.0,25.0,1,20.0,1.5,1,server-3,1,server-3,1,server-3,1,server-3,1,server-3,SVM,5
p12_exp_12_high_ml_unseen_37,p12_exp_12_high_ml_unseen,high_load,high_load,14,0.0,0.045,server-3,15.0,25.0,0,20.0,1.5,15.0,25.0,0,20.0,1.5,15.0,25.0,1,20.0,1.5,1,server-3,1,server-3,1,server-3,1,server-3,1,server-3,SVM,5
p12_exp_12_high_ml_unseen_38,p12_exp_12_high_ml_unseen,high_load,high_load,14,0.0,0.045,server-3,15.0,25.0,0,20.0,1.5,15.0,25.0,0,20.0,1.5,15.0,25.0,1,20.0,1.5,1,server-3,1,server-3,1,server-3,1,server-3,1,server-3,SVM,5
p12_exp_12_high_ml_unseen_39,p12_exp_12_high_ml_unseen,high_load,high_load,14,0.0,0.045,server-3,15.0,25.0,0,20.0,1.5,15.0,25.0,0,20.0,1.5,15.0,25.0,1,20.0,1.5,1,server-3,1,server-3,1,server-3,1,server-3,1,server-3,SVM,5
p12_exp_12_high_ml_unseen_40,p12_exp_12_high_ml_unseen,high_load,high_load,14,0.0,0.045,server-3,15.0,25.0,0,20.0,1.5,15.0,25.0,0,20.0,1.5,15.0,25.0,1,20.0,1.5,1,server-3,1,server-3,1,server-3,1,server-3,1,server-3,SVM,5
p12_exp_12_high_ml_unseen_41,p12_exp_12_high_ml_unseen,high_load,high_load,14,0.0,0.045,server-3,15.0,25.0,0,20.0,1.5,15.0,25.0,0,20.0,1.5,15.0,25.0,1,20.0,1.5,1,server-3,1,server-3,1,server-3,1,server-3,1,server-3,SVM,5
p12_exp_12_high_ml_unseen_42,p12_exp_12_high_ml_unseen,high_load,high_load,14,0.0,0.045,server-3,15.0,25.0,0,20.0,1.5,15.0,25.0,0,20.0,1.5,15.0,25.0,1,20.0,1.5,1,server-3,1,server-3,1,server-3,1,server-3,1,server-3,SVM,5
p12_exp_12_high_ml_unseen_43,p12_exp_12_high_ml_unseen,high_load,high_load,14,0.0,0.045,server-3,15.0,25.0,0,20.0,1.5,15.0,25.0,0,20.0,1.5,15.0,25.0,1,20.0,1.5,1,server-3,1,server-3,1,server-3,1,server-3,1,server-3,SVM,5
p12_exp_12_high_ml_unseen_44,p12_exp_12_high_ml_unseen,high_load,high_load,14,0.0,0.045,server-3,15.0,25.0,0,20.0,1.5,15.0,25.0,0,20.0,1.5,15.0,25.0,1,20.0,1.5,1,server-3,1,server-3,1,server-3,1,server-3,1,server-3,SVM,5
p12_exp_12_high_ml_unseen_45,p12_exp_12_high_ml_unseen,high_load,high_load,14,0.0,0.045,server-3,15.0,25.0,0,20.0,1.5,15.0,25.0,0,20.0,1.5,15.0,25.0,1,20.0,1.5,1,server-3,1,server-3,1,server-3,1,server-3,1,server-3,SVM,5
p12_exp_13_high_rr_unseen_bursty_1,p12_exp_13_high_rr_unseen_bursty,high_load,high_load,15,0.0,0.04,server-2,15.0,25.0,0,20.0,1.5,15.0,25.0,1,20.0,1.5,15.0,25.0,0,20.0,1.5,1,server-2,1,server-2,1,server-2,1,server-2,1,server-2,SVM,5
p12_exp_13_high_rr_unseen_bursty_2,p12_exp_13_high_rr_unseen_bursty,high_load,high_load,15,0.0,0.04,server-3,15.0,25.0,0,20.0,1.5,15.0,25.0,0,20.0,1.5,15.0,25.0,1,20.0,1.5,1,server-3,1,server-3,1,server-3,1,server-3,1,server-3,SVM,5
p12_exp_13_high_rr_unseen_bursty_3,p12_exp_13_high_rr_unseen_bursty,high_load,high_load,15,0.0,0.04,server-1,15.0,25.0,1,20.0,1.5,15.0,25.0,0,20.0,1.5,15.0,25.0,0,20.0,1.5,1,server-1,1,server-1,1,server-1,1,server-1,1,server-1,SVM,5
p12_exp_13_high_rr_unseen_bursty_4,p12_exp_13_high_rr_unseen_bursty,high_load,high_load,15,0.0,0.04,server-2,15.0,25.0,0,20.0,1.5,15.0,25.0,1,20.0,1.5,15.0,25.0,0,20.0,1.5,1,server-2,1,server-2,1,server-2,1,server-2,1,server-2,SVM,5
p12_exp_13_high_rr_unseen_bursty_5,p12_exp_13_high_rr_unseen_bursty,high_load,high_load,15,0.0,0.04,server-3,15.0,25.0,0,20.0,1.5,15.0,25.0,0,20.0,1.5,15.0,25.0,1,20.0,1.5,1,server-3,1,server-3,1,server-3,1,server-3,1,server-3,SVM,5
p12_exp_13_high_rr_unseen_bursty_6,p12_exp_13_high_rr_unseen_bursty,high_load,high_load,15,0.0,0.04,server-1,15.0,25.0,1,20.0,1.5,15.0,25.0,0,20.0,1.5,15.0,25.0,0,20.0,1.5,1,server-1,1,server-1,1,server-1,1,server-1,1,server-1,SVM,5
p12_exp_13_high_rr_unseen_bursty_7,p12_exp_13_high_rr_unseen_bursty,high_load,high_load,15,0.0,0.04,server-2,15.0,25.0,0,20.0,1.5,15.0,25.0,1,20.0,1.5,15.0,25.0,0,20.0,1.5,1,server-2,1,server-2,1,server-2,1,server-2,1,server-2,SVM,5
p12_exp_13_high_rr_unseen_bursty_8,p12_exp_13_high_rr_unseen_bursty,high_load,high_load,15,0.0,0.04,server-3,15.0,25.0,0,20.0,1.5,15.0,25.0,0,20.0,1.5,15.0,25.0,1,20.0,1.5,1,server-3,1,server-3,1,server-3,1,server-3,1,server-3,SVM,5
p12_exp_13_high_rr_unseen_bursty_9,p12_exp_13_high_rr_unseen_bursty,high_load,high_load,15,0.0,0.04,server-1,15.0,25.0,1,20.0,1.5,15.0,25.0,0,20.0,1.5,15.0,25.0,0,20.0,1.5,1,server-1,1,server-1,1,server-1,1,server-1,1,server-1,SVM,5
p12_exp_13_high_rr_unseen_bursty_10,p12_exp_13_high_rr_unseen_bursty,high_load,high_load,15,0.0,0.04,server-2,15.0,25.0,0,20.0,1.5,15.0,25.0,1,20.0,1.5,15.0,25.0,0,20.0,1.5,1,server-2,1,server-2,1,server-2,1,server-2,1,server-2,SVM,5
p12_exp_13_high_rr_unseen_bursty_11,p12_exp_13_high_rr_unseen_bursty,high_load,high_load,15,0.0,0.04,server-3,15.0,25.0,0,20.0,1.5,15.0,25.0,0,20.0,1.5,15.0,25.0,1,20.0,1.5,1,server-3,1,server-3,1,server-3,1,server-3,1,server-3,SVM,5
p12_exp_13_high_rr_unseen_bursty_12,p12_exp_13_high_rr_unseen_bursty,high_load,high_load,15,0.0,0.04,server-1,15.0,25.0,1,20.0,1.5,15.0,25.0,0,20.0,1.5,15.0,25.0,0,20.0,1.5,1,server-1,1,server-1,1,server-1,1,server-1,1,server-1,SVM,5
p12_exp_13_high_rr_unseen_bursty_13,p12_exp_13_high_rr_unseen_bursty,high_load,high_load,15,0.0,0.04,server-2,15.0,25.0,0,20.0,1.5,15.0,25.0,1,20.0,1.5,15.0,25.0,0,20.0,1.5,1,server-2,1,server-2,1,server-2,1,server-2,1,server-2,SVM,5
p12_exp_13_high_rr_unseen_bursty_14,p12_exp_13_high_rr_unseen_bursty,high_load,high_load,15,0.0,0.04,server-3,15.0,25.0,0,20.0,1.5,15.0,25.0,0,20.0,1.5,15.0,25.0,1,20.0,1.5,1,server-3,1,server-3,1,server-3,1,server-3,1,server-3,SVM,5
p12_exp_13_high_rr_unseen_bursty_15,p12_exp_13_high_rr_unseen_bursty,high_load,high_load,15,0.0,0.04,server-1,15.0,25.0,1,20.0,1.5,15.0,25.0,0,20.0,1.5,15.0,25.0,0,20.0,1.5,1,server-1,1,server-1,1,server-1,1,server-1,1,server-1,SVM,5
p12_exp_13_high_rr_unseen_bursty_16,p12_exp_13_high_rr_unseen_bursty,high_load,high_load,15,0.0,0.04,server-2,15.0,25.0,0,20.0,1.5,15.0,25.0,1,20.0,1.5,15.0,25.0,0,20.0,1.5,1,server-2,1,server-2,1,server-2,1,server-2,1,server-2,SVM,5
p12_exp_13_high_rr_unseen_bursty_17,p12_exp_13_high_rr_unseen_bursty,high_load,high_load,15,0.0,0.04,server-3,15.0,25.0,0,20.0,1.5,15.0,25.0,0,20.0,1.5,15.0,25.0,1,20.0,1.5,1,server-3,1,server-3,1,server-3,1,server-3,1,server-3,SVM,5
p12_exp_13_high_rr_unseen_bursty_18,p12_exp_13_high_rr_unseen_bursty,high_load,high_load,15,0.0,0.04,server-1,15.0,25.0,1,20.0,1.5,15.0,25.0,0,20.0,1.5,15.0,25.0,0,20.0,1.5,1,server-1,1,server-1,1,server-1,1,server-1,1,server-1,SVM,5
p12_exp_13_high_rr_unseen_bursty_19,p12_exp_13_high_rr_unseen_bursty,high_load,high_load,15,0.0,0.04,server-2,15.0,25.0,0,20.0,1.5,15.0,25.0,1,20.0,1.5,15.0,25.0,0,20.0,1.5,1,server-2,1,server-2,1,server-2,1,server-2,1,server-2,SVM,5
p12_exp_13_high_rr_unseen_bursty_20,p12_exp_13_high_rr_unseen_bursty,high_load,high_load,15,0.0,0.04,server-3,15.0,25.0,0,20.0,1.5,15.0,25.0,0,20.0,1.5,15.0,25.0,1,20.0,1.5,1,server-3,1,server-3,1,server-3,1,server-3,1,server-3,SVM,5
p12_exp_13_high_rr_unseen_bursty_21,p12_exp_13_high_rr_unseen_bursty,high_load,high_load,15,0.0,0.04,server-2,15.0,25.0,0,20.0,1.5,15.0,25.0,1,20.0,1.5,15.0,25.0,0,20.0,1.5,1,server-2,1,server-2,1,server-2,1,server-2,1,server-2,SVM,5
p12_exp_13_high_rr_unseen_bursty_22,p12_exp_13_high_rr_unseen_bursty,high_load,high_load,15,0.0,0.04,server-1,15.0,25.0,1,20.0,1.5,15.0,25.0,0,20.0,1.5,15.0,25.0,0,20.0,1.5,1,server-1,1,server-1,1,server-1,1,server-1,1,server-1,SVM,5
p12_exp_13_high_rr_unseen_bursty_23,p12_exp_13_high_rr_unseen_bursty,high_load,high_load,15,0.0,0.04,server-3,15.0,25.0,0,20.0,1.5,15.0,25.0,0,20.0,1.5,15.0,25.0,1,20.0,1.5,1,server-3,1,server-3,1,server-3,1,server-3,1,server-3,SVM,5
p12_exp_13_high_rr_unseen_bursty_24,p12_exp_13_high_rr_unseen_bursty,high_load,high_load,15,0.0,0.04,server-2,15.0,25.0,0,20.0,1.5,15.0,25.0,1,20.0,1.5,15.0,25.0,0,20.0,1.5,1,server-2,1,server-2,1,server-2,1,server-2,1,server-2,SVM,5
p12_exp_13_high_rr_unseen_bursty_25,p12_exp_13_high_rr_unseen_bursty,high_load,high_load,15,0.0,0.04,server-1,15.0,25.0,1,20.0,1.5,15.0,25.0,0,20.0,1.5,15.0,25.0,0,20.0,1.5,1,server-1,1,server-1,1,server-1,1,server-1,1,server-1,SVM,5
p12_exp_13_high_rr_unseen_bursty_26,p12_exp_13_high_rr_unseen_bursty,high_load,high_load,15,0.0,0.04,server-3,15.0,25.0,0,20.0,1.5,15.0,25.0,0,20.0,1.5,15.0,25.0,1,20.0,1.5,1,server-3,1,server-3,1,server-3,1,server-3,1,server-3,SVM,5
p12_exp_13_high_rr_unseen_bursty_27,p12_exp_13_high_rr_unseen_bursty,high_load,high_load,15,0.0,0.04,server-3,15.0,25.0,0,20.0,1.5,15.0,25.0,0,20.0,1.5,15.0,25.0,1,20.0,1.5,1,server-3,1,server-3,1,server-3,1,server-3,1,server-3,SVM,5
p12_exp_13_high_rr_unseen_bursty_28,p12_exp_13_high_rr_unseen_bursty,high_load,high_load,15,0.0,0.04,server-1,15.0,25.0,1,20.0,1.5,15.0,25.0,0,20.0,1.5,15.0,25.0,0,20.0,1.5,1,server-1,1,server-1,1,server-1,1,server-1,1,server-1,SVM,5
p12_exp_13_high_rr_unseen_bursty_29,p12_exp_13_high_rr_unseen_bursty,high_load,high_load,15,0.0,0.04,server-2,15.0,25.0,0,20.0,1.5,15.0,25.0,1,20.0,1.5,15.0,25.0,0,20.0,1.5,1,server-2,1,server-2,1,server-2,1,server-2,1,server-2,SVM,5
p12_exp_13_high_rr_unseen_bursty_30,p12_exp_13_high_rr_unseen_bursty,high_load,high_load,15,0.0,0.04,server-1,15.0,25.0,1,20.0,1.5,15.0,25.0,0,20.0,1.5,15.0,25.0,0,20.0,1.5,1,server-1,1,server-1,1,server-1,1,server-1,1,server-1,SVM,5
p12_exp_13_high_rr_unseen_bursty_31,p12_exp_13_high_rr_unseen_bursty,high_load,high_load,15,0.0,0.04,server-2,15.0,25.0,0,20.0,1.5,15.0,25.0,1,20.0,1.5,15.0,25.0,0,20.0,1.5,1,server-2,1,server-2,1,server-2,1,server-2,1,server-2,SVM,5
p12_exp_13_high_rr_unseen_bursty_32,p12_exp_13_high_rr_unseen_bursty,high_load,high_load,15,0.0,0.04,server-1,15.0,25.0,1,20.0,1.5,15.0,25.0,0,20.0,1.5,15.0,25.0,0,20.0,1.5,1,server-1,1,server-1,1,server-1,1,server-1,1,server-1,SVM,5
p12_exp_13_high_rr_unseen_bursty_33,p12_exp_13_high_rr_unseen_bursty,high_load,high_load,15,0.0,0.04,server-3,15.0,25.0,0,20.0,1.5,15.0,25.0,0,20.0,1.5,15.0,25.0,1,20.0,1.5,1,server-3,1,server-3,1,server-3,1,server-3,1,server-3,SVM,5
p12_exp_13_high_rr_unseen_bursty_34,p12_exp_13_high_rr_unseen_bursty,high_load,high_load,15,0.0,0.04,server-2,15.0,25.0,0,20.0,1.5,15.0,25.0,1,20.0,1.5,15.0,25.0,0,20.0,1.5,1,server-2,1,server-2,1,server-2,1,server-2,1,server-2,SVM,5
p12_exp_13_high_rr_unseen_bursty_35,p12_exp_13_high_rr_unseen_bursty,high_load,high_load,15,0.0,0.04,server-3,15.0,25.0,0,20.0,1.5,15.0,25.0,0,20.0,1.5,15.0,25.0,1,20.0,1.5,1,server-3,1,server-3,1,server-3,1,server-3,1,server-3,SVM,5
p12_exp_13_high_rr_unseen_bursty_36,p12_exp_13_high_rr_unseen_bursty,high_load,high_load,15,0.0,0.04,server-1,15.0,25.0,1,20.0,1.5,15.0,25.0,0,20.0,1.5,15.0,25.0,0,20.0,1.5,1,server-1,1,server-1,1,server-1,1,server-1,1,server-1,SVM,5
p12_exp_13_high_rr_unseen_bursty_37,p12_exp_13_high_rr_unseen_bursty,high_load,high_load,15,0.0,0.04,server-2,15.0,25.0,0,20.0,1.5,15.0,25.0,1,20.0,1.5,15.0,25.0,0,20.0,1.5,1,server-2,1,server-2,1,server-2,1,server-2,1,server-2,SVM,5
p12_exp_13_high_rr_unseen_bursty_38,p12_exp_13_high_rr_unseen_bursty,high_load,high_load,15,0.0,0.04,server-3,15.0,25.0,0,20.0,1.5,15.0,25.0,0,20.0,1.5,15.0,25.0,1,20.0,1.5,1,server-3,1,server-3,1,server-3,1,server-3,1,server-3,SVM,5
p12_exp_13_high_rr_unseen_bursty_39,p12_exp_13_high_rr_unseen_bursty,high_load,high_load,15,0.0,0.04,server-1,15.0,25.0,1,20.0,1.5,15.0,25.0,0,20.0,1.5,15.0,25.0,0,20.0,1.5,1,server-1,1,server-1,1,server-1,1,server-1,1,server-1,SVM,5
p12_exp_13_high_rr_unseen_bursty_40,p12_exp_13_high_rr_unseen_bursty,high_load,high_load,15,0.0,0.04,server-2,15.0,25.0,0,20.0,1.5,15.0,25.0,1,20.0,1.5,15.0,25.0,0,20.0,1.5,1,server-2,1,server-2,1,server-2,1,server-2,1,server-2,SVM,5
p12_exp_13_high_rr_unseen_bursty_41,p12_exp_13_high_rr_unseen_bursty,high_load,high_load,15,0.0,0.04,server-3,15.0,25.0,0,20.0,1.5,15.0,25.0,0,20.0,1.5,15.0,25.0,1,20.0,1.5,1,server-3,1,server-3,1,server-3,1,server-3,1,server-3,SVM,5
p12_exp_13_high_rr_unseen_bursty_42,p12_exp_13_high_rr_unseen_bursty,high_load,high_load,15,0.0,0.04,server-2,15.0,25.0,0,20.0,1.5,15.0,25.0,1,20.0,1.5,15.0,25.0,0,20.0,1.5,1,server-2,1,server-2,1,server-2,1,server-2,1,server-2,SVM,5
p12_exp_13_high_rr_unseen_bursty_43,p12_exp_13_high_rr_unseen_bursty,high_load,high_load,15,0.0,0.04,server-1,15.0,25.0,1,20.0,1.5,15.0,25.0,0,20.0,1.5,15.0,25.0,0,20.0,1.5,1,server-1,1,server-1,1,server-1,1,server-1,1,server-1,SVM,5
p12_exp_13_high_rr_unseen_bursty_44,p12_exp_13_high_rr_unseen_bursty,high_load,high_load,15,0.0,0.04,server-3,15.0,25.0,0,20.0,1.5,15.0,25.0,0,20.0,1.5,15.0,25.0,1,20.0,1.5,1,server-3,1,server-3,1,server-3,1,server-3,1,server-3,SVM,5
p12_exp_13_high_rr_unseen_bursty_45,p12_exp_13_high_rr_unseen_bursty,high_load,high_load,15,0.0,0.04,server-1,15.0,25.0,1,20.0,1.5,15.0,25.0,0,20.0,1.5,15.0,25.0,0,20.0,1.5,1,server-1,1,server-1,1,server-1,1,server-1,1,server-1,SVM,5
p12_exp_13_high_rr_unseen_bursty_46,p12_exp_13_high_rr_unseen_bursty,high_load,high_load,15,0.0,0.04,server-2,15.0,25.0,0,20.0,1.5,15.0,25.0,1,20.0,1.5,15.0,25.0,0,20.0,1.5,1,server-2,1,server-2,1,server-2,1,server-2,1,server-2,SVM,5
p12_exp_13_high_rr_unseen_bursty_47,p12_exp_13_high_rr_unseen_bursty,high_load,high_load,15,0.0,0.04,server-3,15.0,25.0,0,20.0,1.5,15.0,25.0,0,20.0,1.5,15.0,25.0,1,20.0,1.5,1,server-3,1,server-3,1,server-3,1,server-3,1,server-3,SVM,5
p12_exp_13_high_rr_unseen_bursty_48,p12_exp_13_high_rr_unseen_bursty,high_load,high_load,15,0.0,0.04,server-1,15.0,25.0,1,20.0,1.5,15.0,25.0,0,20.0,1.5,15.0,25.0,0,20.0,1.5,1,server-1,1,server-1,1,server-1,1,server-1,1,server-1,SVM,5
p12_exp_13_high_rr_unseen_bursty_49,p12_exp_13_high_rr_unseen_bursty,high_load,high_load,15,0.0,0.04,server-2,15.0,25.0,0,20.0,1.5,15.0,25.0,1,20.0,1.5,15.0,25.0,0,20.0,1.5,1,server-2,1,server-2,1,server-2,1,server-2,1,server-2,SVM,5
p12_exp_13_high_rr_unseen_bursty_50,p12_exp_13_high_rr_unseen_bursty,high_load,high_load,15,0.0,0.04,server-3,15.0,25.0,0,20.0,1.5,15.0,25.0,0,20.0,1.5,15.0,25.0,1,20.0,1.5,1,server-3,1,server-3,1,server-3,1,server-3,1,server-3,SVM,5
p12_exp_14_burst_rr_seen_1,p12_exp_14_burst_rr_seen,burst_load,burst_load,12,0.0,0.02,server-2,15.0,25.0,0,20.0,1.5,15.0,25.0,1,20.0,1.5,15.0,25.0,0,20.0,1.5,1,server-2,1,server-2,1,server-2,1,server-2,1,server-2,SVM,5
p12_exp_14_burst_rr_seen_2,p12_exp_14_burst_rr_seen,burst_load,burst_load,12,0.0,0.02,server-3,15.0,25.0,0,20.0,1.5,15.0,25.0,0,20.0,1.5,15.0,25.0,1,20.0,1.5,1,server-3,1,server-3,1,server-3,1,server-3,1,server-3,SVM,5
p12_exp_14_burst_rr_seen_3,p12_exp_14_burst_rr_seen,burst_load,burst_load,12,0.0,0.02,server-2,15.0,25.0,0,20.0,1.5,15.0,25.0,1,20.0,1.5,15.0,25.0,0,20.0,1.5,1,server-2,1,server-2,1,server-2,1,server-2,1,server-2,SVM,5
p12_exp_14_burst_rr_seen_4,p12_exp_14_burst_rr_seen,burst_load,burst_load,12,0.0,0.02,server-1,15.0,25.0,1,20.0,1.5,15.0,25.0,0,20.0,1.5,15.0,25.0,0,20.0,1.5,1,server-1,1,server-1,1,server-1,1,server-1,1,server-1,SVM,5
p12_exp_14_burst_rr_seen_5,p12_exp_14_burst_rr_seen,burst_load,burst_load,12,0.0,0.02,server-3,15.0,25.0,0,20.0,1.5,15.0,25.0,0,20.0,1.5,15.0,25.0,1,20.0,1.5,1,server-3,1,server-3,1,server-3,1,server-3,1,server-3,SVM,5
p12_exp_14_burst_rr_seen_6,p12_exp_14_burst_rr_seen,burst_load,burst_load,12,0.0,0.02,server-1,15.0,25.0,1,20.0,1.5,15.0,25.0,0,20.0,1.5,15.0,25.0,0,20.0,1.5,1,server-1,1,server-1,1,server-1,1,server-1,1,server-1,SVM,5
p12_exp_14_burst_rr_seen_7,p12_exp_14_burst_rr_seen,burst_load,burst_load,12,0.0,0.02,server-2,15.0,25.0,0,20.0,1.5,15.0,25.0,1,20.0,1.5,15.0,25.0,0,20.0,1.5,1,server-2,1,server-2,1,server-2,1,server-2,1,server-2,SVM,5
p12_exp_14_burst_rr_seen_8,p12_exp_14_burst_rr_seen,burst_load,burst_load,12,0.0,0.02,server-3,15.0,25.0,0,20.0,1.5,15.0,25.0,0,20.0,1.5,15.0,25.0,1,20.0,1.5,1,server-3,1,server-3,1,server-3,1,server-3,1,server-3,SVM,5
p12_exp_14_burst_rr_seen_9,p12_exp_14_burst_rr_seen,burst_load,burst_load,12,0.0,0.02,server-1,15.0,25.0,1,20.0,1.5,15.0,25.0,0,20.0,1.5,15.0,25.0,0,20.0,1.5,1,server-1,1,server-1,1,server-1,1,server-1,1,server-1,SVM,5
p12_exp_14_burst_rr_seen_10,p12_exp_14_burst_rr_seen,burst_load,burst_load,12,0.0,0.02,server-2,15.0,25.0,0,20.0,1.5,15.0,25.0,1,20.0,1.5,15.0,25.0,0,20.0,1.5,1,server-2,1,server-2,1,server-2,1,server-2,1,server-2,SVM,5
p12_exp_14_burst_rr_seen_11,p12_exp_14_burst_rr_seen,burst_load,burst_load,12,0.0,0.02,server-3,15.0,25.0,0,20.0,1.5,15.0,25.0,0,20.0,1.5,15.0,25.0,1,20.0,1.5,1,server-3,1,server-3,1,server-3,1,server-3,1,server-3,SVM,5
p12_exp_14_burst_rr_seen_12,p12_exp_14_burst_rr_seen,burst_load,burst_load,12,0.0,0.02,server-2,15.0,25.0,0,20.0,1.5,15.0,25.0,1,20.0,1.5,15.0,25.0,0,20.0,1.5,1,server-2,1,server-2,1,server-2,1,server-2,1,server-2,SVM,5
p12_exp_14_burst_rr_seen_13,p12_exp_14_burst_rr_seen,burst_load,burst_load,12,0.0,0.02,server-1,15.0,25.0,1,20.0,1.5,15.0,25.0,0,20.0,1.5,15.0,25.0,0,20.0,1.5,1,server-1,1,server-1,1,server-1,1,server-1,1,server-1,SVM,5
p12_exp_14_burst_rr_seen_14,p12_exp_14_burst_rr_seen,burst_load,burst_load,12,0.0,0.02,server-2,15.0,25.0,0,20.0,1.5,15.0,25.0,1,20.0,1.5,15.0,25.0,0,20.0,1.5,1,server-2,1,server-2,1,server-2,1,server-2,1,server-2,SVM,5
p12_exp_14_burst_rr_seen_15,p12_exp_14_burst_rr_seen,burst_load,burst_load,12,0.0,0.02,server-3,15.0,25.0,0,20.0,1.5,15.0,25.0,0,20.0,1.5,15.0,25.0,1,20.0,1.5,1,server-3,1,server-3,1,server-3,1,server-3,1,server-3,SVM,5
p12_exp_14_burst_rr_seen_16,p12_exp_14_burst_rr_seen,burst_load,burst_load,12,0.0,0.02,server-1,15.0,25.0,1,20.0,1.5,15.0,25.0,0,20.0,1.5,15.0,25.0,0,20.0,1.5,1,server-1,1,server-1,1,server-1,1,server-1,1,server-1,SVM,5
p12_exp_14_burst_rr_seen_17,p12_exp_14_burst_rr_seen,burst_load,burst_load,12,0.0,0.02,server-2,15.0,25.0,0,20.0,1.5,15.0,25.0,1,20.0,1.5,15.0,25.0,0,20.0,1.5,1,server-2,1,server-2,1,server-2,1,server-2,1,server-2,SVM,5
p12_exp_14_burst_rr_seen_18,p12_exp_14_burst_rr_seen,burst_load,burst_load,12,0.0,0.02,server-3,15.0,25.0,0,20.0,1.5,15.0,25.0,0,20.0,1.5,15.0,25.0,1,20.0,1.5,1,server-3,1,server-3,1,server-3,1,server-3,1,server-3,SVM,5
p12_exp_14_burst_rr_seen_19,p12_exp_14_burst_rr_seen,burst_load,burst_load,12,0.0,0.02,server-1,15.0,25.0,1,20.0,1.5,15.0,25.0,0,20.0,1.5,15.0,25.0,0,20.0,1.5,1,server-1,1,server-1,1,server-1,1,server-1,1,server-1,SVM,5
p12_exp_14_burst_rr_seen_20,p12_exp_14_burst_rr_seen,burst_load,burst_load,12,0.0,0.02,server-2,15.0,25.0,0,20.0,1.5,15.0,25.0,1,20.0,1.5,15.0,25.0,0,20.0,1.5,1,server-2,1,server-2,1,server-2,1,server-2,1,server-2,SVM,5
p12_exp_14_burst_rr_seen_21,p12_exp_14_burst_rr_seen,burst_load,burst_load,12,0.0,0.02,server-3,15.0,25.0,0,20.0,1.5,15.0,25.0,0,20.0,1.5,15.0,25.0,1,20.0,1.5,1,server-3,1,server-3,1,server-3,1,server-3,1,server-3,SVM,5
p12_exp_14_burst_rr_seen_22,p12_exp_14_burst_rr_seen,burst_load,burst_load,12,0.0,0.02,server-1,15.0,25.0,1,20.0,1.5,15.0,25.0,0,20.0,1.5,15.0,25.0,0,20.0,1.5,1,server-1,1,server-1,1,server-1,1,server-1,1,server-1,SVM,5
p12_exp_14_burst_rr_seen_23,p12_exp_14_burst_rr_seen,burst_load,burst_load,12,0.0,0.02,server-3,15.0,25.0,0,20.0,1.5,15.0,25.0,0,20.0,1.5,15.0,25.0,1,20.0,1.5,1,server-3,1,server-3,1,server-3,1,server-3,1,server-3,SVM,5
p12_exp_14_burst_rr_seen_24,p12_exp_14_burst_rr_seen,burst_load,burst_load,12,0.0,0.02,server-2,15.0,25.0,0,20.0,1.5,15.0,25.0,1,20.0,1.5,15.0,25.0,0,20.0,1.5,1,server-2,1,server-2,1,server-2,1,server-2,1,server-2,SVM,5
p12_exp_14_burst_rr_seen_25,p12_exp_14_burst_rr_seen,burst_load,burst_load,12,0.0,0.02,server-1,15.0,25.0,1,20.0,1.5,15.0,25.0,0,20.0,1.5,15.0,25.0,0,20.0,1.5,1,server-1,1,server-1,1,server-1,1,server-1,1,server-1,SVM,5
p12_exp_14_burst_rr_seen_26,p12_exp_14_burst_rr_seen,burst_load,burst_load,12,0.0,0.02,server-2,15.0,25.0,0,20.0,1.5,15.0,25.0,1,20.0,1.5,15.0,25.0,0,20.0,1.5,1,server-2,1,server-2,1,server-2,1,server-2,1,server-2,SVM,5
p12_exp_14_burst_rr_seen_27,p12_exp_14_burst_rr_seen,burst_load,burst_load,12,0.0,0.02,server-3,15.0,25.0,0,20.0,1.5,15.0,25.0,0,20.0,1.5,15.0,25.0,1,20.0,1.5,1,server-3,1,server-3,1,server-3,1,server-3,1,server-3,SVM,5
p12_exp_14_burst_rr_seen_28,p12_exp_14_burst_rr_seen,burst_load,burst_load,12,0.0,0.02,server-2,15.0,25.0,0,20.0,1.5,15.0,25.0,1,20.0,1.5,15.0,25.0,0,20.0,1.5,1,server-2,1,server-2,1,server-2,1,server-2,1,server-2,SVM,5
p12_exp_14_burst_rr_seen_29,p12_exp_14_burst_rr_seen,burst_load,burst_load,12,0.0,0.02,server-1,15.0,25.0,1,20.0,1.5,15.0,25.0,0,20.0,1.5,15.0,25.0,0,20.0,1.5,1,server-1,1,server-1,1,server-1,1,server-1,1,server-1,SVM,5
p12_exp_14_burst_rr_seen_30,p12_exp_14_burst_rr_seen,burst_load,burst_load,12,0.0,0.02,server-3,15.0,25.0,0,20.0,1.5,15.0,25.0,0,20.0,1.5,15.0,25.0,1,20.0,1.5,1,server-3,1,server-3,1,server-3,1,server-3,1,server-3,SVM,5
p12_exp_14_burst_rr_seen_31,p12_exp_14_burst_rr_seen,burst_load,burst_load,12,0.0,0.02,server-2,15.0,25.0,0,20.0,1.5,15.0,25.0,1,20.0,1.5,15.0,25.0,0,20.0,1.5,1,server-2,1,server-2,1,server-2,1,server-2,1,server-2,SVM,5
p12_exp_14_burst_rr_seen_32,p12_exp_14_burst_rr_seen,burst_load,burst_load,12,0.0,0.02,server-1,15.0,25.0,1,20.0,1.5,15.0,25.0,0,20.0,1.5,15.0,25.0,0,20.0,1.5,1,server-1,1,server-1,1,server-1,1,server-1,1,server-1,SVM,5
p12_exp_14_burst_rr_seen_33,p12_exp_14_burst_rr_seen,burst_load,burst_load,12,0.0,0.02,server-1,15.0,25.0,1,20.0,1.5,15.0,25.0,0,20.0,1.5,15.0,25.0,0,20.0,1.5,1,server-1,1,server-1,1,server-1,1,server-1,1,server-1,SVM,5
p12_exp_14_burst_rr_seen_34,p12_exp_14_burst_rr_seen,burst_load,burst_load,12,0.0,0.02,server-3,15.0,25.0,0,20.0,1.5,15.0,25.0,0,20.0,1.5,15.0,25.0,1,20.0,1.5,1,server-3,1,server-3,1,server-3,1,server-3,1,server-3,SVM,5
p12_exp_14_burst_rr_seen_35,p12_exp_14_burst_rr_seen,burst_load,burst_load,12,0.0,0.02,server-2,15.0,25.0,0,20.0,1.5,15.0,25.0,1,20.0,1.5,15.0,25.0,0,20.0,1.5,1,server-2,1,server-2,1,server-2,1,server-2,1,server-2,SVM,5
p12_exp_14_burst_rr_seen_36,p12_exp_14_burst_rr_seen,burst_load,burst_load,12,0.0,0.02,server-3,15.0,25.0,0,20.0,1.5,15.0,25.0,0,20.0,1.5,15.0,25.0,1,20.0,1.5,1,server-3,1,server-3,1,server-3,1,server-3,1,server-3,SVM,5
p12_exp_14_burst_rr_seen_37,p12_exp_14_burst_rr_seen,burst_load,burst_load,12,0.0,0.02,server-1,15.0,25.0,1,20.0,1.5,15.0,25.0,0,20.0,1.5,15.0,25.0,0,20.0,1.5,1,server-1,1,server-1,1,server-1,1,server-1,1,server-1,SVM,5
p12_exp_14_burst_rr_seen_38,p12_exp_14_burst_rr_seen,burst_load,burst_load,12,0.0,0.02,server-2,15.0,25.0,0,20.0,1.5,15.0,25.0,1,20.0,1.5,15.0,25.0,0,20.0,1.5,1,server-2,1,server-2,1,server-2,1,server-2,1,server-2,SVM,5
p12_exp_14_burst_rr_seen_39,p12_exp_14_burst_rr_seen,burst_load,burst_load,12,0.0,0.02,server-3,15.0,25.0,0,20.0,1.5,15.0,25.0,0,20.0,1.5,15.0,25.0,1,20.0,1.5,1,server-3,1,server-3,1,server-3,1,server-3,1,server-3,SVM,5
p12_exp_14_burst_rr_seen_40,p12_exp_14_burst_rr_seen,burst_load,burst_load,12,0.0,0.02,server-1,15.0,25.0,1,20.0,1.5,15.0,25.0,0,20.0,1.5,15.0,25.0,0,20.0,1.5,1,server-1,1,server-1,1,server-1,1,server-1,1,server-1,SVM,5
p12_exp_15_burst_lc_seen_1,p12_exp_15_burst_lc_seen,burst_load,burst_load,12,0.0,0.02,server-1,15.0,25.0,1,20.0,1.5,15.0,25.0,0,20.0,1.5,15.0,25.0,0,20.0,1.5,1,server-1,1,server-1,1,server-1,1,server-1,1,server-1,SVM,5
p12_exp_15_burst_lc_seen_2,p12_exp_15_burst_lc_seen,burst_load,burst_load,12,0.0,0.02,server-2,15.0,25.0,0,20.0,1.5,15.0,25.0,1,20.0,1.5,15.0,25.0,0,20.0,1.5,1,server-2,1,server-2,1,server-2,1,server-2,1,server-2,SVM,5
p12_exp_15_burst_lc_seen_3,p12_exp_15_burst_lc_seen,burst_load,burst_load,12,0.0,0.02,server-3,15.0,25.0,0,20.0,1.5,15.0,25.0,0,20.0,1.5,15.0,25.0,1,20.0,1.5,1,server-3,1,server-3,1,server-3,1,server-3,1,server-3,SVM,5
p12_exp_15_burst_lc_seen_4,p12_exp_15_burst_lc_seen,burst_load,burst_load,12,0.0,0.02,server-1,15.0,25.0,1,20.0,1.5,15.0,25.0,0,20.0,1.5,15.0,25.0,0,20.0,1.5,1,server-1,1,server-1,1,server-1,1,server-1,1,server-1,SVM,5
p12_exp_15_burst_lc_seen_5,p12_exp_15_burst_lc_seen,burst_load,burst_load,12,0.0,0.02,server-2,15.0,25.0,0,20.0,1.5,15.0,25.0,1,20.0,1.5,15.0,25.0,0,20.0,1.5,1,server-2,1,server-2,1,server-2,1,server-2,1,server-2,SVM,5
p12_exp_15_burst_lc_seen_6,p12_exp_15_burst_lc_seen,burst_load,burst_load,12,0.0,0.02,server-3,15.0,25.0,0,20.0,1.5,15.0,25.0,0,20.0,1.5,15.0,25.0,1,20.0,1.5,1,server-3,1,server-3,1,server-3,1,server-3,1,server-3,SVM,5
p12_exp_15_burst_lc_seen_7,p12_exp_15_burst_lc_seen,burst_load,burst_load,12,0.0,0.02,server-1,15.0,25.0,1,20.0,1.5,15.0,25.0,0,20.0,1.5,15.0,25.0,0,20.0,1.5,1,server-1,1,server-1,1,server-1,1,server-1,1,server-1,SVM,5
p12_exp_15_burst_lc_seen_8,p12_exp_15_burst_lc_seen,burst_load,burst_load,12,0.0,0.02,server-2,15.0,25.0,0,20.0,1.5,15.0,25.0,1,20.0,1.5,15.0,25.0,0,20.0,1.5,1,server-2,1,server-2,1,server-2,1,server-2,1,server-2,SVM,5
p12_exp_15_burst_lc_seen_9,p12_exp_15_burst_lc_seen,burst_load,burst_load,12,0.0,0.02,server-3,15.0,25.0,0,20.0,1.5,15.0,25.0,0,20.0,1.5,15.0,25.0,1,20.0,1.5,1,server-3,1,server-3,1,server-3,1,server-3,1,server-3,SVM,5
p12_exp_15_burst_lc_seen_10,p12_exp_15_burst_lc_seen,burst_load,burst_load,12,0.0,0.02,server-1,15.0,25.0,1,20.0,1.5,15.0,25.0,0,20.0,1.5,15.0,25.0,0,20.0,1.5,1,server-1,1,server-1,1,server-1,1,server-1,1,server-1,SVM,5
p12_exp_15_burst_lc_seen_11,p12_exp_15_burst_lc_seen,burst_load,burst_load,12,0.0,0.02,server-1,15.0,25.0,1,20.0,1.5,15.0,25.0,0,20.0,1.5,15.0,25.0,0,20.0,1.5,1,server-1,1,server-1,1,server-1,1,server-1,1,server-1,SVM,5
p12_exp_15_burst_lc_seen_12,p12_exp_15_burst_lc_seen,burst_load,burst_load,12,0.0,0.02,server-3,15.0,25.0,0,20.0,1.5,15.0,25.0,0,20.0,1.5,15.0,25.0,1,20.0,1.5,1,server-3,1,server-3,1,server-3,1,server-3,1,server-3,SVM,5
p12_exp_15_burst_lc_seen_13,p12_exp_15_burst_lc_seen,burst_load,burst_load,12,0.0,0.02,server-2,15.0,25.0,0,20.0,1.5,15.0,25.0,1,20.0,1.5,15.0,25.0,0,20.0,1.5,1,server-2,1,server-2,1,server-2,1,server-2,1,server-2,SVM,5
p12_exp_15_burst_lc_seen_14,p12_exp_15_burst_lc_seen,burst_load,burst_load,12,0.0,0.02,server-2,15.0,25.0,0,20.0,1.5,15.0,25.0,1,20.0,1.5,15.0,25.0,0,20.0,1.5,1,server-2,1,server-2,1,server-2,1,server-2,1,server-2,SVM,5
p12_exp_15_burst_lc_seen_15,p12_exp_15_burst_lc_seen,burst_load,burst_load,12,0.0,0.02,server-3,15.0,25.0,0,20.0,1.5,15.0,25.0,0,20.0,1.5,15.0,25.0,1,20.0,1.5,1,server-3,1,server-3,1,server-3,1,server-3,1,server-3,SVM,5
p12_exp_15_burst_lc_seen_16,p12_exp_15_burst_lc_seen,burst_load,burst_load,12,0.0,0.02,server-1,15.0,25.0,1,20.0,1.5,15.0,25.0,0,20.0,1.5,15.0,25.0,0,20.0,1.5,1,server-1,1,server-1,1,server-1,1,server-1,1,server-1,SVM,5
p12_exp_15_burst_lc_seen_17,p12_exp_15_burst_lc_seen,burst_load,burst_load,12,0.0,0.02,server-1,15.0,25.0,1,20.0,1.5,15.0,25.0,0,20.0,1.5,15.0,25.0,0,20.0,1.5,1,server-1,1,server-1,1,server-1,1,server-1,1,server-1,SVM,5
p12_exp_15_burst_lc_seen_18,p12_exp_15_burst_lc_seen,burst_load,burst_load,12,0.0,0.02,server-1,15.0,25.0,1,20.0,1.5,15.0,25.0,0,20.0,1.5,15.0,25.0,0,20.0,1.5,1,server-1,1,server-1,1,server-1,1,server-1,1,server-1,SVM,5
p12_exp_15_burst_lc_seen_19,p12_exp_15_burst_lc_seen,burst_load,burst_load,12,0.0,0.02,server-2,15.0,25.0,0,20.0,1.5,15.0,25.0,1,20.0,1.5,15.0,25.0,0,20.0,1.5,1,server-2,1,server-2,1,server-2,1,server-2,1,server-2,SVM,5
p12_exp_15_burst_lc_seen_20,p12_exp_15_burst_lc_seen,burst_load,burst_load,12,0.0,0.02,server-3,15.0,25.0,0,20.0,1.5,15.0,25.0,0,20.0,1.5,15.0,25.0,1,20.0,1.5,1,server-3,1,server-3,1,server-3,1,server-3,1,server-3,SVM,5
p12_exp_15_burst_lc_seen_21,p12_exp_15_burst_lc_seen,burst_load,burst_load,12,0.0,0.02,server-2,15.0,25.0,0,20.0,1.5,15.0,25.0,1,20.0,1.5,15.0,25.0,0,20.0,1.5,1,server-2,1,server-2,1,server-2,1,server-2,1,server-2,SVM,5
p12_exp_15_burst_lc_seen_22,p12_exp_15_burst_lc_seen,burst_load,burst_load,12,0.0,0.02,server-3,15.0,25.0,0,20.0,1.5,15.0,25.0,0,20.0,1.5,15.0,25.0,1,20.0,1.5,1,server-3,1,server-3,1,server-3,1,server-3,1,server-3,SVM,5
p12_exp_15_burst_lc_seen_23,p12_exp_15_burst_lc_seen,burst_load,burst_load,12,0.0,0.02,server-1,15.0,25.0,1,20.0,1.5,15.0,25.0,0,20.0,1.5,15.0,25.0,0,20.0,1.5,1,server-1,1,server-1,1,server-1,1,server-1,1,server-1,SVM,5
p12_exp_15_burst_lc_seen_24,p12_exp_15_burst_lc_seen,burst_load,burst_load,12,0.0,0.02,server-2,15.0,25.0,0,20.0,1.5,15.0,25.0,1,20.0,1.5,15.0,25.0,0,20.0,1.5,1,server-2,1,server-2,1,server-2,1,server-2,1,server-2,SVM,5
p12_exp_15_burst_lc_seen_25,p12_exp_15_burst_lc_seen,burst_load,burst_load,12,0.0,0.02,server-2,15.0,25.0,0,20.0,1.5,15.0,25.0,1,20.0,1.5,15.0,25.0,0,20.0,1.5,1,server-2,1,server-2,1,server-2,1,server-2,1,server-2,SVM,5
p12_exp_15_burst_lc_seen_26,p12_exp_15_burst_lc_seen,burst_load,burst_load,12,0.0,0.02,server-1,15.0,25.0,1,20.0,1.5,15.0,25.0,0,20.0,1.5,15.0,25.0,0,20.0,1.5,1,server-1,1,server-1,1,server-1,1,server-1,1,server-1,SVM,5
p12_exp_15_burst_lc_seen_27,p12_exp_15_burst_lc_seen,burst_load,burst_load,12,0.0,0.02,server-3,15.0,25.0,0,20.0,1.5,15.0,25.0,0,20.0,1.5,15.0,25.0,1,20.0,1.5,1,server-3,1,server-3,1,server-3,1,server-3,1,server-3,SVM,5
p12_exp_15_burst_lc_seen_28,p12_exp_15_burst_lc_seen,burst_load,burst_load,12,0.0,0.02,server-1,15.0,25.0,1,20.0,1.5,15.0,25.0,0,20.0,1.5,15.0,25.0,0,20.0,1.5,1,server-1,1,server-1,1,server-1,1,server-1,1,server-1,SVM,5
p12_exp_15_burst_lc_seen_29,p12_exp_15_burst_lc_seen,burst_load,burst_load,12,0.0,0.02,server-2,15.0,25.0,0,20.0,1.5,15.0,25.0,1,20.0,1.5,15.0,25.0,0,20.0,1.5,1,server-2,1,server-2,1,server-2,1,server-2,1,server-2,SVM,5
p12_exp_15_burst_lc_seen_30,p12_exp_15_burst_lc_seen,burst_load,burst_load,12,0.0,0.02,server-1,15.0,25.0,1,20.0,1.5,15.0,25.0,0,20.0,1.5,15.0,25.0,0,20.0,1.5,1,server-1,1,server-1,1,server-1,1,server-1,1,server-1,SVM,5
p12_exp_15_burst_lc_seen_31,p12_exp_15_burst_lc_seen,burst_load,burst_load,12,0.0,0.02,server-3,15.0,25.0,0,20.0,1.5,15.0,25.0,0,20.0,1.5,15.0,25.0,1,20.0,1.5,1,server-3,1,server-3,1,server-3,1,server-3,1,server-3,SVM,5
p12_exp_15_burst_lc_seen_32,p12_exp_15_burst_lc_seen,burst_load,burst_load,12,0.0,0.02,server-3,15.0,25.0,0,20.0,1.5,15.0,25.0,0,20.0,1.5,15.0,25.0,1,20.0,1.5,1,server-3,1,server-3,1,server-3,1,server-3,1,server-3,SVM,5
p12_exp_15_burst_lc_seen_33,p12_exp_15_burst_lc_seen,burst_load,burst_load,12,0.0,0.02,server-2,15.0,25.0,0,20.0,1.5,15.0,25.0,1,20.0,1.5,15.0,25.0,0,20.0,1.5,1,server-2,1,server-2,1,server-2,1,server-2,1,server-2,SVM,5
p12_exp_15_burst_lc_seen_34,p12_exp_15_burst_lc_seen,burst_load,burst_load,12,0.0,0.02,server-2,15.0,25.0,0,20.0,1.5,15.0,25.0,1,20.0,1.5,15.0,25.0,0,20.0,1.5,1,server-2,1,server-2,1,server-2,1,server-2,1,server-2,SVM,5
p12_exp_15_burst_lc_seen_35,p12_exp_15_burst_lc_seen,burst_load,burst_load,12,0.0,0.02,server-3,15.0,25.0,0,20.0,1.5,15.0,25.0,0,20.0,1.5,15.0,25.0,1,20.0,1.5,1,server-3,1,server-3,1,server-3,1,server-3,1,server-3,SVM,5
p12_exp_15_burst_lc_seen_36,p12_exp_15_burst_lc_seen,burst_load,burst_load,12,0.0,0.02,server-1,15.0,25.0,1,20.0,1.5,15.0,25.0,0,20.0,1.5,15.0,25.0,0,20.0,1.5,1,server-1,1,server-1,1,server-1,1,server-1,1,server-1,SVM,5
p12_exp_15_burst_lc_seen_37,p12_exp_15_burst_lc_seen,burst_load,burst_load,12,0.0,0.02,server-1,15.0,25.0,1,20.0,1.5,15.0,25.0,0,20.0,1.5,15.0,25.0,0,20.0,1.5,1,server-1,1,server-1,1,server-1,1,server-1,1,server-1,SVM,5
p12_exp_15_burst_lc_seen_38,p12_exp_15_burst_lc_seen,burst_load,burst_load,12,0.0,0.02,server-1,15.0,25.0,1,20.0,1.5,15.0,25.0,0,20.0,1.5,15.0,25.0,0,20.0,1.5,1,server-1,1,server-1,1,server-1,1,server-1,1,server-1,SVM,5
p12_exp_15_burst_lc_seen_39,p12_exp_15_burst_lc_seen,burst_load,burst_load,12,0.0,0.02,server-2,15.0,25.0,0,20.0,1.5,15.0,25.0,1,20.0,1.5,15.0,25.0,0,20.0,1.5,1,server-2,1,server-2,1,server-2,1,server-2,1,server-2,SVM,5
p12_exp_15_burst_lc_seen_40,p12_exp_15_burst_lc_seen,burst_load,burst_load,12,0.0,0.02,server-2,15.0,25.0,0,20.0,1.5,15.0,25.0,1,20.0,1.5,15.0,25.0,0,20.0,1.5,1,server-2,1,server-2,1,server-2,1,server-2,1,server-2,SVM,5
p12_exp_16_burst_ml_unseen_1,p12_exp_16_burst_ml_unseen,burst_load,burst_load,16,0.0,0.015,server-3,15.0,25.0,0,20.0,1.5,15.0,25.0,0,20.0,1.5,15.0,25.0,1,20.0,1.5,1,server-3,1,server-3,1,server-3,1,server-3,1,server-3,SVM,5
p12_exp_16_burst_ml_unseen_2,p12_exp_16_burst_ml_unseen,burst_load,burst_load,16,0.0,0.015,server-3,15.0,25.0,0,20.0,1.5,15.0,25.0,0,20.0,1.5,15.0,25.0,1,20.0,1.5,1,server-3,1,server-3,1,server-3,1,server-3,1,server-3,SVM,5
p12_exp_16_burst_ml_unseen_3,p12_exp_16_burst_ml_unseen,burst_load,burst_load,16,0.0,0.015,server-3,15.0,25.0,0,20.0,1.5,15.0,25.0,0,20.0,1.5,15.0,25.0,1,20.0,1.5,1,server-3,1,server-3,1,server-3,1,server-3,1,server-3,SVM,5
p12_exp_16_burst_ml_unseen_4,p12_exp_16_burst_ml_unseen,burst_load,burst_load,16,0.0,0.015,server-3,15.0,25.0,0,20.0,1.5,15.0,25.0,0,20.0,1.5,15.0,25.0,1,20.0,1.5,1,server-3,1,server-3,1,server-3,1,server-3,1,server-3,SVM,5
p12_exp_16_burst_ml_unseen_5,p12_exp_16_burst_ml_unseen,burst_load,burst_load,16,0.0,0.015,server-3,15.0,25.0,0,20.0,1.5,15.0,25.0,0,20.0,1.5,15.0,25.0,1,20.0,1.5,1,server-3,1,server-3,1,server-3,1,server-3,1,server-3,SVM,5
p12_exp_16_burst_ml_unseen_6,p12_exp_16_burst_ml_unseen,burst_load,burst_load,16,0.0,0.015,server-3,15.0,25.0,0,20.0,1.5,15.0,25.0,0,20.0,1.5,15.0,25.0,1,20.0,1.5,1,server-3,1,server-3,1,server-3,1,server-3,1,server-3,SVM,5
p12_exp_16_burst_ml_unseen_7,p12_exp_16_burst_ml_unseen,burst_load,burst_load,16,0.0,0.015,server-3,15.0,25.0,0,20.0,1.5,15.0,25.0,0,20.0,1.5,15.0,25.0,1,20.0,1.5,1,server-3,1,server-3,1,server-3,1,server-3,1,server-3,SVM,5
p12_exp_16_burst_ml_unseen_8,p12_exp_16_burst_ml_unseen,burst_load,burst_load,16,0.0,0.015,server-3,15.0,25.0,0,20.0,1.5,15.0,25.0,0,20.0,1.5,15.0,25.0,1,20.0,1.5,1,server-3,1,server-3,1,server-3,1,server-3,1,server-3,SVM,5
p12_exp_16_burst_ml_unseen_9,p12_exp_16_burst_ml_unseen,burst_load,burst_load,16,0.0,0.015,server-3,15.0,25.0,0,20.0,1.5,15.0,25.0,0,20.0,1.5,15.0,25.0,1,20.0,1.5,1,server-3,1,server-3,1,server-3,1,server-3,1,server-3,SVM,5
p12_exp_16_burst_ml_unseen_10,p12_exp_16_burst_ml_unseen,burst_load,burst_load,16,0.0,0.015,server-3,15.0,25.0,0,20.0,1.5,15.0,25.0,0,20.0,1.5,15.0,25.0,1,20.0,1.5,1,server-3,1,server-3,1,server-3,1,server-3,1,server-3,SVM,5
p12_exp_16_burst_ml_unseen_11,p12_exp_16_burst_ml_unseen,burst_load,burst_load,16,0.0,0.015,server-3,15.0,25.0,0,20.0,1.5,15.0,25.0,0,20.0,1.5,15.0,25.0,1,20.0,1.5,1,server-3,1,server-3,1,server-3,1,server-3,1,server-3,SVM,5
p12_exp_16_burst_ml_unseen_12,p12_exp_16_burst_ml_unseen,burst_load,burst_load,16,0.0,0.015,server-3,15.0,25.0,0,20.0,1.5,15.0,25.0,0,20.0,1.5,15.0,25.0,1,20.0,1.5,1,server-3,1,server-3,1,server-3,1,server-3,1,server-3,SVM,5
p12_exp_16_burst_ml_unseen_13,p12_exp_16_burst_ml_unseen,burst_load,burst_load,16,0.0,0.015,server-3,15.0,25.0,0,20.0,1.5,15.0,25.0,0,20.0,1.5,15.0,25.0,1,20.0,1.5,1,server-3,1,server-3,1,server-3,1,server-3,1,server-3,SVM,5
p12_exp_16_burst_ml_unseen_14,p12_exp_16_burst_ml_unseen,burst_load,burst_load,16,0.0,0.015,server-3,15.0,25.0,0,20.0,1.5,15.0,25.0,0,20.0,1.5,15.0,25.0,1,20.0,1.5,1,server-3,1,server-3,1,server-3,1,server-3,1,server-3,SVM,5
p12_exp_16_burst_ml_unseen_15,p12_exp_16_burst_ml_unseen,burst_load,burst_load,16,0.0,0.015,server-3,15.0,25.0,0,20.0,1.5,15.0,25.0,0,20.0,1.5,15.0,25.0,1,20.0,1.5,1,server-3,1,server-3,1,server-3,1,server-3,1,server-3,SVM,5
p12_exp_16_burst_ml_unseen_16,p12_exp_16_burst_ml_unseen,burst_load,burst_load,16,0.0,0.015,server-3,15.0,25.0,0,20.0,1.5,15.0,25.0,0,20.0,1.5,15.0,25.0,1,20.0,1.5,1,server-3,1,server-3,1,server-3,1,server-3,1,server-3,SVM,5
p12_exp_16_burst_ml_unseen_17,p12_exp_16_burst_ml_unseen,burst_load,burst_load,16,0.0,0.015,server-3,15.0,25.0,0,20.0,1.5,15.0,25.0,0,20.0,1.5,15.0,25.0,1,20.0,1.5,1,server-3,1,server-3,1,server-3,1,server-3,1,server-3,SVM,5
p12_exp_16_burst_ml_unseen_18,p12_exp_16_burst_ml_unseen,burst_load,burst_load,16,0.0,0.015,server-3,15.0,25.0,0,20.0,1.5,15.0,25.0,0,20.0,1.5,15.0,25.0,1,20.0,1.5,1,server-3,1,server-3,1,server-3,1,server-3,1,server-3,SVM,5
p12_exp_16_burst_ml_unseen_19,p12_exp_16_burst_ml_unseen,burst_load,burst_load,16,0.0,0.015,server-3,15.0,25.0,0,20.0,1.5,15.0,25.0,0,20.0,1.5,15.0,25.0,1,20.0,1.5,1,server-3,1,server-3,1,server-3,1,server-3,1,server-3,SVM,5
p12_exp_16_burst_ml_unseen_20,p12_exp_16_burst_ml_unseen,burst_load,burst_load,16,0.0,0.015,server-3,15.0,25.0,0,20.0,1.5,15.0,25.0,0,20.0,1.5,15.0,25.0,1,20.0,1.5,1,server-3,1,server-3,1,server-3,1,server-3,1,server-3,SVM,5
p12_exp_16_burst_ml_unseen_21,p12_exp_16_burst_ml_unseen,burst_load,burst_load,16,0.0,0.015,server-3,15.0,25.0,0,20.0,1.5,15.0,25.0,0,20.0,1.5,15.0,25.0,1,20.0,1.5,1,server-3,1,server-3,1,server-3,1,server-3,1,server-3,SVM,5
p12_exp_16_burst_ml_unseen_22,p12_exp_16_burst_ml_unseen,burst_load,burst_load,16,0.0,0.015,server-3,15.0,25.0,0,20.0,1.5,15.0,25.0,0,20.0,1.5,15.0,25.0,1,20.0,1.5,1,server-3,1,server-3,1,server-3,1,server-3,1,server-3,SVM,5
p12_exp_16_burst_ml_unseen_23,p12_exp_16_burst_ml_unseen,burst_load,burst_load,16,0.0,0.015,server-3,15.0,25.0,0,20.0,1.5,15.0,25.0,0,20.0,1.5,15.0,25.0,1,20.0,1.5,1,server-3,1,server-3,1,server-3,1,server-3,1,server-3,SVM,5
p12_exp_16_burst_ml_unseen_24,p12_exp_16_burst_ml_unseen,burst_load,burst_load,16,0.0,0.015,server-3,15.0,25.0,0,20.0,1.5,15.0,25.0,0,20.0,1.5,15.0,25.0,1,20.0,1.5,1,server-3,1,server-3,1,server-3,1,server-3,1,server-3,SVM,5
p12_exp_16_burst_ml_unseen_25,p12_exp_16_burst_ml_unseen,burst_load,burst_load,16,0.0,0.015,server-3,15.0,25.0,0,20.0,1.5,15.0,25.0,0,20.0,1.5,15.0,25.0,1,20.0,1.5,1,server-3,1,server-3,1,server-3,1,server-3,1,server-3,SVM,5
p12_exp_16_burst_ml_unseen_26,p12_exp_16_burst_ml_unseen,burst_load,burst_load,16,0.0,0.015,server-3,15.0,25.0,0,20.0,1.5,15.0,25.0,0,20.0,1.5,15.0,25.0,1,20.0,1.5,1,server-3,1,server-3,1,server-3,1,server-3,1,server-3,SVM,5
p12_exp_16_burst_ml_unseen_27,p12_exp_16_burst_ml_unseen,burst_load,burst_load,16,0.0,0.015,server-3,15.0,25.0,0,20.0,1.5,15.0,25.0,0,20.0,1.5,15.0,25.0,1,20.0,1.5,1,server-3,1,server-3,1,server-3,1,server-3,1,server-3,SVM,5
p12_exp_16_burst_ml_unseen_28,p12_exp_16_burst_ml_unseen,burst_load,burst_load,16,0.0,0.015,server-3,15.0,25.0,0,20.0,1.5,15.0,25.0,0,20.0,1.5,15.0,25.0,1,20.0,1.5,1,server-3,1,server-3,1,server-3,1,server-3,1,server-3,SVM,5
p12_exp_16_burst_ml_unseen_29,p12_exp_16_burst_ml_unseen,burst_load,burst_load,16,0.0,0.015,server-3,15.0,25.0,0,20.0,1.5,15.0,25.0,0,20.0,1.5,15.0,25.0,1,20.0,1.5,1,server-3,1,server-3,1,server-3,1,server-3,1,server-3,SVM,5
p12_exp_16_burst_ml_unseen_30,p12_exp_16_burst_ml_unseen,burst_load,burst_load,16,0.0,0.015,server-3,15.0,25.0,0,20.0,1.5,15.0,25.0,0,20.0,1.5,15.0,25.0,1,20.0,1.5,1,server-3,1,server-3,1,server-3,1,server-3,1,server-3,SVM,5
p12_exp_16_burst_ml_unseen_31,p12_exp_16_burst_ml_unseen,burst_load,burst_load,16,0.0,0.015,server-3,15.0,25.0,0,20.0,1.5,15.0,25.0,0,20.0,1.5,15.0,25.0,1,20.0,1.5,1,server-3,1,server-3,1,server-3,1,server-3,1,server-3,SVM,5
p12_exp_16_burst_ml_unseen_32,p12_exp_16_burst_ml_unseen,burst_load,burst_load,16,0.0,0.015,server-3,15.0,25.0,0,20.0,1.5,15.0,25.0,0,20.0,1.5,15.0,25.0,1,20.0,1.5,1,server-3,1,server-3,1,server-3,1,server-3,1,server-3,SVM,5
p12_exp_16_burst_ml_unseen_33,p12_exp_16_burst_ml_unseen,burst_load,burst_load,16,0.0,0.015,server-3,15.0,25.0,0,20.0,1.5,15.0,25.0,0,20.0,1.5,15.0,25.0,1,20.0,1.5,1,server-3,1,server-3,1,server-3,1,server-3,1,server-3,SVM,5
p12_exp_16_burst_ml_unseen_34,p12_exp_16_burst_ml_unseen,burst_load,burst_load,16,0.0,0.015,server-3,15.0,25.0,0,20.0,1.5,15.0,25.0,0,20.0,1.5,15.0,25.0,1,20.0,1.5,1,server-3,1,server-3,1,server-3,1,server-3,1,server-3,SVM,5
p12_exp_16_burst_ml_unseen_35,p12_exp_16_burst_ml_unseen,burst_load,burst_load,16,0.0,0.015,server-3,15.0,25.0,0,20.0,1.5,15.0,25.0,0,20.0,1.5,15.0,25.0,1,20.0,1.5,1,server-3,1,server-3,1,server-3,1,server-3,1,server-3,SVM,5
p12_exp_16_burst_ml_unseen_36,p12_exp_16_burst_ml_unseen,burst_load,burst_load,16,0.0,0.015,server-3,15.0,25.0,0,20.0,1.5,15.0,25.0,0,20.0,1.5,15.0,25.0,1,20.0,1.5,1,server-3,1,server-3,1,server-3,1,server-3,1,server-3,SVM,5
p12_exp_16_burst_ml_unseen_37,p12_exp_16_burst_ml_unseen,burst_load,burst_load,16,0.0,0.015,server-3,15.0,25.0,0,20.0,1.5,15.0,25.0,0,20.0,1.5,15.0,25.0,1,20.0,1.5,1,server-3,1,server-3,1,server-3,1,server-3,1,server-3,SVM,5
p12_exp_16_burst_ml_unseen_38,p12_exp_16_burst_ml_unseen,burst_load,burst_load,16,0.0,0.015,server-3,15.0,25.0,0,20.0,1.5,15.0,25.0,0,20.0,1.5,15.0,25.0,1,20.0,1.5,1,server-3,1,server-3,1,server-3,1,server-3,1,server-3,SVM,5
p12_exp_16_burst_ml_unseen_39,p12_exp_16_burst_ml_unseen,burst_load,burst_load,16,0.0,0.015,server-3,15.0,25.0,0,20.0,1.5,15.0,25.0,0,20.0,1.5,15.0,25.0,1,20.0,1.5,1,server-3,1,server-3,1,server-3,1,server-3,1,server-3,SVM,5
p12_exp_16_burst_ml_unseen_40,p12_exp_16_burst_ml_unseen,burst_load,burst_load,16,0.0,0.015,server-3,15.0,25.0,0,20.0,1.5,15.0,25.0,0,20.0,1.5,15.0,25.0,1,20.0,1.5,1,server-3,1,server-3,1,server-3,1,server-3,1,server-3,SVM,5
p12_exp_16_burst_ml_unseen_41,p12_exp_16_burst_ml_unseen,burst_load,burst_load,16,0.0,0.015,server-3,15.0,25.0,0,20.0,1.5,15.0,25.0,0,20.0,1.5,15.0,25.0,1,20.0,1.5,1,server-3,1,server-3,1,server-3,1,server-3,1,server-3,SVM,5
p12_exp_16_burst_ml_unseen_42,p12_exp_16_burst_ml_unseen,burst_load,burst_load,16,0.0,0.015,server-3,15.0,25.0,0,20.0,1.5,15.0,25.0,0,20.0,1.5,15.0,25.0,1,20.0,1.5,1,server-3,1,server-3,1,server-3,1,server-3,1,server-3,SVM,5
p12_exp_16_burst_ml_unseen_43,p12_exp_16_burst_ml_unseen,burst_load,burst_load,16,0.0,0.015,server-3,15.0,25.0,0,20.0,1.5,15.0,25.0,0,20.0,1.5,15.0,25.0,1,20.0,1.5,1,server-3,1,server-3,1,server-3,1,server-3,1,server-3,SVM,5
p12_exp_16_burst_ml_unseen_44,p12_exp_16_burst_ml_unseen,burst_load,burst_load,16,0.0,0.015,server-3,15.0,25.0,0,20.0,1.5,15.0,25.0,0,20.0,1.5,15.0,25.0,1,20.0,1.5,1,server-3,1,server-3,1,server-3,1,server-3,1,server-3,SVM,5
p12_exp_16_burst_ml_unseen_45,p12_exp_16_burst_ml_unseen,burst_load,burst_load,16,0.0,0.015,server-3,15.0,25.0,0,20.0,1.5,15.0,25.0,0,20.0,1.5,15.0,25.0,1,20.0,1.5,1,server-3,1,server-3,1,server-3,1,server-3,1,server-3,SVM,5
p12_exp_17_burst_iphash_unseen_1,p12_exp_17_burst_iphash_unseen,burst_load,burst_load,18,0.0,0.018,server-1,15.0,25.0,1,20.0,1.5,15.0,25.0,0,20.0,1.5,15.0,25.0,0,20.0,1.5,1,server-1,1,server-1,1,server-1,1,server-1,1,server-1,SVM,5
p12_exp_17_burst_iphash_unseen_2,p12_exp_17_burst_iphash_unseen,burst_load,burst_load,18,0.0,0.018,server-1,15.0,25.0,1,20.0,1.5,15.0,25.0,0,20.0,1.5,15.0,25.0,0,20.0,1.5,1,server-1,1,server-1,1,server-1,1,server-1,1,server-1,SVM,5
p12_exp_17_burst_iphash_unseen_3,p12_exp_17_burst_iphash_unseen,burst_load,burst_load,18,0.0,0.018,server-1,15.0,25.0,1,20.0,1.5,15.0,25.0,0,20.0,1.5,15.0,25.0,0,20.0,1.5,1,server-1,1,server-1,1,server-1,1,server-1,1,server-1,SVM,5
p12_exp_17_burst_iphash_unseen_4,p12_exp_17_burst_iphash_unseen,burst_load,burst_load,18,0.0,0.018,server-1,15.0,25.0,1,20.0,1.5,15.0,25.0,0,20.0,1.5,15.0,25.0,0,20.0,1.5,1,server-1,1,server-1,1,server-1,1,server-1,1,server-1,SVM,5
p12_exp_17_burst_iphash_unseen_5,p12_exp_17_burst_iphash_unseen,burst_load,burst_load,18,0.0,0.018,server-1,15.0,25.0,1,20.0,1.5,15.0,25.0,0,20.0,1.5,15.0,25.0,0,20.0,1.5,1,server-1,1,server-1,1,server-1,1,server-1,1,server-1,SVM,5
p12_exp_17_burst_iphash_unseen_6,p12_exp_17_burst_iphash_unseen,burst_load,burst_load,18,0.0,0.018,server-1,15.0,25.0,1,20.0,1.5,15.0,25.0,0,20.0,1.5,15.0,25.0,0,20.0,1.5,1,server-1,1,server-1,1,server-1,1,server-1,1,server-1,SVM,5
p12_exp_17_burst_iphash_unseen_7,p12_exp_17_burst_iphash_unseen,burst_load,burst_load,18,0.0,0.018,server-1,15.0,25.0,1,20.0,1.5,15.0,25.0,0,20.0,1.5,15.0,25.0,0,20.0,1.5,1,server-1,1,server-1,1,server-1,1,server-1,1,server-1,SVM,5
p12_exp_17_burst_iphash_unseen_8,p12_exp_17_burst_iphash_unseen,burst_load,burst_load,18,0.0,0.018,server-1,15.0,25.0,1,20.0,1.5,15.0,25.0,0,20.0,1.5,15.0,25.0,0,20.0,1.5,1,server-1,1,server-1,1,server-1,1,server-1,1,server-1,SVM,5
p12_exp_17_burst_iphash_unseen_9,p12_exp_17_burst_iphash_unseen,burst_load,burst_load,18,0.0,0.018,server-1,15.0,25.0,1,20.0,1.5,15.0,25.0,0,20.0,1.5,15.0,25.0,0,20.0,1.5,1,server-1,1,server-1,1,server-1,1,server-1,1,server-1,SVM,5
p12_exp_17_burst_iphash_unseen_10,p12_exp_17_burst_iphash_unseen,burst_load,burst_load,18,0.0,0.018,server-1,15.0,25.0,1,20.0,1.5,15.0,25.0,0,20.0,1.5,15.0,25.0,0,20.0,1.5,1,server-1,1,server-1,1,server-1,1,server-1,1,server-1,SVM,5
p12_exp_17_burst_iphash_unseen_11,p12_exp_17_burst_iphash_unseen,burst_load,burst_load,18,0.0,0.018,server-1,15.0,25.0,1,20.0,1.5,15.0,25.0,0,20.0,1.5,15.0,25.0,0,20.0,1.5,1,server-1,1,server-1,1,server-1,1,server-1,1,server-1,SVM,5
p12_exp_17_burst_iphash_unseen_12,p12_exp_17_burst_iphash_unseen,burst_load,burst_load,18,0.0,0.018,server-1,15.0,25.0,1,20.0,1.5,15.0,25.0,0,20.0,1.5,15.0,25.0,0,20.0,1.5,1,server-1,1,server-1,1,server-1,1,server-1,1,server-1,SVM,5
p12_exp_17_burst_iphash_unseen_13,p12_exp_17_burst_iphash_unseen,burst_load,burst_load,18,0.0,0.018,server-1,15.0,25.0,1,20.0,1.5,15.0,25.0,0,20.0,1.5,15.0,25.0,0,20.0,1.5,1,server-1,1,server-1,1,server-1,1,server-1,1,server-1,SVM,5
p12_exp_17_burst_iphash_unseen_14,p12_exp_17_burst_iphash_unseen,burst_load,burst_load,18,0.0,0.018,server-1,15.0,25.0,1,20.0,1.5,15.0,25.0,0,20.0,1.5,15.0,25.0,0,20.0,1.5,1,server-1,1,server-1,1,server-1,1,server-1,1,server-1,SVM,5
p12_exp_17_burst_iphash_unseen_15,p12_exp_17_burst_iphash_unseen,burst_load,burst_load,18,0.0,0.018,server-1,15.0,25.0,1,20.0,1.5,15.0,25.0,0,20.0,1.5,15.0,25.0,0,20.0,1.5,1,server-1,1,server-1,1,server-1,1,server-1,1,server-1,SVM,5
p12_exp_17_burst_iphash_unseen_16,p12_exp_17_burst_iphash_unseen,burst_load,burst_load,18,0.0,0.018,server-1,15.0,25.0,1,20.0,1.5,15.0,25.0,0,20.0,1.5,15.0,25.0,0,20.0,1.5,1,server-1,1,server-1,1,server-1,1,server-1,1,server-1,SVM,5
p12_exp_17_burst_iphash_unseen_17,p12_exp_17_burst_iphash_unseen,burst_load,burst_load,18,0.0,0.018,server-1,15.0,25.0,1,20.0,1.5,15.0,25.0,0,20.0,1.5,15.0,25.0,0,20.0,1.5,1,server-1,1,server-1,1,server-1,1,server-1,1,server-1,SVM,5
p12_exp_17_burst_iphash_unseen_18,p12_exp_17_burst_iphash_unseen,burst_load,burst_load,18,0.0,0.018,server-1,15.0,25.0,1,20.0,1.5,15.0,25.0,0,20.0,1.5,15.0,25.0,0,20.0,1.5,1,server-1,1,server-1,1,server-1,1,server-1,1,server-1,SVM,5
p12_exp_17_burst_iphash_unseen_19,p12_exp_17_burst_iphash_unseen,burst_load,burst_load,18,0.0,0.018,server-1,15.0,25.0,1,20.0,1.5,15.0,25.0,0,20.0,1.5,15.0,25.0,0,20.0,1.5,1,server-1,1,server-1,1,server-1,1,server-1,1,server-1,SVM,5
p12_exp_17_burst_iphash_unseen_20,p12_exp_17_burst_iphash_unseen,burst_load,burst_load,18,0.0,0.018,server-1,15.0,25.0,1,20.0,1.5,15.0,25.0,0,20.0,1.5,15.0,25.0,0,20.0,1.5,1,server-1,1,server-1,1,server-1,1,server-1,1,server-1,SVM,5
p12_exp_17_burst_iphash_unseen_21,p12_exp_17_burst_iphash_unseen,burst_load,burst_load,18,0.0,0.018,server-1,15.0,25.0,1,20.0,1.5,15.0,25.0,0,20.0,1.5,15.0,25.0,0,20.0,1.5,1,server-1,1,server-1,1,server-1,1,server-1,1,server-1,SVM,5
p12_exp_17_burst_iphash_unseen_22,p12_exp_17_burst_iphash_unseen,burst_load,burst_load,18,0.0,0.018,server-1,15.0,25.0,1,20.0,1.5,15.0,25.0,0,20.0,1.5,15.0,25.0,0,20.0,1.5,1,server-1,1,server-1,1,server-1,1,server-1,1,server-1,SVM,5
p12_exp_17_burst_iphash_unseen_23,p12_exp_17_burst_iphash_unseen,burst_load,burst_load,18,0.0,0.018,server-1,15.0,25.0,1,20.0,1.5,15.0,25.0,0,20.0,1.5,15.0,25.0,0,20.0,1.5,1,server-1,1,server-1,1,server-1,1,server-1,1,server-1,SVM,5
p12_exp_17_burst_iphash_unseen_24,p12_exp_17_burst_iphash_unseen,burst_load,burst_load,18,0.0,0.018,server-1,15.0,25.0,1,20.0,1.5,15.0,25.0,0,20.0,1.5,15.0,25.0,0,20.0,1.5,1,server-1,1,server-1,1,server-1,1,server-1,1,server-1,SVM,5
p12_exp_17_burst_iphash_unseen_25,p12_exp_17_burst_iphash_unseen,burst_load,burst_load,18,0.0,0.018,server-1,15.0,25.0,1,20.0,1.5,15.0,25.0,0,20.0,1.5,15.0,25.0,0,20.0,1.5,1,server-1,1,server-1,1,server-1,1,server-1,1,server-1,SVM,5
p12_exp_17_burst_iphash_unseen_26,p12_exp_17_burst_iphash_unseen,burst_load,burst_load,18,0.0,0.018,server-1,15.0,25.0,1,20.0,1.5,15.0,25.0,0,20.0,1.5,15.0,25.0,0,20.0,1.5,1,server-1,1,server-1,1,server-1,1,server-1,1,server-1,SVM,5
p12_exp_17_burst_iphash_unseen_27,p12_exp_17_burst_iphash_unseen,burst_load,burst_load,18,0.0,0.018,server-1,15.0,25.0,1,20.0,1.5,15.0,25.0,0,20.0,1.5,15.0,25.0,0,20.0,1.5,1,server-1,1,server-1,1,server-1,1,server-1,1,server-1,SVM,5
p12_exp_17_burst_iphash_unseen_28,p12_exp_17_burst_iphash_unseen,burst_load,burst_load,18,0.0,0.018,server-1,15.0,25.0,1,20.0,1.5,15.0,25.0,0,20.0,1.5,15.0,25.0,0,20.0,1.5,1,server-1,1,server-1,1,server-1,1,server-1,1,server-1,SVM,5
p12_exp_17_burst_iphash_unseen_29,p12_exp_17_burst_iphash_unseen,burst_load,burst_load,18,0.0,0.018,server-1,15.0,25.0,1,20.0,1.5,15.0,25.0,0,20.0,1.5,15.0,25.0,0,20.0,1.5,1,server-1,1,server-1,1,server-1,1,server-1,1,server-1,SVM,5
p12_exp_17_burst_iphash_unseen_30,p12_exp_17_burst_iphash_unseen,burst_load,burst_load,18,0.0,0.018,server-1,15.0,25.0,1,20.0,1.5,15.0,25.0,0,20.0,1.5,15.0,25.0,0,20.0,1.5,1,server-1,1,server-1,1,server-1,1,server-1,1,server-1,SVM,5
p12_exp_17_burst_iphash_unseen_31,p12_exp_17_burst_iphash_unseen,burst_load,burst_load,18,0.0,0.018,server-1,15.0,25.0,1,20.0,1.5,15.0,25.0,0,20.0,1.5,15.0,25.0,0,20.0,1.5,1,server-1,1,server-1,1,server-1,1,server-1,1,server-1,SVM,5
p12_exp_17_burst_iphash_unseen_32,p12_exp_17_burst_iphash_unseen,burst_load,burst_load,18,0.0,0.018,server-1,15.0,25.0,1,20.0,1.5,15.0,25.0,0,20.0,1.5,15.0,25.0,0,20.0,1.5,1,server-1,1,server-1,1,server-1,1,server-1,1,server-1,SVM,5
p12_exp_17_burst_iphash_unseen_33,p12_exp_17_burst_iphash_unseen,burst_load,burst_load,18,0.0,0.018,server-1,15.0,25.0,1,20.0,1.5,15.0,25.0,0,20.0,1.5,15.0,25.0,0,20.0,1.5,1,server-1,1,server-1,1,server-1,1,server-1,1,server-1,SVM,5
p12_exp_17_burst_iphash_unseen_34,p12_exp_17_burst_iphash_unseen,burst_load,burst_load,18,0.0,0.018,server-1,15.0,25.0,1,20.0,1.5,15.0,25.0,0,20.0,1.5,15.0,25.0,0,20.0,1.5,1,server-1,1,server-1,1,server-1,1,server-1,1,server-1,SVM,5
p12_exp_17_burst_iphash_unseen_35,p12_exp_17_burst_iphash_unseen,burst_load,burst_load,18,0.0,0.018,server-1,15.0,25.0,1,20.0,1.5,15.0,25.0,0,20.0,1.5,15.0,25.0,0,20.0,1.5,1,server-1,1,server-1,1,server-1,1,server-1,1,server-1,SVM,5
p12_exp_17_burst_iphash_unseen_36,p12_exp_17_burst_iphash_unseen,burst_load,burst_load,18,0.0,0.018,server-1,15.0,25.0,1,20.0,1.5,15.0,25.0,0,20.0,1.5,15.0,25.0,0,20.0,1.5,1,server-1,1,server-1,1,server-1,1,server-1,1,server-1,SVM,5
p12_exp_17_burst_iphash_unseen_37,p12_exp_17_burst_iphash_unseen,burst_load,burst_load,18,0.0,0.018,server-1,15.0,25.0,1,20.0,1.5,15.0,25.0,0,20.0,1.5,15.0,25.0,0,20.0,1.5,1,server-1,1,server-1,1,server-1,1,server-1,1,server-1,SVM,5
p12_exp_17_burst_iphash_unseen_38,p12_exp_17_burst_iphash_unseen,burst_load,burst_load,18,0.0,0.018,server-1,15.0,25.0,1,20.0,1.5,15.0,25.0,0,20.0,1.5,15.0,25.0,0,20.0,1.5,1,server-1,1,server-1,1,server-1,1,server-1,1,server-1,SVM,5
p12_exp_17_burst_iphash_unseen_39,p12_exp_17_burst_iphash_unseen,burst_load,burst_load,18,0.0,0.018,server-1,15.0,25.0,1,20.0,1.5,15.0,25.0,0,20.0,1.5,15.0,25.0,0,20.0,1.5,1,server-1,1,server-1,1,server-1,1,server-1,1,server-1,SVM,5
p12_exp_17_burst_iphash_unseen_40,p12_exp_17_burst_iphash_unseen,burst_load,burst_load,18,0.0,0.018,server-1,15.0,25.0,1,20.0,1.5,15.0,25.0,0,20.0,1.5,15.0,25.0,0,20.0,1.5,1,server-1,1,server-1,1,server-1,1,server-1,1,server-1,SVM,5
p12_exp_17_burst_iphash_unseen_41,p12_exp_17_burst_iphash_unseen,burst_load,burst_load,18,0.0,0.018,server-1,15.0,25.0,1,20.0,1.5,15.0,25.0,0,20.0,1.5,15.0,25.0,0,20.0,1.5,1,server-1,1,server-1,1,server-1,1,server-1,1,server-1,SVM,5
p12_exp_17_burst_iphash_unseen_42,p12_exp_17_burst_iphash_unseen,burst_load,burst_load,18,0.0,0.018,server-1,15.0,25.0,1,20.0,1.5,15.0,25.0,0,20.0,1.5,15.0,25.0,0,20.0,1.5,1,server-1,1,server-1,1,server-1,1,server-1,1,server-1,SVM,5
p12_exp_17_burst_iphash_unseen_43,p12_exp_17_burst_iphash_unseen,burst_load,burst_load,18,0.0,0.018,server-1,15.0,25.0,1,20.0,1.5,15.0,25.0,0,20.0,1.5,15.0,25.0,0,20.0,1.5,1,server-1,1,server-1,1,server-1,1,server-1,1,server-1,SVM,5
p12_exp_17_burst_iphash_unseen_44,p12_exp_17_burst_iphash_unseen,burst_load,burst_load,18,0.0,0.018,server-1,15.0,25.0,1,20.0,1.5,15.0,25.0,0,20.0,1.5,15.0,25.0,0,20.0,1.5,1,server-1,1,server-1,1,server-1,1,server-1,1,server-1,SVM,5
p12_exp_17_burst_iphash_unseen_45,p12_exp_17_burst_iphash_unseen,burst_load,burst_load,18,0.0,0.018,server-1,15.0,25.0,1,20.0,1.5,15.0,25.0,0,20.0,1.5,15.0,25.0,0,20.0,1.5,1,server-1,1,server-1,1,server-1,1,server-1,1,server-1,SVM,5
p12_exp_18_cpu_rr_seen_1,p12_exp_18_cpu_rr_seen,cpu_heavy,cpu_heavy,6,8.0,0.07,server-2,15.0,25.0,0,20.0,1.5,15.0,25.0,1,20.0,1.5,15.0,25.0,0,20.0,1.5,1,server-2,1,server-2,1,server-2,1,server-2,1,server-2,SVM,5
p12_exp_18_cpu_rr_seen_2,p12_exp_18_cpu_rr_seen,cpu_heavy,cpu_heavy,6,8.0,0.07,server-3,15.0,25.0,0,20.0,1.5,15.0,25.0,0,20.0,1.5,15.0,25.0,1,20.0,1.5,1,server-3,1,server-3,1,server-3,1,server-3,1,server-3,SVM,5
p12_exp_18_cpu_rr_seen_3,p12_exp_18_cpu_rr_seen,cpu_heavy,cpu_heavy,6,8.0,0.07,server-1,15.0,25.0,1,20.0,1.5,15.0,25.0,0,20.0,1.5,15.0,25.0,0,20.0,1.5,1,server-1,1,server-1,1,server-1,1,server-1,1,server-1,SVM,5
p12_exp_18_cpu_rr_seen_4,p12_exp_18_cpu_rr_seen,cpu_heavy,cpu_heavy,6,8.0,0.07,server-2,15.0,25.0,0,20.0,1.5,15.0,25.0,1,20.0,1.5,15.0,25.0,0,20.0,1.5,1,server-2,1,server-2,1,server-2,1,server-2,1,server-2,SVM,5
p12_exp_18_cpu_rr_seen_5,p12_exp_18_cpu_rr_seen,cpu_heavy,cpu_heavy,6,8.0,0.07,server-3,15.0,25.0,0,20.0,1.5,15.0,25.0,0,20.0,1.5,15.0,25.0,1,20.0,1.5,1,server-3,1,server-3,1,server-3,1,server-3,1,server-3,SVM,5
p12_exp_18_cpu_rr_seen_6,p12_exp_18_cpu_rr_seen,cpu_heavy,cpu_heavy,6,8.0,0.07,server-1,15.0,25.0,1,20.0,1.5,15.0,25.0,0,20.0,1.5,15.0,25.0,0,20.0,1.5,1,server-1,1,server-1,1,server-1,1,server-1,1,server-1,SVM,5
p12_exp_18_cpu_rr_seen_7,p12_exp_18_cpu_rr_seen,cpu_heavy,cpu_heavy,6,8.0,0.07,server-2,15.0,25.0,0,20.0,1.5,15.0,25.0,1,20.0,1.5,15.0,25.0,0,20.0,1.5,1,server-2,1,server-2,1,server-2,1,server-2,1,server-2,SVM,5
p12_exp_18_cpu_rr_seen_8,p12_exp_18_cpu_rr_seen,cpu_heavy,cpu_heavy,6,8.0,0.07,server-3,15.0,25.0,0,20.0,1.5,15.0,25.0,0,20.0,1.5,15.0,25.0,1,20.0,1.5,1,server-3,1,server-3,1,server-3,1,server-3,1,server-3,SVM,5
p12_exp_18_cpu_rr_seen_9,p12_exp_18_cpu_rr_seen,cpu_heavy,cpu_heavy,6,8.0,0.07,server-1,15.0,25.0,1,20.0,1.5,15.0,25.0,0,20.0,1.5,15.0,25.0,0,20.0,1.5,1,server-1,1,server-1,1,server-1,1,server-1,1,server-1,SVM,5
p12_exp_18_cpu_rr_seen_10,p12_exp_18_cpu_rr_seen,cpu_heavy,cpu_heavy,6,8.0,0.07,server-2,15.0,25.0,0,20.0,1.5,15.0,25.0,1,20.0,1.5,15.0,25.0,0,20.0,1.5,1,server-2,1,server-2,1,server-2,1,server-2,1,server-2,SVM,5
p12_exp_18_cpu_rr_seen_11,p12_exp_18_cpu_rr_seen,cpu_heavy,cpu_heavy,6,8.0,0.07,server-3,15.0,25.0,0,20.0,1.5,15.0,25.0,0,20.0,1.5,15.0,25.0,1,20.0,1.5,1,server-3,1,server-3,1,server-3,1,server-3,1,server-3,SVM,5
p12_exp_18_cpu_rr_seen_12,p12_exp_18_cpu_rr_seen,cpu_heavy,cpu_heavy,6,8.0,0.07,server-1,15.0,25.0,1,20.0,1.5,15.0,25.0,0,20.0,1.5,15.0,25.0,0,20.0,1.5,1,server-1,1,server-1,1,server-1,1,server-1,1,server-1,SVM,5
p12_exp_18_cpu_rr_seen_13,p12_exp_18_cpu_rr_seen,cpu_heavy,cpu_heavy,6,8.0,0.07,server-2,15.0,25.0,0,20.0,1.5,15.0,25.0,1,20.0,1.5,15.0,25.0,0,20.0,1.5,1,server-2,1,server-2,1,server-2,1,server-2,1,server-2,SVM,5
p12_exp_18_cpu_rr_seen_14,p12_exp_18_cpu_rr_seen,cpu_heavy,cpu_heavy,6,8.0,0.07,server-3,15.0,25.0,0,20.0,1.5,15.0,25.0,0,20.0,1.5,15.0,25.0,1,20.0,1.5,1,server-3,1,server-3,1,server-3,1,server-3,1,server-3,SVM,5
p12_exp_18_cpu_rr_seen_15,p12_exp_18_cpu_rr_seen,cpu_heavy,cpu_heavy,6,8.0,0.07,server-1,15.0,25.0,1,20.0,1.5,15.0,25.0,0,20.0,1.5,15.0,25.0,0,20.0,1.5,1,server-1,1,server-1,1,server-1,1,server-1,1,server-1,SVM,5
p12_exp_18_cpu_rr_seen_16,p12_exp_18_cpu_rr_seen,cpu_heavy,cpu_heavy,6,8.0,0.07,server-2,15.0,25.0,0,20.0,1.5,15.0,25.0,1,20.0,1.5,15.0,25.0,0,20.0,1.5,1,server-2,1,server-2,1,server-2,1,server-2,1,server-2,SVM,5
p12_exp_18_cpu_rr_seen_17,p12_exp_18_cpu_rr_seen,cpu_heavy,cpu_heavy,6,8.0,0.07,server-3,15.0,25.0,0,20.0,1.5,15.0,25.0,0,20.0,1.5,15.0,25.0,1,20.0,1.5,1,server-3,1,server-3,1,server-3,1,server-3,1,server-3,SVM,5
p12_exp_18_cpu_rr_seen_18,p12_exp_18_cpu_rr_seen,cpu_heavy,cpu_heavy,6,8.0,0.07,server-1,15.0,25.0,1,20.0,1.5,15.0,25.0,0,20.0,1.5,15.0,25.0,0,20.0,1.5,1,server-1,1,server-1,1,server-1,1,server-1,1,server-1,SVM,5
p12_exp_18_cpu_rr_seen_19,p12_exp_18_cpu_rr_seen,cpu_heavy,cpu_heavy,6,8.0,0.07,server-2,15.0,25.0,0,20.0,1.5,15.0,25.0,1,20.0,1.5,15.0,25.0,0,20.0,1.5,1,server-2,1,server-2,1,server-2,1,server-2,1,server-2,SVM,5
p12_exp_18_cpu_rr_seen_20,p12_exp_18_cpu_rr_seen,cpu_heavy,cpu_heavy,6,8.0,0.07,server-3,15.0,25.0,0,20.0,1.5,15.0,25.0,0,20.0,1.5,15.0,25.0,1,20.0,1.5,1,server-3,1,server-3,1,server-3,1,server-3,1,server-3,SVM,5
p12_exp_18_cpu_rr_seen_21,p12_exp_18_cpu_rr_seen,cpu_heavy,cpu_heavy,6,8.0,0.07,server-1,15.0,25.0,1,20.0,1.5,15.0,25.0,0,20.0,1.5,15.0,25.0,0,20.0,1.5,1,server-1,1,server-1,1,server-1,1,server-1,1,server-1,SVM,5
p12_exp_18_cpu_rr_seen_22,p12_exp_18_cpu_rr_seen,cpu_heavy,cpu_heavy,6,8.0,0.07,server-2,15.0,25.0,0,20.0,1.5,15.0,25.0,1,20.0,1.5,15.0,25.0,0,20.0,1.5,1,server-2,1,server-2,1,server-2,1,server-2,1,server-2,SVM,5
p12_exp_18_cpu_rr_seen_23,p12_exp_18_cpu_rr_seen,cpu_heavy,cpu_heavy,6,8.0,0.07,server-3,15.0,25.0,0,20.0,1.5,15.0,25.0,0,20.0,1.5,15.0,25.0,1,20.0,1.5,1,server-3,1,server-3,1,server-3,1,server-3,1,server-3,SVM,5
p12_exp_18_cpu_rr_seen_24,p12_exp_18_cpu_rr_seen,cpu_heavy,cpu_heavy,6,8.0,0.07,server-1,15.0,25.0,1,20.0,1.5,15.0,25.0,0,20.0,1.5,15.0,25.0,0,20.0,1.5,1,server-1,1,server-1,1,server-1,1,server-1,1,server-1,SVM,5
p12_exp_18_cpu_rr_seen_25,p12_exp_18_cpu_rr_seen,cpu_heavy,cpu_heavy,6,8.0,0.07,server-2,15.0,25.0,0,20.0,1.5,15.0,25.0,1,20.0,1.5,15.0,25.0,0,20.0,1.5,1,server-2,1,server-2,1,server-2,1,server-2,1,server-2,SVM,5
p12_exp_18_cpu_rr_seen_26,p12_exp_18_cpu_rr_seen,cpu_heavy,cpu_heavy,6,8.0,0.07,server-3,15.0,25.0,0,20.0,1.5,15.0,25.0,0,20.0,1.5,15.0,25.0,1,20.0,1.5,1,server-3,1,server-3,1,server-3,1,server-3,1,server-3,SVM,5
p12_exp_18_cpu_rr_seen_27,p12_exp_18_cpu_rr_seen,cpu_heavy,cpu_heavy,6,8.0,0.07,server-1,15.0,25.0,1,20.0,1.5,15.0,25.0,0,20.0,1.5,15.0,25.0,0,20.0,1.5,1,server-1,1,server-1,1,server-1,1,server-1,1,server-1,SVM,5
p12_exp_18_cpu_rr_seen_28,p12_exp_18_cpu_rr_seen,cpu_heavy,cpu_heavy,6,8.0,0.07,server-2,15.0,25.0,0,20.0,1.5,15.0,25.0,1,20.0,1.5,15.0,25.0,0,20.0,1.5,1,server-2,1,server-2,1,server-2,1,server-2,1,server-2,SVM,5
p12_exp_18_cpu_rr_seen_29,p12_exp_18_cpu_rr_seen,cpu_heavy,cpu_heavy,6,8.0,0.07,server-3,15.0,25.0,0,20.0,1.5,15.0,25.0,0,20.0,1.5,15.0,25.0,1,20.0,1.5,1,server-3,1,server-3,1,server-3,1,server-3,1,server-3,SVM,5
p12_exp_18_cpu_rr_seen_30,p12_exp_18_cpu_rr_seen,cpu_heavy,cpu_heavy,6,8.0,0.07,server-1,15.0,25.0,1,20.0,1.5,15.0,25.0,0,20.0,1.5,15.0,25.0,0,20.0,1.5,1,server-1,1,server-1,1,server-1,1,server-1,1,server-1,SVM,5
p12_exp_18_cpu_rr_seen_31,p12_exp_18_cpu_rr_seen,cpu_heavy,cpu_heavy,6,8.0,0.07,server-2,15.0,25.0,0,20.0,1.5,15.0,25.0,1,20.0,1.5,15.0,25.0,0,20.0,1.5,1,server-2,1,server-2,1,server-2,1,server-2,1,server-2,SVM,5
p12_exp_18_cpu_rr_seen_32,p12_exp_18_cpu_rr_seen,cpu_heavy,cpu_heavy,6,8.0,0.07,server-3,15.0,25.0,0,20.0,1.5,15.0,25.0,0,20.0,1.5,15.0,25.0,1,20.0,1.5,1,server-3,1,server-3,1,server-3,1,server-3,1,server-3,SVM,5
p12_exp_18_cpu_rr_seen_33,p12_exp_18_cpu_rr_seen,cpu_heavy,cpu_heavy,6,8.0,0.07,server-1,15.0,25.0,1,20.0,1.5,15.0,25.0,0,20.0,1.5,15.0,25.0,0,20.0,1.5,1,server-1,1,server-1,1,server-1,1,server-1,1,server-1,SVM,5
p12_exp_18_cpu_rr_seen_34,p12_exp_18_cpu_rr_seen,cpu_heavy,cpu_heavy,6,8.0,0.07,server-2,15.0,25.0,0,20.0,1.5,15.0,25.0,1,20.0,1.5,15.0,25.0,0,20.0,1.5,1,server-2,1,server-2,1,server-2,1,server-2,1,server-2,SVM,5
p12_exp_18_cpu_rr_seen_35,p12_exp_18_cpu_rr_seen,cpu_heavy,cpu_heavy,6,8.0,0.07,server-3,15.0,25.0,0,20.0,1.5,15.0,25.0,0,20.0,1.5,15.0,25.0,1,20.0,1.5,1,server-3,1,server-3,1,server-3,1,server-3,1,server-3,SVM,5
p12_exp_19_cpu_lc_seen_1,p12_exp_19_cpu_lc_seen,cpu_heavy,cpu_heavy,6,8.0,0.08,server-1,15.0,25.0,1,20.0,1.5,15.0,25.0,0,20.0,1.5,15.0,25.0,0,20.0,1.5,1,server-1,1,server-1,1,server-1,1,server-1,1,server-1,SVM,5
p12_exp_19_cpu_lc_seen_2,p12_exp_19_cpu_lc_seen,cpu_heavy,cpu_heavy,6,8.0,0.08,server-1,15.0,25.0,1,20.0,1.5,15.0,25.0,0,20.0,1.5,15.0,25.0,0,20.0,1.5,1,server-1,1,server-1,1,server-1,1,server-1,1,server-1,SVM,5
p12_exp_19_cpu_lc_seen_3,p12_exp_19_cpu_lc_seen,cpu_heavy,cpu_heavy,6,8.0,0.08,server-1,15.0,25.0,1,20.0,1.5,15.0,25.0,0,20.0,1.5,15.0,25.0,0,20.0,1.5,1,server-1,1,server-1,1,server-1,1,server-1,1,server-1,SVM,5
p12_exp_19_cpu_lc_seen_4,p12_exp_19_cpu_lc_seen,cpu_heavy,cpu_heavy,6,8.0,0.08,server-1,15.0,25.0,1,20.0,1.5,15.0,25.0,0,20.0,1.5,15.0,25.0,0,20.0,1.5,1,server-1,1,server-1,1,server-1,1,server-1,1,server-1,SVM,5
p12_exp_19_cpu_lc_seen_5,p12_exp_19_cpu_lc_seen,cpu_heavy,cpu_heavy,6,8.0,0.08,server-1,15.0,25.0,1,20.0,1.5,15.0,25.0,0,20.0,1.5,15.0,25.0,0,20.0,1.5,1,server-1,1,server-1,1,server-1,1,server-1,1,server-1,SVM,5
p12_exp_19_cpu_lc_seen_6,p12_exp_19_cpu_lc_seen,cpu_heavy,cpu_heavy,6,8.0,0.08,server-1,15.0,25.0,1,20.0,1.5,15.0,25.0,0,20.0,1.5,15.0,25.0,0,20.0,1.5,1,server-1,1,server-1,1,server-1,1,server-1,1,server-1,SVM,5
p12_exp_19_cpu_lc_seen_7,p12_exp_19_cpu_lc_seen,cpu_heavy,cpu_heavy,6,8.0,0.08,server-1,15.0,25.0,1,20.0,1.5,15.0,25.0,0,20.0,1.5,15.0,25.0,0,20.0,1.5,1,server-1,1,server-1,1,server-1,1,server-1,1,server-1,SVM,5
p12_exp_19_cpu_lc_seen_8,p12_exp_19_cpu_lc_seen,cpu_heavy,cpu_heavy,6,8.0,0.08,server-1,15.0,25.0,1,20.0,1.5,15.0,25.0,0,20.0,1.5,15.0,25.0,0,20.0,1.5,1,server-1,1,server-1,1,server-1,1,server-1,1,server-1,SVM,5
p12_exp_19_cpu_lc_seen_9,p12_exp_19_cpu_lc_seen,cpu_heavy,cpu_heavy,6,8.0,0.08,server-1,15.0,25.0,1,20.0,1.5,15.0,25.0,0,20.0,1.5,15.0,25.0,0,20.0,1.5,1,server-1,1,server-1,1,server-1,1,server-1,1,server-1,SVM,5
p12_exp_19_cpu_lc_seen_10,p12_exp_19_cpu_lc_seen,cpu_heavy,cpu_heavy,6,8.0,0.08,server-1,15.0,25.0,1,20.0,1.5,15.0,25.0,0,20.0,1.5,15.0,25.0,0,20.0,1.5,1,server-1,1,server-1,1,server-1,1,server-1,1,server-1,SVM,5
p12_exp_19_cpu_lc_seen_11,p12_exp_19_cpu_lc_seen,cpu_heavy,cpu_heavy,6,8.0,0.08,server-1,15.0,25.0,1,20.0,1.5,15.0,25.0,0,20.0,1.5,15.0,25.0,0,20.0,1.5,1,server-1,1,server-1,1,server-1,1,server-1,1,server-1,SVM,5
p12_exp_19_cpu_lc_seen_12,p12_exp_19_cpu_lc_seen,cpu_heavy,cpu_heavy,6,8.0,0.08,server-1,15.0,25.0,1,20.0,1.5,15.0,25.0,0,20.0,1.5,15.0,25.0,0,20.0,1.5,1,server-1,1,server-1,1,server-1,1,server-1,1,server-1,SVM,5
p12_exp_19_cpu_lc_seen_13,p12_exp_19_cpu_lc_seen,cpu_heavy,cpu_heavy,6,8.0,0.08,server-1,15.0,25.0,1,20.0,1.5,15.0,25.0,0,20.0,1.5,15.0,25.0,0,20.0,1.5,1,server-1,1,server-1,1,server-1,1,server-1,1,server-1,SVM,5
p12_exp_19_cpu_lc_seen_14,p12_exp_19_cpu_lc_seen,cpu_heavy,cpu_heavy,6,8.0,0.08,server-1,15.0,25.0,1,20.0,1.5,15.0,25.0,0,20.0,1.5,15.0,25.0,0,20.0,1.5,1,server-1,1,server-1,1,server-1,1,server-1,1,server-1,SVM,5
p12_exp_19_cpu_lc_seen_15,p12_exp_19_cpu_lc_seen,cpu_heavy,cpu_heavy,6,8.0,0.08,server-1,15.0,25.0,1,20.0,1.5,15.0,25.0,0,20.0,1.5,15.0,25.0,0,20.0,1.5,1,server-1,1,server-1,1,server-1,1,server-1,1,server-1,SVM,5
p12_exp_19_cpu_lc_seen_16,p12_exp_19_cpu_lc_seen,cpu_heavy,cpu_heavy,6,8.0,0.08,server-1,15.0,25.0,1,20.0,1.5,15.0,25.0,0,20.0,1.5,15.0,25.0,0,20.0,1.5,1,server-1,1,server-1,1,server-1,1,server-1,1,server-1,SVM,5
p12_exp_19_cpu_lc_seen_17,p12_exp_19_cpu_lc_seen,cpu_heavy,cpu_heavy,6,8.0,0.08,server-1,15.0,25.0,1,20.0,1.5,15.0,25.0,0,20.0,1.5,15.0,25.0,0,20.0,1.5,1,server-1,1,server-1,1,server-1,1,server-1,1,server-1,SVM,5
p12_exp_19_cpu_lc_seen_18,p12_exp_19_cpu_lc_seen,cpu_heavy,cpu_heavy,6,8.0,0.08,server-1,15.0,25.0,1,20.0,1.5,15.0,25.0,0,20.0,1.5,15.0,25.0,0,20.0,1.5,1,server-1,1,server-1,1,server-1,1,server-1,1,server-1,SVM,5
p12_exp_19_cpu_lc_seen_19,p12_exp_19_cpu_lc_seen,cpu_heavy,cpu_heavy,6,8.0,0.08,server-1,15.0,25.0,1,20.0,1.5,15.0,25.0,0,20.0,1.5,15.0,25.0,0,20.0,1.5,1,server-1,1,server-1,1,server-1,1,server-1,1,server-1,SVM,5
p12_exp_19_cpu_lc_seen_20,p12_exp_19_cpu_lc_seen,cpu_heavy,cpu_heavy,6,8.0,0.08,server-1,15.0,25.0,1,20.0,1.5,15.0,25.0,0,20.0,1.5,15.0,25.0,0,20.0,1.5,1,server-1,1,server-1,1,server-1,1,server-1,1,server-1,SVM,5
p12_exp_19_cpu_lc_seen_21,p12_exp_19_cpu_lc_seen,cpu_heavy,cpu_heavy,6,8.0,0.08,server-1,15.0,25.0,1,20.0,1.5,15.0,25.0,0,20.0,1.5,15.0,25.0,0,20.0,1.5,1,server-1,1,server-1,1,server-1,1,server-1,1,server-1,SVM,5
p12_exp_19_cpu_lc_seen_22,p12_exp_19_cpu_lc_seen,cpu_heavy,cpu_heavy,6,8.0,0.08,server-1,15.0,25.0,1,20.0,1.5,15.0,25.0,0,20.0,1.5,15.0,25.0,0,20.0,1.5,1,server-1,1,server-1,1,server-1,1,server-1,1,server-1,SVM,5
p12_exp_19_cpu_lc_seen_23,p12_exp_19_cpu_lc_seen,cpu_heavy,cpu_heavy,6,8.0,0.08,server-1,15.0,25.0,1,20.0,1.5,15.0,25.0,0,20.0,1.5,15.0,25.0,0,20.0,1.5,1,server-1,1,server-1,1,server-1,1,server-1,1,server-1,SVM,5
p12_exp_19_cpu_lc_seen_24,p12_exp_19_cpu_lc_seen,cpu_heavy,cpu_heavy,6,8.0,0.08,server-1,15.0,25.0,1,20.0,1.5,15.0,25.0,0,20.0,1.5,15.0,25.0,0,20.0,1.5,1,server-1,1,server-1,1,server-1,1,server-1,1,server-1,SVM,5
p12_exp_19_cpu_lc_seen_25,p12_exp_19_cpu_lc_seen,cpu_heavy,cpu_heavy,6,8.0,0.08,server-1,15.0,25.0,1,20.0,1.5,15.0,25.0,0,20.0,1.5,15.0,25.0,0,20.0,1.5,1,server-1,1,server-1,1,server-1,1,server-1,1,server-1,SVM,5
p12_exp_19_cpu_lc_seen_26,p12_exp_19_cpu_lc_seen,cpu_heavy,cpu_heavy,6,8.0,0.08,server-1,15.0,25.0,1,20.0,1.5,15.0,25.0,0,20.0,1.5,15.0,25.0,0,20.0,1.5,1,server-1,1,server-1,1,server-1,1,server-1,1,server-1,SVM,5
p12_exp_19_cpu_lc_seen_27,p12_exp_19_cpu_lc_seen,cpu_heavy,cpu_heavy,6,8.0,0.08,server-1,15.0,25.0,1,20.0,1.5,15.0,25.0,0,20.0,1.5,15.0,25.0,0,20.0,1.5,1,server-1,1,server-1,1,server-1,1,server-1,1,server-1,SVM,5
p12_exp_19_cpu_lc_seen_28,p12_exp_19_cpu_lc_seen,cpu_heavy,cpu_heavy,6,8.0,0.08,server-1,15.0,25.0,1,20.0,1.5,15.0,25.0,0,20.0,1.5,15.0,25.0,0,20.0,1.5,1,server-1,1,server-1,1,server-1,1,server-1,1,server-1,SVM,5
p12_exp_19_cpu_lc_seen_29,p12_exp_19_cpu_lc_seen,cpu_heavy,cpu_heavy,6,8.0,0.08,server-1,15.0,25.0,1,20.0,1.5,15.0,25.0,0,20.0,1.5,15.0,25.0,0,20.0,1.5,1,server-1,1,server-1,1,server-1,1,server-1,1,server-1,SVM,5
p12_exp_19_cpu_lc_seen_30,p12_exp_19_cpu_lc_seen,cpu_heavy,cpu_heavy,6,8.0,0.08,server-1,15.0,25.0,1,20.0,1.5,15.0,25.0,0,20.0,1.5,15.0,25.0,0,20.0,1.5,1,server-1,1,server-1,1,server-1,1,server-1,1,server-1,SVM,5
p12_exp_19_cpu_lc_seen_31,p12_exp_19_cpu_lc_seen,cpu_heavy,cpu_heavy,6,8.0,0.08,server-1,15.0,25.0,1,20.0,1.5,15.0,25.0,0,20.0,1.5,15.0,25.0,0,20.0,1.5,1,server-1,1,server-1,1,server-1,1,server-1,1,server-1,SVM,5
p12_exp_19_cpu_lc_seen_32,p12_exp_19_cpu_lc_seen,cpu_heavy,cpu_heavy,6,8.0,0.08,server-1,15.0,25.0,1,20.0,1.5,15.0,25.0,0,20.0,1.5,15.0,25.0,0,20.0,1.5,1,server-1,1,server-1,1,server-1,1,server-1,1,server-1,SVM,5
p12_exp_19_cpu_lc_seen_33,p12_exp_19_cpu_lc_seen,cpu_heavy,cpu_heavy,6,8.0,0.08,server-1,15.0,25.0,1,20.0,1.5,15.0,25.0,0,20.0,1.5,15.0,25.0,0,20.0,1.5,1,server-1,1,server-1,1,server-1,1,server-1,1,server-1,SVM,5
p12_exp_19_cpu_lc_seen_34,p12_exp_19_cpu_lc_seen,cpu_heavy,cpu_heavy,6,8.0,0.08,server-1,15.0,25.0,1,20.0,1.5,15.0,25.0,0,20.0,1.5,15.0,25.0,0,20.0,1.5,1,server-1,1,server-1,1,server-1,1,server-1,1,server-1,SVM,5
p12_exp_19_cpu_lc_seen_35,p12_exp_19_cpu_lc_seen,cpu_heavy,cpu_heavy,6,8.0,0.08,server-1,15.0,25.0,1,20.0,1.5,15.0,25.0,0,20.0,1.5,15.0,25.0,0,20.0,1.5,1,server-1,1,server-1,1,server-1,1,server-1,1,server-1,SVM,5
p12_exp_20_cpu_ml_unseen_1,p12_exp_20_cpu_ml_unseen,cpu_heavy,cpu_heavy,8,0.0,0.095,server-3,15.0,25.0,0,20.0,1.5,15.0,25.0,0,20.0,1.5,15.0,25.0,1,20.0,1.5,1,server-3,1,server-3,1,server-3,1,server-3,1,server-3,SVM,5
p12_exp_20_cpu_ml_unseen_2,p12_exp_20_cpu_ml_unseen,cpu_heavy,cpu_heavy,8,0.0,0.095,server-3,15.0,25.0,0,20.0,1.5,15.0,25.0,0,20.0,1.5,15.0,25.0,1,20.0,1.5,1,server-3,1,server-3,1,server-3,1,server-3,1,server-3,SVM,5
p12_exp_20_cpu_ml_unseen_3,p12_exp_20_cpu_ml_unseen,cpu_heavy,cpu_heavy,8,0.0,0.095,server-3,15.0,25.0,0,20.0,1.5,15.0,25.0,0,20.0,1.5,15.0,25.0,1,20.0,1.5,1,server-3,1,server-3,1,server-3,1,server-3,1,server-3,SVM,5
p12_exp_20_cpu_ml_unseen_4,p12_exp_20_cpu_ml_unseen,cpu_heavy,cpu_heavy,8,0.0,0.095,server-3,15.0,25.0,0,20.0,1.5,15.0,25.0,0,20.0,1.5,15.0,25.0,1,20.0,1.5,1,server-3,1,server-3,1,server-3,1,server-3,1,server-3,SVM,5
p12_exp_20_cpu_ml_unseen_5,p12_exp_20_cpu_ml_unseen,cpu_heavy,cpu_heavy,8,0.0,0.095,server-3,15.0,25.0,0,20.0,1.5,15.0,25.0,0,20.0,1.5,15.0,25.0,1,20.0,1.5,1,server-3,1,server-3,1,server-3,1,server-3,1,server-3,SVM,5
p12_exp_20_cpu_ml_unseen_6,p12_exp_20_cpu_ml_unseen,cpu_heavy,cpu_heavy,8,0.0,0.095,server-3,15.0,25.0,0,20.0,1.5,15.0,25.0,0,20.0,1.5,15.0,25.0,1,20.0,1.5,1,server-3,1,server-3,1,server-3,1,server-3,1,server-3,SVM,5
p12_exp_20_cpu_ml_unseen_7,p12_exp_20_cpu_ml_unseen,cpu_heavy,cpu_heavy,8,0.0,0.095,server-3,15.0,25.0,0,20.0,1.5,15.0,25.0,0,20.0,1.5,15.0,25.0,1,20.0,1.5,1,server-3,1,server-3,1,server-3,1,server-3,1,server-3,SVM,5
p12_exp_20_cpu_ml_unseen_8,p12_exp_20_cpu_ml_unseen,cpu_heavy,cpu_heavy,8,0.0,0.095,server-3,15.0,25.0,0,20.0,1.5,15.0,25.0,0,20.0,1.5,15.0,25.0,1,20.0,1.5,1,server-3,1,server-3,1,server-3,1,server-3,1,server-3,SVM,5
p12_exp_20_cpu_ml_unseen_9,p12_exp_20_cpu_ml_unseen,cpu_heavy,cpu_heavy,8,0.0,0.095,server-3,15.0,25.0,0,20.0,1.5,15.0,25.0,0,20.0,1.5,15.0,25.0,1,20.0,1.5,1,server-3,1,server-3,1,server-3,1,server-3,1,server-3,SVM,5
p12_exp_20_cpu_ml_unseen_10,p12_exp_20_cpu_ml_unseen,cpu_heavy,cpu_heavy,8,0.0,0.095,server-3,15.0,25.0,0,20.0,1.5,15.0,25.0,0,20.0,1.5,15.0,25.0,1,20.0,1.5,1,server-3,1,server-3,1,server-3,1,server-3,1,server-3,SVM,5
p12_exp_20_cpu_ml_unseen_11,p12_exp_20_cpu_ml_unseen,cpu_heavy,cpu_heavy,8,0.0,0.095,server-3,15.0,25.0,0,20.0,1.5,15.0,25.0,0,20.0,1.5,15.0,25.0,1,20.0,1.5,1,server-3,1,server-3,1,server-3,1,server-3,1,server-3,SVM,5
p12_exp_20_cpu_ml_unseen_12,p12_exp_20_cpu_ml_unseen,cpu_heavy,cpu_heavy,8,0.0,0.095,server-3,15.0,25.0,0,20.0,1.5,15.0,25.0,0,20.0,1.5,15.0,25.0,1,20.0,1.5,1,server-3,1,server-3,1,server-3,1,server-3,1,server-3,SVM,5
p12_exp_20_cpu_ml_unseen_13,p12_exp_20_cpu_ml_unseen,cpu_heavy,cpu_heavy,8,0.0,0.095,server-3,15.0,25.0,0,20.0,1.5,15.0,25.0,0,20.0,1.5,15.0,25.0,1,20.0,1.5,1,server-3,1,server-3,1,server-3,1,server-3,1,server-3,SVM,5
p12_exp_20_cpu_ml_unseen_14,p12_exp_20_cpu_ml_unseen,cpu_heavy,cpu_heavy,8,0.0,0.095,server-3,15.0,25.0,0,20.0,1.5,15.0,25.0,0,20.0,1.5,15.0,25.0,1,20.0,1.5,1,server-3,1,server-3,1,server-3,1,server-3,1,server-3,SVM,5
p12_exp_20_cpu_ml_unseen_15,p12_exp_20_cpu_ml_unseen,cpu_heavy,cpu_heavy,8,0.0,0.095,server-3,15.0,25.0,0,20.0,1.5,15.0,25.0,0,20.0,1.5,15.0,25.0,1,20.0,1.5,1,server-3,1,server-3,1,server-3,1,server-3,1,server-3,SVM,5
p12_exp_20_cpu_ml_unseen_16,p12_exp_20_cpu_ml_unseen,cpu_heavy,cpu_heavy,8,0.0,0.095,server-3,15.0,25.0,0,20.0,1.5,15.0,25.0,0,20.0,1.5,15.0,25.0,1,20.0,1.5,1,server-3,1,server-3,1,server-3,1,server-3,1,server-3,SVM,5
p12_exp_20_cpu_ml_unseen_17,p12_exp_20_cpu_ml_unseen,cpu_heavy,cpu_heavy,8,0.0,0.095,server-3,15.0,25.0,0,20.0,1.5,15.0,25.0,0,20.0,1.5,15.0,25.0,1,20.0,1.5,1,server-3,1,server-3,1,server-3,1,server-3,1,server-3,SVM,5
p12_exp_20_cpu_ml_unseen_18,p12_exp_20_cpu_ml_unseen,cpu_heavy,cpu_heavy,8,0.0,0.095,server-3,15.0,25.0,0,20.0,1.5,15.0,25.0,0,20.0,1.5,15.0,25.0,1,20.0,1.5,1,server-3,1,server-3,1,server-3,1,server-3,1,server-3,SVM,5
p12_exp_20_cpu_ml_unseen_19,p12_exp_20_cpu_ml_unseen,cpu_heavy,cpu_heavy,8,0.0,0.095,server-3,15.0,25.0,0,20.0,1.5,15.0,25.0,0,20.0,1.5,15.0,25.0,1,20.0,1.5,1,server-3,1,server-3,1,server-3,1,server-3,1,server-3,SVM,5
p12_exp_20_cpu_ml_unseen_20,p12_exp_20_cpu_ml_unseen,cpu_heavy,cpu_heavy,8,0.0,0.095,server-3,15.0,25.0,0,20.0,1.5,15.0,25.0,0,20.0,1.5,15.0,25.0,1,20.0,1.5,1,server-3,1,server-3,1,server-3,1,server-3,1,server-3,SVM,5
p12_exp_20_cpu_ml_unseen_21,p12_exp_20_cpu_ml_unseen,cpu_heavy,cpu_heavy,8,0.0,0.095,server-3,15.0,25.0,0,20.0,1.5,15.0,25.0,0,20.0,1.5,15.0,25.0,1,20.0,1.5,1,server-3,1,server-3,1,server-3,1,server-3,1,server-3,SVM,5
p12_exp_20_cpu_ml_unseen_22,p12_exp_20_cpu_ml_unseen,cpu_heavy,cpu_heavy,8,0.0,0.095,server-3,15.0,25.0,0,20.0,1.5,15.0,25.0,0,20.0,1.5,15.0,25.0,1,20.0,1.5,1,server-3,1,server-3,1,server-3,1,server-3,1,server-3,SVM,5
p12_exp_20_cpu_ml_unseen_23,p12_exp_20_cpu_ml_unseen,cpu_heavy,cpu_heavy,8,0.0,0.095,server-3,15.0,25.0,0,20.0,1.5,15.0,25.0,0,20.0,1.5,15.0,25.0,1,20.0,1.5,1,server-3,1,server-3,1,server-3,1,server-3,1,server-3,SVM,5
p12_exp_20_cpu_ml_unseen_24,p12_exp_20_cpu_ml_unseen,cpu_heavy,cpu_heavy,8,0.0,0.095,server-3,15.0,25.0,0,20.0,1.5,15.0,25.0,0,20.0,1.5,15.0,25.0,1,20.0,1.5,1,server-3,1,server-3,1,server-3,1,server-3,1,server-3,SVM,5
p12_exp_20_cpu_ml_unseen_25,p12_exp_20_cpu_ml_unseen,cpu_heavy,cpu_heavy,8,0.0,0.095,server-3,15.0,25.0,0,20.0,1.5,15.0,25.0,0,20.0,1.5,15.0,25.0,1,20.0,1.5,1,server-3,1,server-3,1,server-3,1,server-3,1,server-3,SVM,5
p12_exp_20_cpu_ml_unseen_26,p12_exp_20_cpu_ml_unseen,cpu_heavy,cpu_heavy,8,0.0,0.095,server-3,15.0,25.0,0,20.0,1.5,15.0,25.0,0,20.0,1.5,15.0,25.0,1,20.0,1.5,1,server-3,1,server-3,1,server-3,1,server-3,1,server-3,SVM,5
p12_exp_20_cpu_ml_unseen_27,p12_exp_20_cpu_ml_unseen,cpu_heavy,cpu_heavy,8,0.0,0.095,server-3,15.0,25.0,0,20.0,1.5,15.0,25.0,0,20.0,1.5,15.0,25.0,1,20.0,1.5,1,server-3,1,server-3,1,server-3,1,server-3,1,server-3,SVM,5
p12_exp_20_cpu_ml_unseen_28,p12_exp_20_cpu_ml_unseen,cpu_heavy,cpu_heavy,8,0.0,0.095,server-3,15.0,25.0,0,20.0,1.5,15.0,25.0,0,20.0,1.5,15.0,25.0,1,20.0,1.5,1,server-3,1,server-3,1,server-3,1,server-3,1,server-3,SVM,5
p12_exp_20_cpu_ml_unseen_29,p12_exp_20_cpu_ml_unseen,cpu_heavy,cpu_heavy,8,0.0,0.095,server-3,15.0,25.0,0,20.0,1.5,15.0,25.0,0,20.0,1.5,15.0,25.0,1,20.0,1.5,1,server-3,1,server-3,1,server-3,1,server-3,1,server-3,SVM,5
p12_exp_20_cpu_ml_unseen_30,p12_exp_20_cpu_ml_unseen,cpu_heavy,cpu_heavy,8,0.0,0.095,server-3,15.0,25.0,0,20.0,1.5,15.0,25.0,0,20.0,1.5,15.0,25.0,1,20.0,1.5,1,server-3,1,server-3,1,server-3,1,server-3,1,server-3,SVM,5
p12_exp_20_cpu_ml_unseen_31,p12_exp_20_cpu_ml_unseen,cpu_heavy,cpu_heavy,8,0.0,0.095,server-3,15.0,25.0,0,20.0,1.5,15.0,25.0,0,20.0,1.5,15.0,25.0,1,20.0,1.5,1,server-3,1,server-3,1,server-3,1,server-3,1,server-3,SVM,5
p12_exp_20_cpu_ml_unseen_32,p12_exp_20_cpu_ml_unseen,cpu_heavy,cpu_heavy,8,0.0,0.095,server-3,15.0,25.0,0,20.0,1.5,15.0,25.0,0,20.0,1.5,15.0,25.0,1,20.0,1.5,1,server-3,1,server-3,1,server-3,1,server-3,1,server-3,SVM,5
p12_exp_20_cpu_ml_unseen_33,p12_exp_20_cpu_ml_unseen,cpu_heavy,cpu_heavy,8,0.0,0.095,server-3,15.0,25.0,0,20.0,1.5,15.0,25.0,0,20.0,1.5,15.0,25.0,1,20.0,1.5,1,server-3,1,server-3,1,server-3,1,server-3,1,server-3,SVM,5
p12_exp_20_cpu_ml_unseen_34,p12_exp_20_cpu_ml_unseen,cpu_heavy,cpu_heavy,8,0.0,0.095,server-3,15.0,25.0,0,20.0,1.5,15.0,25.0,0,20.0,1.5,15.0,25.0,1,20.0,1.5,1,server-3,1,server-3,1,server-3,1,server-3,1,server-3,SVM,5
p12_exp_20_cpu_ml_unseen_35,p12_exp_20_cpu_ml_unseen,cpu_heavy,cpu_heavy,8,0.0,0.095,server-3,15.0,25.0,0,20.0,1.5,15.0,25.0,0,20.0,1.5,15.0,25.0,1,20.0,1.5,1,server-3,1,server-3,1,server-3,1,server-3,1,server-3,SVM,5
p12_exp_21_cpu_iphash_unseen_1,p12_exp_21_cpu_iphash_unseen,cpu_heavy,cpu_heavy,9,0.0,0.1,server-1,15.0,25.0,1,20.0,1.5,15.0,25.0,0,20.0,1.5,15.0,25.0,0,20.0,1.5,1,server-1,1,server-1,1,server-1,1,server-1,1,server-1,SVM,5
p12_exp_21_cpu_iphash_unseen_2,p12_exp_21_cpu_iphash_unseen,cpu_heavy,cpu_heavy,9,0.0,0.1,server-1,15.0,25.0,1,20.0,1.5,15.0,25.0,0,20.0,1.5,15.0,25.0,0,20.0,1.5,1,server-1,1,server-1,1,server-1,1,server-1,1,server-1,SVM,5
p12_exp_21_cpu_iphash_unseen_3,p12_exp_21_cpu_iphash_unseen,cpu_heavy,cpu_heavy,9,0.0,0.1,server-1,15.0,25.0,1,20.0,1.5,15.0,25.0,0,20.0,1.5,15.0,25.0,0,20.0,1.5,1,server-1,1,server-1,1,server-1,1,server-1,1,server-1,SVM,5
p12_exp_21_cpu_iphash_unseen_4,p12_exp_21_cpu_iphash_unseen,cpu_heavy,cpu_heavy,9,0.0,0.1,server-1,15.0,25.0,1,20.0,1.5,15.0,25.0,0,20.0,1.5,15.0,25.0,0,20.0,1.5,1,server-1,1,server-1,1,server-1,1,server-1,1,server-1,SVM,5
p12_exp_21_cpu_iphash_unseen_5,p12_exp_21_cpu_iphash_unseen,cpu_heavy,cpu_heavy,9,0.0,0.1,server-1,15.0,25.0,1,20.0,1.5,15.0,25.0,0,20.0,1.5,15.0,25.0,0,20.0,1.5,1,server-1,1,server-1,1,server-1,1,server-1,1,server-1,SVM,5
p12_exp_21_cpu_iphash_unseen_6,p12_exp_21_cpu_iphash_unseen,cpu_heavy,cpu_heavy,9,0.0,0.1,server-1,15.0,25.0,1,20.0,1.5,15.0,25.0,0,20.0,1.5,15.0,25.0,0,20.0,1.5,1,server-1,1,server-1,1,server-1,1,server-1,1,server-1,SVM,5
p12_exp_21_cpu_iphash_unseen_7,p12_exp_21_cpu_iphash_unseen,cpu_heavy,cpu_heavy,9,0.0,0.1,server-1,15.0,25.0,1,20.0,1.5,15.0,25.0,0,20.0,1.5,15.0,25.0,0,20.0,1.5,1,server-1,1,server-1,1,server-1,1,server-1,1,server-1,SVM,5
p12_exp_21_cpu_iphash_unseen_8,p12_exp_21_cpu_iphash_unseen,cpu_heavy,cpu_heavy,9,0.0,0.1,server-1,15.0,25.0,1,20.0,1.5,15.0,25.0,0,20.0,1.5,15.0,25.0,0,20.0,1.5,1,server-1,1,server-1,1,server-1,1,server-1,1,server-1,SVM,5
p12_exp_21_cpu_iphash_unseen_9,p12_exp_21_cpu_iphash_unseen,cpu_heavy,cpu_heavy,9,0.0,0.1,server-1,15.0,25.0,1,20.0,1.5,15.0,25.0,0,20.0,1.5,15.0,25.0,0,20.0,1.5,1,server-1,1,server-1,1,server-1,1,server-1,1,server-1,SVM,5
p12_exp_21_cpu_iphash_unseen_10,p12_exp_21_cpu_iphash_unseen,cpu_heavy,cpu_heavy,9,0.0,0.1,server-1,15.0,25.0,1,20.0,1.5,15.0,25.0,0,20.0,1.5,15.0,25.0,0,20.0,1.5,1,server-1,1,server-1,1,server-1,1,server-1,1,server-1,SVM,5
p12_exp_21_cpu_iphash_unseen_11,p12_exp_21_cpu_iphash_unseen,cpu_heavy,cpu_heavy,9,0.0,0.1,server-1,15.0,25.0,1,20.0,1.5,15.0,25.0,0,20.0,1.5,15.0,25.0,0,20.0,1.5,1,server-1,1,server-1,1,server-1,1,server-1,1,server-1,SVM,5
p12_exp_21_cpu_iphash_unseen_12,p12_exp_21_cpu_iphash_unseen,cpu_heavy,cpu_heavy,9,0.0,0.1,server-1,15.0,25.0,1,20.0,1.5,15.0,25.0,0,20.0,1.5,15.0,25.0,0,20.0,1.5,1,server-1,1,server-1,1,server-1,1,server-1,1,server-1,SVM,5
p12_exp_21_cpu_iphash_unseen_13,p12_exp_21_cpu_iphash_unseen,cpu_heavy,cpu_heavy,9,0.0,0.1,server-1,15.0,25.0,1,20.0,1.5,15.0,25.0,0,20.0,1.5,15.0,25.0,0,20.0,1.5,1,server-1,1,server-1,1,server-1,1,server-1,1,server-1,SVM,5
p12_exp_21_cpu_iphash_unseen_14,p12_exp_21_cpu_iphash_unseen,cpu_heavy,cpu_heavy,9,0.0,0.1,server-1,15.0,25.0,1,20.0,1.5,15.0,25.0,0,20.0,1.5,15.0,25.0,0,20.0,1.5,1,server-1,1,server-1,1,server-1,1,server-1,1,server-1,SVM,5
p12_exp_21_cpu_iphash_unseen_15,p12_exp_21_cpu_iphash_unseen,cpu_heavy,cpu_heavy,9,0.0,0.1,server-1,15.0,25.0,1,20.0,1.5,15.0,25.0,0,20.0,1.5,15.0,25.0,0,20.0,1.5,1,server-1,1,server-1,1,server-1,1,server-1,1,server-1,SVM,5
p12_exp_21_cpu_iphash_unseen_16,p12_exp_21_cpu_iphash_unseen,cpu_heavy,cpu_heavy,9,0.0,0.1,server-1,15.0,25.0,1,20.0,1.5,15.0,25.0,0,20.0,1.5,15.0,25.0,0,20.0,1.5,1,server-1,1,server-1,1,server-1,1,server-1,1,server-1,SVM,5
p12_exp_21_cpu_iphash_unseen_17,p12_exp_21_cpu_iphash_unseen,cpu_heavy,cpu_heavy,9,0.0,0.1,server-1,15.0,25.0,1,20.0,1.5,15.0,25.0,0,20.0,1.5,15.0,25.0,0,20.0,1.5,1,server-1,1,server-1,1,server-1,1,server-1,1,server-1,SVM,5
p12_exp_21_cpu_iphash_unseen_18,p12_exp_21_cpu_iphash_unseen,cpu_heavy,cpu_heavy,9,0.0,0.1,server-1,15.0,25.0,1,20.0,1.5,15.0,25.0,0,20.0,1.5,15.0,25.0,0,20.0,1.5,1,server-1,1,server-1,1,server-1,1,server-1,1,server-1,SVM,5
p12_exp_21_cpu_iphash_unseen_19,p12_exp_21_cpu_iphash_unseen,cpu_heavy,cpu_heavy,9,0.0,0.1,server-1,15.0,25.0,1,20.0,1.5,15.0,25.0,0,20.0,1.5,15.0,25.0,0,20.0,1.5,1,server-1,1,server-1,1,server-1,1,server-1,1,server-1,SVM,5
p12_exp_21_cpu_iphash_unseen_20,p12_exp_21_cpu_iphash_unseen,cpu_heavy,cpu_heavy,9,0.0,0.1,server-1,15.0,25.0,1,20.0,1.5,15.0,25.0,0,20.0,1.5,15.0,25.0,0,20.0,1.5,1,server-1,1,server-1,1,server-1,1,server-1,1,server-1,SVM,5
p12_exp_21_cpu_iphash_unseen_21,p12_exp_21_cpu_iphash_unseen,cpu_heavy,cpu_heavy,9,0.0,0.1,server-1,15.0,25.0,1,20.0,1.5,15.0,25.0,0,20.0,1.5,15.0,25.0,0,20.0,1.5,1,server-1,1,server-1,1,server-1,1,server-1,1,server-1,SVM,5
p12_exp_21_cpu_iphash_unseen_22,p12_exp_21_cpu_iphash_unseen,cpu_heavy,cpu_heavy,9,0.0,0.1,server-1,15.0,25.0,1,20.0,1.5,15.0,25.0,0,20.0,1.5,15.0,25.0,0,20.0,1.5,1,server-1,1,server-1,1,server-1,1,server-1,1,server-1,SVM,5
p12_exp_21_cpu_iphash_unseen_23,p12_exp_21_cpu_iphash_unseen,cpu_heavy,cpu_heavy,9,0.0,0.1,server-1,15.0,25.0,1,20.0,1.5,15.0,25.0,0,20.0,1.5,15.0,25.0,0,20.0,1.5,1,server-1,1,server-1,1,server-1,1,server-1,1,server-1,SVM,5
p12_exp_21_cpu_iphash_unseen_24,p12_exp_21_cpu_iphash_unseen,cpu_heavy,cpu_heavy,9,0.0,0.1,server-1,15.0,25.0,1,20.0,1.5,15.0,25.0,0,20.0,1.5,15.0,25.0,0,20.0,1.5,1,server-1,1,server-1,1,server-1,1,server-1,1,server-1,SVM,5
p12_exp_21_cpu_iphash_unseen_25,p12_exp_21_cpu_iphash_unseen,cpu_heavy,cpu_heavy,9,0.0,0.1,server-1,15.0,25.0,1,20.0,1.5,15.0,25.0,0,20.0,1.5,15.0,25.0,0,20.0,1.5,1,server-1,1,server-1,1,server-1,1,server-1,1,server-1,SVM,5
p12_exp_21_cpu_iphash_unseen_26,p12_exp_21_cpu_iphash_unseen,cpu_heavy,cpu_heavy,9,0.0,0.1,server-1,15.0,25.0,1,20.0,1.5,15.0,25.0,0,20.0,1.5,15.0,25.0,0,20.0,1.5,1,server-1,1,server-1,1,server-1,1,server-1,1,server-1,SVM,5
p12_exp_21_cpu_iphash_unseen_27,p12_exp_21_cpu_iphash_unseen,cpu_heavy,cpu_heavy,9,0.0,0.1,server-1,15.0,25.0,1,20.0,1.5,15.0,25.0,0,20.0,1.5,15.0,25.0,0,20.0,1.5,1,server-1,1,server-1,1,server-1,1,server-1,1,server-1,SVM,5
p12_exp_21_cpu_iphash_unseen_28,p12_exp_21_cpu_iphash_unseen,cpu_heavy,cpu_heavy,9,0.0,0.1,server-1,15.0,25.0,1,20.0,1.5,15.0,25.0,0,20.0,1.5,15.0,25.0,0,20.0,1.5,1,server-1,1,server-1,1,server-1,1,server-1,1,server-1,SVM,5
p12_exp_21_cpu_iphash_unseen_29,p12_exp_21_cpu_iphash_unseen,cpu_heavy,cpu_heavy,9,0.0,0.1,server-1,15.0,25.0,1,20.0,1.5,15.0,25.0,0,20.0,1.5,15.0,25.0,0,20.0,1.5,1,server-1,1,server-1,1,server-1,1,server-1,1,server-1,SVM,5
p12_exp_21_cpu_iphash_unseen_30,p12_exp_21_cpu_iphash_unseen,cpu_heavy,cpu_heavy,9,0.0,0.1,server-1,15.0,25.0,1,20.0,1.5,15.0,25.0,0,20.0,1.5,15.0,25.0,0,20.0,1.5,1,server-1,1,server-1,1,server-1,1,server-1,1,server-1,SVM,5
p12_exp_21_cpu_iphash_unseen_31,p12_exp_21_cpu_iphash_unseen,cpu_heavy,cpu_heavy,9,0.0,0.1,server-1,15.0,25.0,1,20.0,1.5,15.0,25.0,0,20.0,1.5,15.0,25.0,0,20.0,1.5,1,server-1,1,server-1,1,server-1,1,server-1,1,server-1,SVM,5
p12_exp_21_cpu_iphash_unseen_32,p12_exp_21_cpu_iphash_unseen,cpu_heavy,cpu_heavy,9,0.0,0.1,server-1,15.0,25.0,1,20.0,1.5,15.0,25.0,0,20.0,1.5,15.0,25.0,0,20.0,1.5,1,server-1,1,server-1,1,server-1,1,server-1,1,server-1,SVM,5
p12_exp_21_cpu_iphash_unseen_33,p12_exp_21_cpu_iphash_unseen,cpu_heavy,cpu_heavy,9,0.0,0.1,server-1,15.0,25.0,1,20.0,1.5,15.0,25.0,0,20.0,1.5,15.0,25.0,0,20.0,1.5,1,server-1,1,server-1,1,server-1,1,server-1,1,server-1,SVM,5
p12_exp_21_cpu_iphash_unseen_34,p12_exp_21_cpu_iphash_unseen,cpu_heavy,cpu_heavy,9,0.0,0.1,server-1,15.0,25.0,1,20.0,1.5,15.0,25.0,0,20.0,1.5,15.0,25.0,0,20.0,1.5,1,server-1,1,server-1,1,server-1,1,server-1,1,server-1,SVM,5
p12_exp_21_cpu_iphash_unseen_35,p12_exp_21_cpu_iphash_unseen,cpu_heavy,cpu_heavy,9,0.0,0.1,server-1,15.0,25.0,1,20.0,1.5,15.0,25.0,0,20.0,1.5,15.0,25.0,0,20.0,1.5,1,server-1,1,server-1,1,server-1,1,server-1,1,server-1,SVM,5
p12_exp_22_mixed_rr_seen_1,p12_exp_22_mixed_rr_seen,mixed_workload,mixed_workload,6,12.0,0.03,server-2,15.0,25.0,0,20.0,1.5,15.0,25.0,1,20.0,1.5,15.0,25.0,0,20.0,1.5,1,server-2,1,server-2,1,server-2,1,server-2,1,server-2,SVM,5
p12_exp_22_mixed_rr_seen_2,p12_exp_22_mixed_rr_seen,mixed_workload,mixed_workload,6,12.0,0.03,server-3,15.0,25.0,0,20.0,1.5,15.0,25.0,0,20.0,1.5,15.0,25.0,1,20.0,1.5,1,server-3,1,server-3,1,server-3,1,server-3,1,server-3,SVM,5
p12_exp_22_mixed_rr_seen_3,p12_exp_22_mixed_rr_seen,mixed_workload,mixed_workload,6,12.0,0.03,server-1,15.0,25.0,1,20.0,1.5,15.0,25.0,0,20.0,1.5,15.0,25.0,0,20.0,1.5,1,server-1,1,server-1,1,server-1,1,server-1,1,server-1,SVM,5
p12_exp_22_mixed_rr_seen_4,p12_exp_22_mixed_rr_seen,mixed_workload,mixed_workload,6,12.0,0.03,server-2,15.0,25.0,0,20.0,1.5,15.0,25.0,1,20.0,1.5,15.0,25.0,0,20.0,1.5,1,server-2,1,server-2,1,server-2,1,server-2,1,server-2,SVM,5
p12_exp_22_mixed_rr_seen_5,p12_exp_22_mixed_rr_seen,mixed_workload,mixed_workload,6,12.0,0.03,server-3,15.0,25.0,0,20.0,1.5,15.0,25.0,0,20.0,1.5,15.0,25.0,1,20.0,1.5,1,server-3,1,server-3,1,server-3,1,server-3,1,server-3,SVM,5
p12_exp_22_mixed_rr_seen_6,p12_exp_22_mixed_rr_seen,mixed_workload,mixed_workload,6,12.0,0.03,server-1,15.0,25.0,1,20.0,1.5,15.0,25.0,0,20.0,1.5,15.0,25.0,0,20.0,1.5,1,server-1,1,server-1,1,server-1,1,server-1,1,server-1,SVM,5
p12_exp_22_mixed_rr_seen_7,p12_exp_22_mixed_rr_seen,mixed_workload,mixed_workload,6,12.0,0.03,server-2,15.0,25.0,0,20.0,1.5,15.0,25.0,1,20.0,1.5,15.0,25.0,0,20.0,1.5,1,server-2,1,server-2,1,server-2,1,server-2,1,server-2,SVM,5
p12_exp_22_mixed_rr_seen_8,p12_exp_22_mixed_rr_seen,mixed_workload,mixed_workload,6,12.0,0.03,server-3,15.0,25.0,0,20.0,1.5,15.0,25.0,0,20.0,1.5,15.0,25.0,1,20.0,1.5,1,server-3,1,server-3,1,server-3,1,server-3,1,server-3,SVM,5
p12_exp_22_mixed_rr_seen_9,p12_exp_22_mixed_rr_seen,mixed_workload,mixed_workload,6,12.0,0.03,server-1,15.0,25.0,1,20.0,1.5,15.0,25.0,0,20.0,1.5,15.0,25.0,0,20.0,1.5,1,server-1,1,server-1,1,server-1,1,server-1,1,server-1,SVM,5
p12_exp_22_mixed_rr_seen_10,p12_exp_22_mixed_rr_seen,mixed_workload,mixed_workload,6,12.0,0.03,server-2,15.0,25.0,0,20.0,1.5,15.0,25.0,1,20.0,1.5,15.0,25.0,0,20.0,1.5,1,server-2,1,server-2,1,server-2,1,server-2,1,server-2,SVM,5
p12_exp_22_mixed_rr_seen_11,p12_exp_22_mixed_rr_seen,mixed_workload,mixed_workload,6,12.0,0.03,server-3,15.0,25.0,0,20.0,1.5,15.0,25.0,0,20.0,1.5,15.0,25.0,1,20.0,1.5,1,server-3,1,server-3,1,server-3,1,server-3,1,server-3,SVM,5
p12_exp_22_mixed_rr_seen_12,p12_exp_22_mixed_rr_seen,mixed_workload,mixed_workload,6,12.0,0.03,server-1,15.0,25.0,1,20.0,1.5,15.0,25.0,0,20.0,1.5,15.0,25.0,0,20.0,1.5,1,server-1,1,server-1,1,server-1,1,server-1,1,server-1,SVM,5
p12_exp_22_mixed_rr_seen_13,p12_exp_22_mixed_rr_seen,mixed_workload,mixed_workload,6,12.0,0.03,server-2,15.0,25.0,0,20.0,1.5,15.0,25.0,1,20.0,1.5,15.0,25.0,0,20.0,1.5,1,server-2,1,server-2,1,server-2,1,server-2,1,server-2,SVM,5
p12_exp_22_mixed_rr_seen_14,p12_exp_22_mixed_rr_seen,mixed_workload,mixed_workload,6,12.0,0.03,server-3,15.0,25.0,0,20.0,1.5,15.0,25.0,0,20.0,1.5,15.0,25.0,1,20.0,1.5,1,server-3,1,server-3,1,server-3,1,server-3,1,server-3,SVM,5
p12_exp_22_mixed_rr_seen_15,p12_exp_22_mixed_rr_seen,mixed_workload,mixed_workload,6,12.0,0.03,server-1,15.0,25.0,1,20.0,1.5,15.0,25.0,0,20.0,1.5,15.0,25.0,0,20.0,1.5,1,server-1,1,server-1,1,server-1,1,server-1,1,server-1,SVM,5
p12_exp_22_mixed_rr_seen_16,p12_exp_22_mixed_rr_seen,mixed_workload,mixed_workload,6,12.0,0.03,server-2,15.0,25.0,0,20.0,1.5,15.0,25.0,1,20.0,1.5,15.0,25.0,0,20.0,1.5,1,server-2,1,server-2,1,server-2,1,server-2,1,server-2,SVM,5
p12_exp_22_mixed_rr_seen_17,p12_exp_22_mixed_rr_seen,mixed_workload,mixed_workload,6,12.0,0.03,server-3,15.0,25.0,0,20.0,1.5,15.0,25.0,0,20.0,1.5,15.0,25.0,1,20.0,1.5,1,server-3,1,server-3,1,server-3,1,server-3,1,server-3,SVM,5
p12_exp_22_mixed_rr_seen_18,p12_exp_22_mixed_rr_seen,mixed_workload,mixed_workload,6,12.0,0.03,server-1,15.0,25.0,1,20.0,1.5,15.0,25.0,0,20.0,1.5,15.0,25.0,0,20.0,1.5,1,server-1,1,server-1,1,server-1,1,server-1,1,server-1,SVM,5
p12_exp_22_mixed_rr_seen_19,p12_exp_22_mixed_rr_seen,mixed_workload,mixed_workload,6,12.0,0.03,server-2,15.0,25.0,0,20.0,1.5,15.0,25.0,1,20.0,1.5,15.0,25.0,0,20.0,1.5,1,server-2,1,server-2,1,server-2,1,server-2,1,server-2,SVM,5
p12_exp_22_mixed_rr_seen_20,p12_exp_22_mixed_rr_seen,mixed_workload,mixed_workload,6,12.0,0.03,server-3,15.0,25.0,0,20.0,1.5,15.0,25.0,0,20.0,1.5,15.0,25.0,1,20.0,1.5,1,server-3,1,server-3,1,server-3,1,server-3,1,server-3,SVM,5
p12_exp_22_mixed_rr_seen_21,p12_exp_22_mixed_rr_seen,mixed_workload,mixed_workload,6,12.0,0.03,server-1,15.0,25.0,1,20.0,1.5,15.0,25.0,0,20.0,1.5,15.0,25.0,0,20.0,1.5,1,server-1,1,server-1,1,server-1,1,server-1,1,server-1,SVM,5
p12_exp_22_mixed_rr_seen_22,p12_exp_22_mixed_rr_seen,mixed_workload,mixed_workload,6,12.0,0.03,server-2,15.0,25.0,0,20.0,1.5,15.0,25.0,1,20.0,1.5,15.0,25.0,0,20.0,1.5,1,server-2,1,server-2,1,server-2,1,server-2,1,server-2,SVM,5
p12_exp_22_mixed_rr_seen_23,p12_exp_22_mixed_rr_seen,mixed_workload,mixed_workload,6,12.0,0.03,server-3,15.0,25.0,0,20.0,1.5,15.0,25.0,0,20.0,1.5,15.0,25.0,1,20.0,1.5,1,server-3,1,server-3,1,server-3,1,server-3,1,server-3,SVM,5
p12_exp_22_mixed_rr_seen_24,p12_exp_22_mixed_rr_seen,mixed_workload,mixed_workload,6,12.0,0.03,server-1,15.0,25.0,1,20.0,1.5,15.0,25.0,0,20.0,1.5,15.0,25.0,0,20.0,1.5,1,server-1,1,server-1,1,server-1,1,server-1,1,server-1,SVM,5
p12_exp_22_mixed_rr_seen_25,p12_exp_22_mixed_rr_seen,mixed_workload,mixed_workload,6,12.0,0.03,server-2,15.0,25.0,0,20.0,1.5,15.0,25.0,1,20.0,1.5,15.0,25.0,0,20.0,1.5,1,server-2,1,server-2,1,server-2,1,server-2,1,server-2,SVM,5
p12_exp_22_mixed_rr_seen_26,p12_exp_22_mixed_rr_seen,mixed_workload,mixed_workload,6,12.0,0.03,server-3,15.0,25.0,0,20.0,1.5,15.0,25.0,0,20.0,1.5,15.0,25.0,1,20.0,1.5,1,server-3,1,server-3,1,server-3,1,server-3,1,server-3,SVM,5
p12_exp_22_mixed_rr_seen_27,p12_exp_22_mixed_rr_seen,mixed_workload,mixed_workload,6,12.0,0.03,server-1,15.0,25.0,1,20.0,1.5,15.0,25.0,0,20.0,1.5,15.0,25.0,0,20.0,1.5,1,server-1,1,server-1,1,server-1,1,server-1,1,server-1,SVM,5
p12_exp_22_mixed_rr_seen_28,p12_exp_22_mixed_rr_seen,mixed_workload,mixed_workload,6,12.0,0.03,server-2,15.0,25.0,0,20.0,1.5,15.0,25.0,1,20.0,1.5,15.0,25.0,0,20.0,1.5,1,server-2,1,server-2,1,server-2,1,server-2,1,server-2,SVM,5
p12_exp_22_mixed_rr_seen_29,p12_exp_22_mixed_rr_seen,mixed_workload,mixed_workload,6,12.0,0.03,server-3,15.0,25.0,0,20.0,1.5,15.0,25.0,0,20.0,1.5,15.0,25.0,1,20.0,1.5,1,server-3,1,server-3,1,server-3,1,server-3,1,server-3,SVM,5
p12_exp_22_mixed_rr_seen_30,p12_exp_22_mixed_rr_seen,mixed_workload,mixed_workload,6,12.0,0.03,server-1,15.0,25.0,1,20.0,1.5,15.0,25.0,0,20.0,1.5,15.0,25.0,0,20.0,1.5,1,server-1,1,server-1,1,server-1,1,server-1,1,server-1,SVM,5
p12_exp_22_mixed_rr_seen_31,p12_exp_22_mixed_rr_seen,mixed_workload,mixed_workload,6,12.0,0.03,server-2,15.0,25.0,0,20.0,1.5,15.0,25.0,1,20.0,1.5,15.0,25.0,0,20.0,1.5,1,server-2,1,server-2,1,server-2,1,server-2,1,server-2,SVM,5
p12_exp_22_mixed_rr_seen_32,p12_exp_22_mixed_rr_seen,mixed_workload,mixed_workload,6,12.0,0.03,server-3,15.0,25.0,0,20.0,1.5,15.0,25.0,0,20.0,1.5,15.0,25.0,1,20.0,1.5,1,server-3,1,server-3,1,server-3,1,server-3,1,server-3,SVM,5
p12_exp_22_mixed_rr_seen_33,p12_exp_22_mixed_rr_seen,mixed_workload,mixed_workload,6,12.0,0.03,server-1,15.0,25.0,1,20.0,1.5,15.0,25.0,0,20.0,1.5,15.0,25.0,0,20.0,1.5,1,server-1,1,server-1,1,server-1,1,server-1,1,server-1,SVM,5
p12_exp_22_mixed_rr_seen_34,p12_exp_22_mixed_rr_seen,mixed_workload,mixed_workload,6,12.0,0.03,server-2,15.0,25.0,0,20.0,1.5,15.0,25.0,1,20.0,1.5,15.0,25.0,0,20.0,1.5,1,server-2,1,server-2,1,server-2,1,server-2,1,server-2,SVM,5
p12_exp_22_mixed_rr_seen_35,p12_exp_22_mixed_rr_seen,mixed_workload,mixed_workload,6,12.0,0.03,server-3,15.0,25.0,0,20.0,1.5,15.0,25.0,0,20.0,1.5,15.0,25.0,1,20.0,1.5,1,server-3,1,server-3,1,server-3,1,server-3,1,server-3,SVM,5
p12_exp_22_mixed_rr_seen_36,p12_exp_22_mixed_rr_seen,mixed_workload,mixed_workload,6,12.0,0.03,server-1,15.0,25.0,1,20.0,1.5,15.0,25.0,0,20.0,1.5,15.0,25.0,0,20.0,1.5,1,server-1,1,server-1,1,server-1,1,server-1,1,server-1,SVM,5
p12_exp_22_mixed_rr_seen_37,p12_exp_22_mixed_rr_seen,mixed_workload,mixed_workload,6,12.0,0.03,server-2,15.0,25.0,0,20.0,1.5,15.0,25.0,1,20.0,1.5,15.0,25.0,0,20.0,1.5,1,server-2,1,server-2,1,server-2,1,server-2,1,server-2,SVM,5
p12_exp_22_mixed_rr_seen_38,p12_exp_22_mixed_rr_seen,mixed_workload,mixed_workload,6,12.0,0.03,server-3,15.0,25.0,0,20.0,1.5,15.0,25.0,0,20.0,1.5,15.0,25.0,1,20.0,1.5,1,server-3,1,server-3,1,server-3,1,server-3,1,server-3,SVM,5
p12_exp_22_mixed_rr_seen_39,p12_exp_22_mixed_rr_seen,mixed_workload,mixed_workload,6,12.0,0.03,server-1,15.0,25.0,1,20.0,1.5,15.0,25.0,0,20.0,1.5,15.0,25.0,0,20.0,1.5,1,server-1,1,server-1,1,server-1,1,server-1,1,server-1,SVM,5
p12_exp_22_mixed_rr_seen_40,p12_exp_22_mixed_rr_seen,mixed_workload,mixed_workload,6,12.0,0.03,server-2,15.0,25.0,0,20.0,1.5,15.0,25.0,1,20.0,1.5,15.0,25.0,0,20.0,1.5,1,server-2,1,server-2,1,server-2,1,server-2,1,server-2,SVM,5
p12_exp_23_mixed_lc_seen_1,p12_exp_23_mixed_lc_seen,mixed_workload,mixed_workload,6,12.0,0.03,server-1,15.0,25.0,1,20.0,1.5,15.0,25.0,0,20.0,1.5,15.0,25.0,0,20.0,1.5,1,server-1,1,server-1,1,server-1,1,server-1,1,server-1,SVM,5
p12_exp_23_mixed_lc_seen_2,p12_exp_23_mixed_lc_seen,mixed_workload,mixed_workload,6,12.0,0.03,server-1,15.0,25.0,1,20.0,1.5,15.0,25.0,0,20.0,1.5,15.0,25.0,0,20.0,1.5,1,server-1,1,server-1,1,server-1,1,server-1,1,server-1,SVM,5
p12_exp_23_mixed_lc_seen_3,p12_exp_23_mixed_lc_seen,mixed_workload,mixed_workload,6,12.0,0.03,server-1,15.0,25.0,1,20.0,1.5,15.0,25.0,0,20.0,1.5,15.0,25.0,0,20.0,1.5,1,server-1,1,server-1,1,server-1,1,server-1,1,server-1,SVM,5
p12_exp_23_mixed_lc_seen_4,p12_exp_23_mixed_lc_seen,mixed_workload,mixed_workload,6,12.0,0.03,server-1,15.0,25.0,1,20.0,1.5,15.0,25.0,0,20.0,1.5,15.0,25.0,0,20.0,1.5,1,server-1,1,server-1,1,server-1,1,server-1,1,server-1,SVM,5
p12_exp_23_mixed_lc_seen_5,p12_exp_23_mixed_lc_seen,mixed_workload,mixed_workload,6,12.0,0.03,server-1,15.0,25.0,1,20.0,1.5,15.0,25.0,0,20.0,1.5,15.0,25.0,0,20.0,1.5,1,server-1,1,server-1,1,server-1,1,server-1,1,server-1,SVM,5
p12_exp_23_mixed_lc_seen_6,p12_exp_23_mixed_lc_seen,mixed_workload,mixed_workload,6,12.0,0.03,server-1,15.0,25.0,1,20.0,1.5,15.0,25.0,0,20.0,1.5,15.0,25.0,0,20.0,1.5,1,server-1,1,server-1,1,server-1,1,server-1,1,server-1,SVM,5
p12_exp_23_mixed_lc_seen_7,p12_exp_23_mixed_lc_seen,mixed_workload,mixed_workload,6,12.0,0.03,server-1,15.0,25.0,1,20.0,1.5,15.0,25.0,0,20.0,1.5,15.0,25.0,0,20.0,1.5,1,server-1,1,server-1,1,server-1,1,server-1,1,server-1,SVM,5
p12_exp_23_mixed_lc_seen_8,p12_exp_23_mixed_lc_seen,mixed_workload,mixed_workload,6,12.0,0.03,server-1,15.0,25.0,1,20.0,1.5,15.0,25.0,0,20.0,1.5,15.0,25.0,0,20.0,1.5,1,server-1,1,server-1,1,server-1,1,server-1,1,server-1,SVM,5
p12_exp_23_mixed_lc_seen_9,p12_exp_23_mixed_lc_seen,mixed_workload,mixed_workload,6,12.0,0.03,server-1,15.0,25.0,1,20.0,1.5,15.0,25.0,0,20.0,1.5,15.0,25.0,0,20.0,1.5,1,server-1,1,server-1,1,server-1,1,server-1,1,server-1,SVM,5
p12_exp_23_mixed_lc_seen_10,p12_exp_23_mixed_lc_seen,mixed_workload,mixed_workload,6,12.0,0.03,server-1,15.0,25.0,1,20.0,1.5,15.0,25.0,0,20.0,1.5,15.0,25.0,0,20.0,1.5,1,server-1,1,server-1,1,server-1,1,server-1,1,server-1,SVM,5
p12_exp_23_mixed_lc_seen_11,p12_exp_23_mixed_lc_seen,mixed_workload,mixed_workload,6,12.0,0.03,server-1,15.0,25.0,1,20.0,1.5,15.0,25.0,0,20.0,1.5,15.0,25.0,0,20.0,1.5,1,server-1,1,server-1,1,server-1,1,server-1,1,server-1,SVM,5
p12_exp_23_mixed_lc_seen_12,p12_exp_23_mixed_lc_seen,mixed_workload,mixed_workload,6,12.0,0.03,server-1,15.0,25.0,1,20.0,1.5,15.0,25.0,0,20.0,1.5,15.0,25.0,0,20.0,1.5,1,server-1,1,server-1,1,server-1,1,server-1,1,server-1,SVM,5
p12_exp_23_mixed_lc_seen_13,p12_exp_23_mixed_lc_seen,mixed_workload,mixed_workload,6,12.0,0.03,server-1,15.0,25.0,1,20.0,1.5,15.0,25.0,0,20.0,1.5,15.0,25.0,0,20.0,1.5,1,server-1,1,server-1,1,server-1,1,server-1,1,server-1,SVM,5
p12_exp_23_mixed_lc_seen_14,p12_exp_23_mixed_lc_seen,mixed_workload,mixed_workload,6,12.0,0.03,server-1,15.0,25.0,1,20.0,1.5,15.0,25.0,0,20.0,1.5,15.0,25.0,0,20.0,1.5,1,server-1,1,server-1,1,server-1,1,server-1,1,server-1,SVM,5
p12_exp_23_mixed_lc_seen_15,p12_exp_23_mixed_lc_seen,mixed_workload,mixed_workload,6,12.0,0.03,server-1,15.0,25.0,1,20.0,1.5,15.0,25.0,0,20.0,1.5,15.0,25.0,0,20.0,1.5,1,server-1,1,server-1,1,server-1,1,server-1,1,server-1,SVM,5
p12_exp_23_mixed_lc_seen_16,p12_exp_23_mixed_lc_seen,mixed_workload,mixed_workload,6,12.0,0.03,server-1,15.0,25.0,1,20.0,1.5,15.0,25.0,0,20.0,1.5,15.0,25.0,0,20.0,1.5,1,server-1,1,server-1,1,server-1,1,server-1,1,server-1,SVM,5
p12_exp_23_mixed_lc_seen_17,p12_exp_23_mixed_lc_seen,mixed_workload,mixed_workload,6,12.0,0.03,server-1,15.0,25.0,1,20.0,1.5,15.0,25.0,0,20.0,1.5,15.0,25.0,0,20.0,1.5,1,server-1,1,server-1,1,server-1,1,server-1,1,server-1,SVM,5
p12_exp_23_mixed_lc_seen_18,p12_exp_23_mixed_lc_seen,mixed_workload,mixed_workload,6,12.0,0.03,server-1,15.0,25.0,1,20.0,1.5,15.0,25.0,0,20.0,1.5,15.0,25.0,0,20.0,1.5,1,server-1,1,server-1,1,server-1,1,server-1,1,server-1,SVM,5
p12_exp_23_mixed_lc_seen_19,p12_exp_23_mixed_lc_seen,mixed_workload,mixed_workload,6,12.0,0.03,server-1,15.0,25.0,1,20.0,1.5,15.0,25.0,0,20.0,1.5,15.0,25.0,0,20.0,1.5,1,server-1,1,server-1,1,server-1,1,server-1,1,server-1,SVM,5
p12_exp_23_mixed_lc_seen_20,p12_exp_23_mixed_lc_seen,mixed_workload,mixed_workload,6,12.0,0.03,server-1,15.0,25.0,1,20.0,1.5,15.0,25.0,0,20.0,1.5,15.0,25.0,0,20.0,1.5,1,server-1,1,server-1,1,server-1,1,server-1,1,server-1,SVM,5
p12_exp_23_mixed_lc_seen_21,p12_exp_23_mixed_lc_seen,mixed_workload,mixed_workload,6,12.0,0.03,server-1,15.0,25.0,1,20.0,1.5,15.0,25.0,0,20.0,1.5,15.0,25.0,0,20.0,1.5,1,server-1,1,server-1,1,server-1,1,server-1,1,server-1,SVM,5
p12_exp_23_mixed_lc_seen_22,p12_exp_23_mixed_lc_seen,mixed_workload,mixed_workload,6,12.0,0.03,server-1,15.0,25.0,1,20.0,1.5,15.0,25.0,0,20.0,1.5,15.0,25.0,0,20.0,1.5,1,server-1,1,server-1,1,server-1,1,server-1,1,server-1,SVM,5
p12_exp_23_mixed_lc_seen_23,p12_exp_23_mixed_lc_seen,mixed_workload,mixed_workload,6,12.0,0.03,server-1,15.0,25.0,1,20.0,1.5,15.0,25.0,0,20.0,1.5,15.0,25.0,0,20.0,1.5,1,server-1,1,server-1,1,server-1,1,server-1,1,server-1,SVM,5
p12_exp_23_mixed_lc_seen_24,p12_exp_23_mixed_lc_seen,mixed_workload,mixed_workload,6,12.0,0.03,server-1,15.0,25.0,1,20.0,1.5,15.0,25.0,0,20.0,1.5,15.0,25.0,0,20.0,1.5,1,server-1,1,server-1,1,server-1,1,server-1,1,server-1,SVM,5
p12_exp_23_mixed_lc_seen_25,p12_exp_23_mixed_lc_seen,mixed_workload,mixed_workload,6,12.0,0.03,server-1,15.0,25.0,1,20.0,1.5,15.0,25.0,0,20.0,1.5,15.0,25.0,0,20.0,1.5,1,server-1,1,server-1,1,server-1,1,server-1,1,server-1,SVM,5
p12_exp_23_mixed_lc_seen_26,p12_exp_23_mixed_lc_seen,mixed_workload,mixed_workload,6,12.0,0.03,server-1,15.0,25.0,1,20.0,1.5,15.0,25.0,0,20.0,1.5,15.0,25.0,0,20.0,1.5,1,server-1,1,server-1,1,server-1,1,server-1,1,server-1,SVM,5
p12_exp_23_mixed_lc_seen_27,p12_exp_23_mixed_lc_seen,mixed_workload,mixed_workload,6,12.0,0.03,server-1,15.0,25.0,1,20.0,1.5,15.0,25.0,0,20.0,1.5,15.0,25.0,0,20.0,1.5,1,server-1,1,server-1,1,server-1,1,server-1,1,server-1,SVM,5
p12_exp_23_mixed_lc_seen_28,p12_exp_23_mixed_lc_seen,mixed_workload,mixed_workload,6,12.0,0.03,server-1,15.0,25.0,1,20.0,1.5,15.0,25.0,0,20.0,1.5,15.0,25.0,0,20.0,1.5,1,server-1,1,server-1,1,server-1,1,server-1,1,server-1,SVM,5
p12_exp_23_mixed_lc_seen_29,p12_exp_23_mixed_lc_seen,mixed_workload,mixed_workload,6,12.0,0.03,server-1,15.0,25.0,1,20.0,1.5,15.0,25.0,0,20.0,1.5,15.0,25.0,0,20.0,1.5,1,server-1,1,server-1,1,server-1,1,server-1,1,server-1,SVM,5
p12_exp_23_mixed_lc_seen_30,p12_exp_23_mixed_lc_seen,mixed_workload,mixed_workload,6,12.0,0.03,server-1,15.0,25.0,1,20.0,1.5,15.0,25.0,0,20.0,1.5,15.0,25.0,0,20.0,1.5,1,server-1,1,server-1,1,server-1,1,server-1,1,server-1,SVM,5
p12_exp_23_mixed_lc_seen_31,p12_exp_23_mixed_lc_seen,mixed_workload,mixed_workload,6,12.0,0.03,server-1,15.0,25.0,1,20.0,1.5,15.0,25.0,0,20.0,1.5,15.0,25.0,0,20.0,1.5,1,server-1,1,server-1,1,server-1,1,server-1,1,server-1,SVM,5
p12_exp_23_mixed_lc_seen_32,p12_exp_23_mixed_lc_seen,mixed_workload,mixed_workload,6,12.0,0.03,server-1,15.0,25.0,1,20.0,1.5,15.0,25.0,0,20.0,1.5,15.0,25.0,0,20.0,1.5,1,server-1,1,server-1,1,server-1,1,server-1,1,server-1,SVM,5
p12_exp_23_mixed_lc_seen_33,p12_exp_23_mixed_lc_seen,mixed_workload,mixed_workload,6,12.0,0.03,server-1,15.0,25.0,1,20.0,1.5,15.0,25.0,0,20.0,1.5,15.0,25.0,0,20.0,1.5,1,server-1,1,server-1,1,server-1,1,server-1,1,server-1,SVM,5
p12_exp_23_mixed_lc_seen_34,p12_exp_23_mixed_lc_seen,mixed_workload,mixed_workload,6,12.0,0.03,server-1,15.0,25.0,1,20.0,1.5,15.0,25.0,0,20.0,1.5,15.0,25.0,0,20.0,1.5,1,server-1,1,server-1,1,server-1,1,server-1,1,server-1,SVM,5
p12_exp_23_mixed_lc_seen_35,p12_exp_23_mixed_lc_seen,mixed_workload,mixed_workload,6,12.0,0.03,server-1,15.0,25.0,1,20.0,1.5,15.0,25.0,0,20.0,1.5,15.0,25.0,0,20.0,1.5,1,server-1,1,server-1,1,server-1,1,server-1,1,server-1,SVM,5
p12_exp_23_mixed_lc_seen_36,p12_exp_23_mixed_lc_seen,mixed_workload,mixed_workload,6,12.0,0.03,server-1,15.0,25.0,1,20.0,1.5,15.0,25.0,0,20.0,1.5,15.0,25.0,0,20.0,1.5,1,server-1,1,server-1,1,server-1,1,server-1,1,server-1,SVM,5
p12_exp_23_mixed_lc_seen_37,p12_exp_23_mixed_lc_seen,mixed_workload,mixed_workload,6,12.0,0.03,server-1,15.0,25.0,1,20.0,1.5,15.0,25.0,0,20.0,1.5,15.0,25.0,0,20.0,1.5,1,server-1,1,server-1,1,server-1,1,server-1,1,server-1,SVM,5
p12_exp_23_mixed_lc_seen_38,p12_exp_23_mixed_lc_seen,mixed_workload,mixed_workload,6,12.0,0.03,server-1,15.0,25.0,1,20.0,1.5,15.0,25.0,0,20.0,1.5,15.0,25.0,0,20.0,1.5,1,server-1,1,server-1,1,server-1,1,server-1,1,server-1,SVM,5
p12_exp_23_mixed_lc_seen_39,p12_exp_23_mixed_lc_seen,mixed_workload,mixed_workload,6,12.0,0.03,server-1,15.0,25.0,1,20.0,1.5,15.0,25.0,0,20.0,1.5,15.0,25.0,0,20.0,1.5,1,server-1,1,server-1,1,server-1,1,server-1,1,server-1,SVM,5
p12_exp_23_mixed_lc_seen_40,p12_exp_23_mixed_lc_seen,mixed_workload,mixed_workload,6,12.0,0.03,server-1,15.0,25.0,1,20.0,1.5,15.0,25.0,0,20.0,1.5,15.0,25.0,0,20.0,1.5,1,server-1,1,server-1,1,server-1,1,server-1,1,server-1,SVM,5
p12_exp_24_mixed_ml_unseen_1,p12_exp_24_mixed_ml_unseen,mixed_workload,mixed_workload,8,16.0,0.025,server-3,15.0,25.0,0,20.0,1.5,15.0,25.0,0,20.0,1.5,15.0,25.0,1,20.0,1.5,1,server-3,1,server-3,1,server-3,1,server-3,1,server-3,SVM,5
p12_exp_24_mixed_ml_unseen_2,p12_exp_24_mixed_ml_unseen,mixed_workload,mixed_workload,8,16.0,0.025,server-3,15.0,25.0,0,20.0,1.5,15.0,25.0,0,20.0,1.5,15.0,25.0,1,20.0,1.5,1,server-3,1,server-3,1,server-3,1,server-3,1,server-3,SVM,5
p12_exp_24_mixed_ml_unseen_3,p12_exp_24_mixed_ml_unseen,mixed_workload,mixed_workload,8,16.0,0.025,server-3,15.0,25.0,0,20.0,1.5,15.0,25.0,0,20.0,1.5,15.0,25.0,1,20.0,1.5,1,server-3,1,server-3,1,server-3,1,server-3,1,server-3,SVM,5
p12_exp_24_mixed_ml_unseen_4,p12_exp_24_mixed_ml_unseen,mixed_workload,mixed_workload,8,16.0,0.025,server-3,15.0,25.0,0,20.0,1.5,15.0,25.0,0,20.0,1.5,15.0,25.0,1,20.0,1.5,1,server-3,1,server-3,1,server-3,1,server-3,1,server-3,SVM,5
p12_exp_24_mixed_ml_unseen_5,p12_exp_24_mixed_ml_unseen,mixed_workload,mixed_workload,8,16.0,0.025,server-3,15.0,25.0,0,20.0,1.5,15.0,25.0,0,20.0,1.5,15.0,25.0,1,20.0,1.5,1,server-3,1,server-3,1,server-3,1,server-3,1,server-3,SVM,5
p12_exp_24_mixed_ml_unseen_6,p12_exp_24_mixed_ml_unseen,mixed_workload,mixed_workload,8,16.0,0.025,server-3,15.0,25.0,0,20.0,1.5,15.0,25.0,0,20.0,1.5,15.0,25.0,1,20.0,1.5,1,server-3,1,server-3,1,server-3,1,server-3,1,server-3,SVM,5
p12_exp_24_mixed_ml_unseen_7,p12_exp_24_mixed_ml_unseen,mixed_workload,mixed_workload,8,16.0,0.025,server-3,15.0,25.0,0,20.0,1.5,15.0,25.0,0,20.0,1.5,15.0,25.0,1,20.0,1.5,1,server-3,1,server-3,1,server-3,1,server-3,1,server-3,SVM,5
p12_exp_24_mixed_ml_unseen_8,p12_exp_24_mixed_ml_unseen,mixed_workload,mixed_workload,8,16.0,0.025,server-3,15.0,25.0,0,20.0,1.5,15.0,25.0,0,20.0,1.5,15.0,25.0,1,20.0,1.5,1,server-3,1,server-3,1,server-3,1,server-3,1,server-3,SVM,5
p12_exp_24_mixed_ml_unseen_9,p12_exp_24_mixed_ml_unseen,mixed_workload,mixed_workload,8,16.0,0.025,server-3,15.0,25.0,0,20.0,1.5,15.0,25.0,0,20.0,1.5,15.0,25.0,1,20.0,1.5,1,server-3,1,server-3,1,server-3,1,server-3,1,server-3,SVM,5
p12_exp_24_mixed_ml_unseen_10,p12_exp_24_mixed_ml_unseen,mixed_workload,mixed_workload,8,16.0,0.025,server-3,15.0,25.0,0,20.0,1.5,15.0,25.0,0,20.0,1.5,15.0,25.0,1,20.0,1.5,1,server-3,1,server-3,1,server-3,1,server-3,1,server-3,SVM,5
p12_exp_24_mixed_ml_unseen_11,p12_exp_24_mixed_ml_unseen,mixed_workload,mixed_workload,8,16.0,0.025,server-3,15.0,25.0,0,20.0,1.5,15.0,25.0,0,20.0,1.5,15.0,25.0,1,20.0,1.5,1,server-3,1,server-3,1,server-3,1,server-3,1,server-3,SVM,5
p12_exp_24_mixed_ml_unseen_12,p12_exp_24_mixed_ml_unseen,mixed_workload,mixed_workload,8,16.0,0.025,server-3,15.0,25.0,0,20.0,1.5,15.0,25.0,0,20.0,1.5,15.0,25.0,1,20.0,1.5,1,server-3,1,server-3,1,server-3,1,server-3,1,server-3,SVM,5
p12_exp_24_mixed_ml_unseen_13,p12_exp_24_mixed_ml_unseen,mixed_workload,mixed_workload,8,16.0,0.025,server-3,15.0,25.0,0,20.0,1.5,15.0,25.0,0,20.0,1.5,15.0,25.0,1,20.0,1.5,1,server-3,1,server-3,1,server-3,1,server-3,1,server-3,SVM,5
p12_exp_24_mixed_ml_unseen_14,p12_exp_24_mixed_ml_unseen,mixed_workload,mixed_workload,8,16.0,0.025,server-3,15.0,25.0,0,20.0,1.5,15.0,25.0,0,20.0,1.5,15.0,25.0,1,20.0,1.5,1,server-3,1,server-3,1,server-3,1,server-3,1,server-3,SVM,5
p12_exp_24_mixed_ml_unseen_15,p12_exp_24_mixed_ml_unseen,mixed_workload,mixed_workload,8,16.0,0.025,server-3,15.0,25.0,0,20.0,1.5,15.0,25.0,0,20.0,1.5,15.0,25.0,1,20.0,1.5,1,server-3,1,server-3,1,server-3,1,server-3,1,server-3,SVM,5
p12_exp_24_mixed_ml_unseen_16,p12_exp_24_mixed_ml_unseen,mixed_workload,mixed_workload,8,16.0,0.025,server-3,15.0,25.0,0,20.0,1.5,15.0,25.0,0,20.0,1.5,15.0,25.0,1,20.0,1.5,1,server-3,1,server-3,1,server-3,1,server-3,1,server-3,SVM,5
p12_exp_24_mixed_ml_unseen_17,p12_exp_24_mixed_ml_unseen,mixed_workload,mixed_workload,8,16.0,0.025,server-3,15.0,25.0,0,20.0,1.5,15.0,25.0,0,20.0,1.5,15.0,25.0,1,20.0,1.5,1,server-3,1,server-3,1,server-3,1,server-3,1,server-3,SVM,5
p12_exp_24_mixed_ml_unseen_18,p12_exp_24_mixed_ml_unseen,mixed_workload,mixed_workload,8,16.0,0.025,server-3,15.0,25.0,0,20.0,1.5,15.0,25.0,0,20.0,1.5,15.0,25.0,1,20.0,1.5,1,server-3,1,server-3,1,server-3,1,server-3,1,server-3,SVM,5
p12_exp_24_mixed_ml_unseen_19,p12_exp_24_mixed_ml_unseen,mixed_workload,mixed_workload,8,16.0,0.025,server-3,15.0,25.0,0,20.0,1.5,15.0,25.0,0,20.0,1.5,15.0,25.0,1,20.0,1.5,1,server-3,1,server-3,1,server-3,1,server-3,1,server-3,SVM,5
p12_exp_24_mixed_ml_unseen_20,p12_exp_24_mixed_ml_unseen,mixed_workload,mixed_workload,8,16.0,0.025,server-3,15.0,25.0,0,20.0,1.5,15.0,25.0,0,20.0,1.5,15.0,25.0,1,20.0,1.5,1,server-3,1,server-3,1,server-3,1,server-3,1,server-3,SVM,5
p12_exp_24_mixed_ml_unseen_21,p12_exp_24_mixed_ml_unseen,mixed_workload,mixed_workload,8,16.0,0.025,server-3,15.0,25.0,0,20.0,1.5,15.0,25.0,0,20.0,1.5,15.0,25.0,1,20.0,1.5,1,server-3,1,server-3,1,server-3,1,server-3,1,server-3,SVM,5
p12_exp_24_mixed_ml_unseen_22,p12_exp_24_mixed_ml_unseen,mixed_workload,mixed_workload,8,16.0,0.025,server-3,15.0,25.0,0,20.0,1.5,15.0,25.0,0,20.0,1.5,15.0,25.0,1,20.0,1.5,1,server-3,1,server-3,1,server-3,1,server-3,1,server-3,SVM,5
p12_exp_24_mixed_ml_unseen_23,p12_exp_24_mixed_ml_unseen,mixed_workload,mixed_workload,8,16.0,0.025,server-3,15.0,25.0,0,20.0,1.5,15.0,25.0,0,20.0,1.5,15.0,25.0,1,20.0,1.5,1,server-3,1,server-3,1,server-3,1,server-3,1,server-3,SVM,5
p12_exp_24_mixed_ml_unseen_24,p12_exp_24_mixed_ml_unseen,mixed_workload,mixed_workload,8,16.0,0.025,server-3,15.0,25.0,0,20.0,1.5,15.0,25.0,0,20.0,1.5,15.0,25.0,1,20.0,1.5,1,server-3,1,server-3,1,server-3,1,server-3,1,server-3,SVM,5
p12_exp_24_mixed_ml_unseen_25,p12_exp_24_mixed_ml_unseen,mixed_workload,mixed_workload,8,16.0,0.025,server-3,15.0,25.0,0,20.0,1.5,15.0,25.0,0,20.0,1.5,15.0,25.0,1,20.0,1.5,1,server-3,1,server-3,1,server-3,1,server-3,1,server-3,SVM,5
p12_exp_24_mixed_ml_unseen_26,p12_exp_24_mixed_ml_unseen,mixed_workload,mixed_workload,8,16.0,0.025,server-3,15.0,25.0,0,20.0,1.5,15.0,25.0,0,20.0,1.5,15.0,25.0,1,20.0,1.5,1,server-3,1,server-3,1,server-3,1,server-3,1,server-3,SVM,5
p12_exp_24_mixed_ml_unseen_27,p12_exp_24_mixed_ml_unseen,mixed_workload,mixed_workload,8,16.0,0.025,server-3,15.0,25.0,0,20.0,1.5,15.0,25.0,0,20.0,1.5,15.0,25.0,1,20.0,1.5,1,server-3,1,server-3,1,server-3,1,server-3,1,server-3,SVM,5
p12_exp_24_mixed_ml_unseen_28,p12_exp_24_mixed_ml_unseen,mixed_workload,mixed_workload,8,16.0,0.025,server-3,15.0,25.0,0,20.0,1.5,15.0,25.0,0,20.0,1.5,15.0,25.0,1,20.0,1.5,1,server-3,1,server-3,1,server-3,1,server-3,1,server-3,SVM,5
p12_exp_24_mixed_ml_unseen_29,p12_exp_24_mixed_ml_unseen,mixed_workload,mixed_workload,8,16.0,0.025,server-3,15.0,25.0,0,20.0,1.5,15.0,25.0,0,20.0,1.5,15.0,25.0,1,20.0,1.5,1,server-3,1,server-3,1,server-3,1,server-3,1,server-3,SVM,5
p12_exp_24_mixed_ml_unseen_30,p12_exp_24_mixed_ml_unseen,mixed_workload,mixed_workload,8,16.0,0.025,server-3,15.0,25.0,0,20.0,1.5,15.0,25.0,0,20.0,1.5,15.0,25.0,1,20.0,1.5,1,server-3,1,server-3,1,server-3,1,server-3,1,server-3,SVM,5
p12_exp_24_mixed_ml_unseen_31,p12_exp_24_mixed_ml_unseen,mixed_workload,mixed_workload,8,16.0,0.025,server-3,15.0,25.0,0,20.0,1.5,15.0,25.0,0,20.0,1.5,15.0,25.0,1,20.0,1.5,1,server-3,1,server-3,1,server-3,1,server-3,1,server-3,SVM,5
p12_exp_24_mixed_ml_unseen_32,p12_exp_24_mixed_ml_unseen,mixed_workload,mixed_workload,8,16.0,0.025,server-3,15.0,25.0,0,20.0,1.5,15.0,25.0,0,20.0,1.5,15.0,25.0,1,20.0,1.5,1,server-3,1,server-3,1,server-3,1,server-3,1,server-3,SVM,5
p12_exp_24_mixed_ml_unseen_33,p12_exp_24_mixed_ml_unseen,mixed_workload,mixed_workload,8,16.0,0.025,server-3,15.0,25.0,0,20.0,1.5,15.0,25.0,0,20.0,1.5,15.0,25.0,1,20.0,1.5,1,server-3,1,server-3,1,server-3,1,server-3,1,server-3,SVM,5
p12_exp_24_mixed_ml_unseen_34,p12_exp_24_mixed_ml_unseen,mixed_workload,mixed_workload,8,16.0,0.025,server-3,15.0,25.0,0,20.0,1.5,15.0,25.0,0,20.0,1.5,15.0,25.0,1,20.0,1.5,1,server-3,1,server-3,1,server-3,1,server-3,1,server-3,SVM,5
p12_exp_24_mixed_ml_unseen_35,p12_exp_24_mixed_ml_unseen,mixed_workload,mixed_workload,8,16.0,0.025,server-3,15.0,25.0,0,20.0,1.5,15.0,25.0,0,20.0,1.5,15.0,25.0,1,20.0,1.5,1,server-3,1,server-3,1,server-3,1,server-3,1,server-3,SVM,5
p12_exp_24_mixed_ml_unseen_36,p12_exp_24_mixed_ml_unseen,mixed_workload,mixed_workload,8,16.0,0.025,server-3,15.0,25.0,0,20.0,1.5,15.0,25.0,0,20.0,1.5,15.0,25.0,1,20.0,1.5,1,server-3,1,server-3,1,server-3,1,server-3,1,server-3,SVM,5
p12_exp_24_mixed_ml_unseen_37,p12_exp_24_mixed_ml_unseen,mixed_workload,mixed_workload,8,16.0,0.025,server-3,15.0,25.0,0,20.0,1.5,15.0,25.0,0,20.0,1.5,15.0,25.0,1,20.0,1.5,1,server-3,1,server-3,1,server-3,1,server-3,1,server-3,SVM,5
p12_exp_24_mixed_ml_unseen_38,p12_exp_24_mixed_ml_unseen,mixed_workload,mixed_workload,8,16.0,0.025,server-3,15.0,25.0,0,20.0,1.5,15.0,25.0,0,20.0,1.5,15.0,25.0,1,20.0,1.5,1,server-3,1,server-3,1,server-3,1,server-3,1,server-3,SVM,5
p12_exp_24_mixed_ml_unseen_39,p12_exp_24_mixed_ml_unseen,mixed_workload,mixed_workload,8,16.0,0.025,server-3,15.0,25.0,0,20.0,1.5,15.0,25.0,0,20.0,1.5,15.0,25.0,1,20.0,1.5,1,server-3,1,server-3,1,server-3,1,server-3,1,server-3,SVM,5
p12_exp_24_mixed_ml_unseen_40,p12_exp_24_mixed_ml_unseen,mixed_workload,mixed_workload,8,16.0,0.025,server-3,15.0,25.0,0,20.0,1.5,15.0,25.0,0,20.0,1.5,15.0,25.0,1,20.0,1.5,1,server-3,1,server-3,1,server-3,1,server-3,1,server-3,SVM,5
p12_exp_25_mixed_iphash_unseen_1,p12_exp_25_mixed_iphash_unseen,mixed_workload,mixed_workload,9,18.0,0.028,server-1,15.0,25.0,1,20.0,1.5,15.0,25.0,0,20.0,1.5,15.0,25.0,0,20.0,1.5,1,server-1,1,server-1,1,server-1,1,server-1,1,server-1,SVM,5
p12_exp_25_mixed_iphash_unseen_2,p12_exp_25_mixed_iphash_unseen,mixed_workload,mixed_workload,9,18.0,0.028,server-1,15.0,25.0,1,20.0,1.5,15.0,25.0,0,20.0,1.5,15.0,25.0,0,20.0,1.5,1,server-1,1,server-1,1,server-1,1,server-1,1,server-1,SVM,5
p12_exp_25_mixed_iphash_unseen_3,p12_exp_25_mixed_iphash_unseen,mixed_workload,mixed_workload,9,18.0,0.028,server-1,15.0,25.0,1,20.0,1.5,15.0,25.0,0,20.0,1.5,15.0,25.0,0,20.0,1.5,1,server-1,1,server-1,1,server-1,1,server-1,1,server-1,SVM,5
p12_exp_25_mixed_iphash_unseen_4,p12_exp_25_mixed_iphash_unseen,mixed_workload,mixed_workload,9,18.0,0.028,server-1,15.0,25.0,1,20.0,1.5,15.0,25.0,0,20.0,1.5,15.0,25.0,0,20.0,1.5,1,server-1,1,server-1,1,server-1,1,server-1,1,server-1,SVM,5
p12_exp_25_mixed_iphash_unseen_5,p12_exp_25_mixed_iphash_unseen,mixed_workload,mixed_workload,9,18.0,0.028,server-1,15.0,25.0,1,20.0,1.5,15.0,25.0,0,20.0,1.5,15.0,25.0,0,20.0,1.5,1,server-1,1,server-1,1,server-1,1,server-1,1,server-1,SVM,5
p12_exp_25_mixed_iphash_unseen_6,p12_exp_25_mixed_iphash_unseen,mixed_workload,mixed_workload,9,18.0,0.028,server-1,15.0,25.0,1,20.0,1.5,15.0,25.0,0,20.0,1.5,15.0,25.0,0,20.0,1.5,1,server-1,1,server-1,1,server-1,1,server-1,1,server-1,SVM,5
p12_exp_25_mixed_iphash_unseen_7,p12_exp_25_mixed_iphash_unseen,mixed_workload,mixed_workload,9,18.0,0.028,server-1,15.0,25.0,1,20.0,1.5,15.0,25.0,0,20.0,1.5,15.0,25.0,0,20.0,1.5,1,server-1,1,server-1,1,server-1,1,server-1,1,server-1,SVM,5
p12_exp_25_mixed_iphash_unseen_8,p12_exp_25_mixed_iphash_unseen,mixed_workload,mixed_workload,9,18.0,0.028,server-1,15.0,25.0,1,20.0,1.5,15.0,25.0,0,20.0,1.5,15.0,25.0,0,20.0,1.5,1,server-1,1,server-1,1,server-1,1,server-1,1,server-1,SVM,5
p12_exp_25_mixed_iphash_unseen_9,p12_exp_25_mixed_iphash_unseen,mixed_workload,mixed_workload,9,18.0,0.028,server-1,15.0,25.0,1,20.0,1.5,15.0,25.0,0,20.0,1.5,15.0,25.0,0,20.0,1.5,1,server-1,1,server-1,1,server-1,1,server-1,1,server-1,SVM,5
p12_exp_25_mixed_iphash_unseen_10,p12_exp_25_mixed_iphash_unseen,mixed_workload,mixed_workload,9,18.0,0.028,server-1,15.0,25.0,1,20.0,1.5,15.0,25.0,0,20.0,1.5,15.0,25.0,0,20.0,1.5,1,server-1,1,server-1,1,server-1,1,server-1,1,server-1,SVM,5
p12_exp_25_mixed_iphash_unseen_11,p12_exp_25_mixed_iphash_unseen,mixed_workload,mixed_workload,9,18.0,0.028,server-1,15.0,25.0,1,20.0,1.5,15.0,25.0,0,20.0,1.5,15.0,25.0,0,20.0,1.5,1,server-1,1,server-1,1,server-1,1,server-1,1,server-1,SVM,5
p12_exp_25_mixed_iphash_unseen_12,p12_exp_25_mixed_iphash_unseen,mixed_workload,mixed_workload,9,18.0,0.028,server-1,15.0,25.0,1,20.0,1.5,15.0,25.0,0,20.0,1.5,15.0,25.0,0,20.0,1.5,1,server-1,1,server-1,1,server-1,1,server-1,1,server-1,SVM,5
p12_exp_25_mixed_iphash_unseen_13,p12_exp_25_mixed_iphash_unseen,mixed_workload,mixed_workload,9,18.0,0.028,server-1,15.0,25.0,1,20.0,1.5,15.0,25.0,0,20.0,1.5,15.0,25.0,0,20.0,1.5,1,server-1,1,server-1,1,server-1,1,server-1,1,server-1,SVM,5
p12_exp_25_mixed_iphash_unseen_14,p12_exp_25_mixed_iphash_unseen,mixed_workload,mixed_workload,9,18.0,0.028,server-1,15.0,25.0,1,20.0,1.5,15.0,25.0,0,20.0,1.5,15.0,25.0,0,20.0,1.5,1,server-1,1,server-1,1,server-1,1,server-1,1,server-1,SVM,5
p12_exp_25_mixed_iphash_unseen_15,p12_exp_25_mixed_iphash_unseen,mixed_workload,mixed_workload,9,18.0,0.028,server-1,15.0,25.0,1,20.0,1.5,15.0,25.0,0,20.0,1.5,15.0,25.0,0,20.0,1.5,1,server-1,1,server-1,1,server-1,1,server-1,1,server-1,SVM,5
p12_exp_25_mixed_iphash_unseen_16,p12_exp_25_mixed_iphash_unseen,mixed_workload,mixed_workload,9,18.0,0.028,server-1,15.0,25.0,1,20.0,1.5,15.0,25.0,0,20.0,1.5,15.0,25.0,0,20.0,1.5,1,server-1,1,server-1,1,server-1,1,server-1,1,server-1,SVM,5
p12_exp_25_mixed_iphash_unseen_17,p12_exp_25_mixed_iphash_unseen,mixed_workload,mixed_workload,9,18.0,0.028,server-1,15.0,25.0,1,20.0,1.5,15.0,25.0,0,20.0,1.5,15.0,25.0,0,20.0,1.5,1,server-1,1,server-1,1,server-1,1,server-1,1,server-1,SVM,5
p12_exp_25_mixed_iphash_unseen_18,p12_exp_25_mixed_iphash_unseen,mixed_workload,mixed_workload,9,18.0,0.028,server-1,15.0,25.0,1,20.0,1.5,15.0,25.0,0,20.0,1.5,15.0,25.0,0,20.0,1.5,1,server-1,1,server-1,1,server-1,1,server-1,1,server-1,SVM,5
p12_exp_25_mixed_iphash_unseen_19,p12_exp_25_mixed_iphash_unseen,mixed_workload,mixed_workload,9,18.0,0.028,server-1,15.0,25.0,1,20.0,1.5,15.0,25.0,0,20.0,1.5,15.0,25.0,0,20.0,1.5,1,server-1,1,server-1,1,server-1,1,server-1,1,server-1,SVM,5
p12_exp_25_mixed_iphash_unseen_20,p12_exp_25_mixed_iphash_unseen,mixed_workload,mixed_workload,9,18.0,0.028,server-1,15.0,25.0,1,20.0,1.5,15.0,25.0,0,20.0,1.5,15.0,25.0,0,20.0,1.5,1,server-1,1,server-1,1,server-1,1,server-1,1,server-1,SVM,5
p12_exp_25_mixed_iphash_unseen_21,p12_exp_25_mixed_iphash_unseen,mixed_workload,mixed_workload,9,18.0,0.028,server-1,15.0,25.0,1,20.0,1.5,15.0,25.0,0,20.0,1.5,15.0,25.0,0,20.0,1.5,1,server-1,1,server-1,1,server-1,1,server-1,1,server-1,SVM,5
p12_exp_25_mixed_iphash_unseen_22,p12_exp_25_mixed_iphash_unseen,mixed_workload,mixed_workload,9,18.0,0.028,server-1,15.0,25.0,1,20.0,1.5,15.0,25.0,0,20.0,1.5,15.0,25.0,0,20.0,1.5,1,server-1,1,server-1,1,server-1,1,server-1,1,server-1,SVM,5
p12_exp_25_mixed_iphash_unseen_23,p12_exp_25_mixed_iphash_unseen,mixed_workload,mixed_workload,9,18.0,0.028,server-1,15.0,25.0,1,20.0,1.5,15.0,25.0,0,20.0,1.5,15.0,25.0,0,20.0,1.5,1,server-1,1,server-1,1,server-1,1,server-1,1,server-1,SVM,5
p12_exp_25_mixed_iphash_unseen_24,p12_exp_25_mixed_iphash_unseen,mixed_workload,mixed_workload,9,18.0,0.028,server-1,15.0,25.0,1,20.0,1.5,15.0,25.0,0,20.0,1.5,15.0,25.0,0,20.0,1.5,1,server-1,1,server-1,1,server-1,1,server-1,1,server-1,SVM,5
p12_exp_25_mixed_iphash_unseen_25,p12_exp_25_mixed_iphash_unseen,mixed_workload,mixed_workload,9,18.0,0.028,server-1,15.0,25.0,1,20.0,1.5,15.0,25.0,0,20.0,1.5,15.0,25.0,0,20.0,1.5,1,server-1,1,server-1,1,server-1,1,server-1,1,server-1,SVM,5
p12_exp_25_mixed_iphash_unseen_26,p12_exp_25_mixed_iphash_unseen,mixed_workload,mixed_workload,9,18.0,0.028,server-1,15.0,25.0,1,20.0,1.5,15.0,25.0,0,20.0,1.5,15.0,25.0,0,20.0,1.5,1,server-1,1,server-1,1,server-1,1,server-1,1,server-1,SVM,5
p12_exp_25_mixed_iphash_unseen_27,p12_exp_25_mixed_iphash_unseen,mixed_workload,mixed_workload,9,18.0,0.028,server-1,15.0,25.0,1,20.0,1.5,15.0,25.0,0,20.0,1.5,15.0,25.0,0,20.0,1.5,1,server-1,1,server-1,1,server-1,1,server-1,1,server-1,SVM,5
p12_exp_25_mixed_iphash_unseen_28,p12_exp_25_mixed_iphash_unseen,mixed_workload,mixed_workload,9,18.0,0.028,server-1,15.0,25.0,1,20.0,1.5,15.0,25.0,0,20.0,1.5,15.0,25.0,0,20.0,1.5,1,server-1,1,server-1,1,server-1,1,server-1,1,server-1,SVM,5
p12_exp_25_mixed_iphash_unseen_29,p12_exp_25_mixed_iphash_unseen,mixed_workload,mixed_workload,9,18.0,0.028,server-1,15.0,25.0,1,20.0,1.5,15.0,25.0,0,20.0,1.5,15.0,25.0,0,20.0,1.5,1,server-1,1,server-1,1,server-1,1,server-1,1,server-1,SVM,5
p12_exp_25_mixed_iphash_unseen_30,p12_exp_25_mixed_iphash_unseen,mixed_workload,mixed_workload,9,18.0,0.028,server-1,15.0,25.0,1,20.0,1.5,15.0,25.0,0,20.0,1.5,15.0,25.0,0,20.0,1.5,1,server-1,1,server-1,1,server-1,1,server-1,1,server-1,SVM,5
p12_exp_25_mixed_iphash_unseen_31,p12_exp_25_mixed_iphash_unseen,mixed_workload,mixed_workload,9,18.0,0.028,server-1,15.0,25.0,1,20.0,1.5,15.0,25.0,0,20.0,1.5,15.0,25.0,0,20.0,1.5,1,server-1,1,server-1,1,server-1,1,server-1,1,server-1,SVM,5
p12_exp_25_mixed_iphash_unseen_32,p12_exp_25_mixed_iphash_unseen,mixed_workload,mixed_workload,9,18.0,0.028,server-1,15.0,25.0,1,20.0,1.5,15.0,25.0,0,20.0,1.5,15.0,25.0,0,20.0,1.5,1,server-1,1,server-1,1,server-1,1,server-1,1,server-1,SVM,5
p12_exp_25_mixed_iphash_unseen_33,p12_exp_25_mixed_iphash_unseen,mixed_workload,mixed_workload,9,18.0,0.028,server-1,15.0,25.0,1,20.0,1.5,15.0,25.0,0,20.0,1.5,15.0,25.0,0,20.0,1.5,1,server-1,1,server-1,1,server-1,1,server-1,1,server-1,SVM,5
p12_exp_25_mixed_iphash_unseen_34,p12_exp_25_mixed_iphash_unseen,mixed_workload,mixed_workload,9,18.0,0.028,server-1,15.0,25.0,1,20.0,1.5,15.0,25.0,0,20.0,1.5,15.0,25.0,0,20.0,1.5,1,server-1,1,server-1,1,server-1,1,server-1,1,server-1,SVM,5
p12_exp_25_mixed_iphash_unseen_35,p12_exp_25_mixed_iphash_unseen,mixed_workload,mixed_workload,9,18.0,0.028,server-1,15.0,25.0,1,20.0,1.5,15.0,25.0,0,20.0,1.5,15.0,25.0,0,20.0,1.5,1,server-1,1,server-1,1,server-1,1,server-1,1,server-1,SVM,5
p12_exp_25_mixed_iphash_unseen_36,p12_exp_25_mixed_iphash_unseen,mixed_workload,mixed_workload,9,18.0,0.028,server-1,15.0,25.0,1,20.0,1.5,15.0,25.0,0,20.0,1.5,15.0,25.0,0,20.0,1.5,1,server-1,1,server-1,1,server-1,1,server-1,1,server-1,SVM,5
p12_exp_25_mixed_iphash_unseen_37,p12_exp_25_mixed_iphash_unseen,mixed_workload,mixed_workload,9,18.0,0.028,server-1,15.0,25.0,1,20.0,1.5,15.0,25.0,0,20.0,1.5,15.0,25.0,0,20.0,1.5,1,server-1,1,server-1,1,server-1,1,server-1,1,server-1,SVM,5
p12_exp_25_mixed_iphash_unseen_38,p12_exp_25_mixed_iphash_unseen,mixed_workload,mixed_workload,9,18.0,0.028,server-1,15.0,25.0,1,20.0,1.5,15.0,25.0,0,20.0,1.5,15.0,25.0,0,20.0,1.5,1,server-1,1,server-1,1,server-1,1,server-1,1,server-1,SVM,5
p12_exp_25_mixed_iphash_unseen_39,p12_exp_25_mixed_iphash_unseen,mixed_workload,mixed_workload,9,18.0,0.028,server-1,15.0,25.0,1,20.0,1.5,15.0,25.0,0,20.0,1.5,15.0,25.0,0,20.0,1.5,1,server-1,1,server-1,1,server-1,1,server-1,1,server-1,SVM,5
p12_exp_25_mixed_iphash_unseen_40,p12_exp_25_mixed_iphash_unseen,mixed_workload,mixed_workload,9,18.0,0.028,server-1,15.0,25.0,1,20.0,1.5,15.0,25.0,0,20.0,1.5,15.0,25.0,0,20.0,1.5,1,server-1,1,server-1,1,server-1,1,server-1,1,server-1,SVM,5
p12_exp_26_dyn_rr_seen_1,p12_exp_26_dyn_rr_seen,dynamic_workload,dynamic_workload,6,14.0,0.03,server-2,15.0,25.0,0,20.0,1.5,15.0,25.0,1,20.0,1.5,15.0,25.0,0,20.0,1.5,1,server-2,1,server-2,1,server-2,1,server-2,1,server-2,SVM,5
p12_exp_26_dyn_rr_seen_2,p12_exp_26_dyn_rr_seen,dynamic_workload,dynamic_workload,6,14.0,0.03,server-3,15.0,25.0,0,20.0,1.5,15.0,25.0,0,20.0,1.5,15.0,25.0,1,20.0,1.5,1,server-3,1,server-3,1,server-3,1,server-3,1,server-3,SVM,5
p12_exp_26_dyn_rr_seen_3,p12_exp_26_dyn_rr_seen,dynamic_workload,dynamic_workload,6,14.0,0.03,server-1,15.0,25.0,1,20.0,1.5,15.0,25.0,0,20.0,1.5,15.0,25.0,0,20.0,1.5,1,server-1,1,server-1,1,server-1,1,server-1,1,server-1,SVM,5
p12_exp_26_dyn_rr_seen_4,p12_exp_26_dyn_rr_seen,dynamic_workload,dynamic_workload,6,14.0,0.03,server-2,15.0,25.0,0,20.0,1.5,15.0,25.0,1,20.0,1.5,15.0,25.0,0,20.0,1.5,1,server-2,1,server-2,1,server-2,1,server-2,1,server-2,SVM,5
p12_exp_26_dyn_rr_seen_5,p12_exp_26_dyn_rr_seen,dynamic_workload,dynamic_workload,6,14.0,0.03,server-3,15.0,25.0,0,20.0,1.5,15.0,25.0,0,20.0,1.5,15.0,25.0,1,20.0,1.5,1,server-3,1,server-3,1,server-3,1,server-3,1,server-3,SVM,5
p12_exp_26_dyn_rr_seen_6,p12_exp_26_dyn_rr_seen,dynamic_workload,dynamic_workload,6,14.0,0.03,server-1,15.0,25.0,1,20.0,1.5,15.0,25.0,0,20.0,1.5,15.0,25.0,0,20.0,1.5,1,server-1,1,server-1,1,server-1,1,server-1,1,server-1,SVM,5
p12_exp_26_dyn_rr_seen_7,p12_exp_26_dyn_rr_seen,dynamic_workload,dynamic_workload,6,14.0,0.03,server-2,15.0,25.0,0,20.0,1.5,15.0,25.0,1,20.0,1.5,15.0,25.0,0,20.0,1.5,1,server-2,1,server-2,1,server-2,1,server-2,1,server-2,SVM,5
p12_exp_26_dyn_rr_seen_8,p12_exp_26_dyn_rr_seen,dynamic_workload,dynamic_workload,6,14.0,0.03,server-3,15.0,25.0,0,20.0,1.5,15.0,25.0,0,20.0,1.5,15.0,25.0,1,20.0,1.5,1,server-3,1,server-3,1,server-3,1,server-3,1,server-3,SVM,5
p12_exp_26_dyn_rr_seen_9,p12_exp_26_dyn_rr_seen,dynamic_workload,dynamic_workload,6,14.0,0.03,server-1,15.0,25.0,1,20.0,1.5,15.0,25.0,0,20.0,1.5,15.0,25.0,0,20.0,1.5,1,server-1,1,server-1,1,server-1,1,server-1,1,server-1,SVM,5
p12_exp_26_dyn_rr_seen_10,p12_exp_26_dyn_rr_seen,dynamic_workload,dynamic_workload,6,14.0,0.03,server-2,15.0,25.0,0,20.0,1.5,15.0,25.0,1,20.0,1.5,15.0,25.0,0,20.0,1.5,1,server-2,1,server-2,1,server-2,1,server-2,1,server-2,SVM,5
p12_exp_26_dyn_rr_seen_11,p12_exp_26_dyn_rr_seen,dynamic_workload,dynamic_workload,6,14.0,0.03,server-3,15.0,25.0,0,20.0,1.5,15.0,25.0,0,20.0,1.5,15.0,25.0,1,20.0,1.5,1,server-3,1,server-3,1,server-3,1,server-3,1,server-3,SVM,5
p12_exp_26_dyn_rr_seen_12,p12_exp_26_dyn_rr_seen,dynamic_workload,dynamic_workload,6,14.0,0.03,server-1,15.0,25.0,1,20.0,1.5,15.0,25.0,0,20.0,1.5,15.0,25.0,0,20.0,1.5,1,server-1,1,server-1,1,server-1,1,server-1,1,server-1,SVM,5
p12_exp_26_dyn_rr_seen_13,p12_exp_26_dyn_rr_seen,dynamic_workload,dynamic_workload,6,14.0,0.03,server-2,15.0,25.0,0,20.0,1.5,15.0,25.0,1,20.0,1.5,15.0,25.0,0,20.0,1.5,1,server-2,1,server-2,1,server-2,1,server-2,1,server-2,SVM,5
p12_exp_26_dyn_rr_seen_14,p12_exp_26_dyn_rr_seen,dynamic_workload,dynamic_workload,6,14.0,0.03,server-3,15.0,25.0,0,20.0,1.5,15.0,25.0,0,20.0,1.5,15.0,25.0,1,20.0,1.5,1,server-3,1,server-3,1,server-3,1,server-3,1,server-3,SVM,5
p12_exp_26_dyn_rr_seen_15,p12_exp_26_dyn_rr_seen,dynamic_workload,dynamic_workload,6,14.0,0.03,server-1,15.0,25.0,1,20.0,1.5,15.0,25.0,0,20.0,1.5,15.0,25.0,0,20.0,1.5,1,server-1,1,server-1,1,server-1,1,server-1,1,server-1,SVM,5
p12_exp_26_dyn_rr_seen_16,p12_exp_26_dyn_rr_seen,dynamic_workload,dynamic_workload,6,14.0,0.03,server-2,15.0,25.0,0,20.0,1.5,15.0,25.0,1,20.0,1.5,15.0,25.0,0,20.0,1.5,1,server-2,1,server-2,1,server-2,1,server-2,1,server-2,SVM,5
p12_exp_26_dyn_rr_seen_17,p12_exp_26_dyn_rr_seen,dynamic_workload,dynamic_workload,6,14.0,0.03,server-3,15.0,25.0,0,20.0,1.5,15.0,25.0,0,20.0,1.5,15.0,25.0,1,20.0,1.5,1,server-3,1,server-3,1,server-3,1,server-3,1,server-3,SVM,5
p12_exp_26_dyn_rr_seen_18,p12_exp_26_dyn_rr_seen,dynamic_workload,dynamic_workload,6,14.0,0.03,server-1,15.0,25.0,1,20.0,1.5,15.0,25.0,0,20.0,1.5,15.0,25.0,0,20.0,1.5,1,server-1,1,server-1,1,server-1,1,server-1,1,server-1,SVM,5
p12_exp_26_dyn_rr_seen_19,p12_exp_26_dyn_rr_seen,dynamic_workload,dynamic_workload,6,14.0,0.03,server-2,15.0,25.0,0,20.0,1.5,15.0,25.0,1,20.0,1.5,15.0,25.0,0,20.0,1.5,1,server-2,1,server-2,1,server-2,1,server-2,1,server-2,SVM,5
p12_exp_26_dyn_rr_seen_20,p12_exp_26_dyn_rr_seen,dynamic_workload,dynamic_workload,6,14.0,0.03,server-3,15.0,25.0,0,20.0,1.5,15.0,25.0,0,20.0,1.5,15.0,25.0,1,20.0,1.5,1,server-3,1,server-3,1,server-3,1,server-3,1,server-3,SVM,5
p12_exp_26_dyn_rr_seen_21,p12_exp_26_dyn_rr_seen,dynamic_workload,dynamic_workload,6,14.0,0.03,server-1,15.0,25.0,1,20.0,1.5,15.0,25.0,0,20.0,1.5,15.0,25.0,0,20.0,1.5,1,server-1,1,server-1,1,server-1,1,server-1,1,server-1,SVM,5
p12_exp_26_dyn_rr_seen_22,p12_exp_26_dyn_rr_seen,dynamic_workload,dynamic_workload,6,14.0,0.03,server-2,15.0,25.0,0,20.0,1.5,15.0,25.0,1,20.0,1.5,15.0,25.0,0,20.0,1.5,1,server-2,1,server-2,1,server-2,1,server-2,1,server-2,SVM,5
p12_exp_26_dyn_rr_seen_23,p12_exp_26_dyn_rr_seen,dynamic_workload,dynamic_workload,6,14.0,0.03,server-3,15.0,25.0,0,20.0,1.5,15.0,25.0,0,20.0,1.5,15.0,25.0,1,20.0,1.5,1,server-3,1,server-3,1,server-3,1,server-3,1,server-3,SVM,5
p12_exp_26_dyn_rr_seen_24,p12_exp_26_dyn_rr_seen,dynamic_workload,dynamic_workload,6,14.0,0.03,server-1,15.0,25.0,1,20.0,1.5,15.0,25.0,0,20.0,1.5,15.0,25.0,0,20.0,1.5,1,server-1,1,server-1,1,server-1,1,server-1,1,server-1,SVM,5
p12_exp_26_dyn_rr_seen_25,p12_exp_26_dyn_rr_seen,dynamic_workload,dynamic_workload,6,14.0,0.03,server-2,15.0,25.0,0,20.0,1.5,15.0,25.0,1,20.0,1.5,15.0,25.0,0,20.0,1.5,1,server-2,1,server-2,1,server-2,1,server-2,1,server-2,SVM,5
p12_exp_26_dyn_rr_seen_26,p12_exp_26_dyn_rr_seen,dynamic_workload,dynamic_workload,6,14.0,0.03,server-3,15.0,25.0,0,20.0,1.5,15.0,25.0,0,20.0,1.5,15.0,25.0,1,20.0,1.5,1,server-3,1,server-3,1,server-3,1,server-3,1,server-3,SVM,5
p12_exp_26_dyn_rr_seen_27,p12_exp_26_dyn_rr_seen,dynamic_workload,dynamic_workload,6,14.0,0.03,server-1,15.0,25.0,1,20.0,1.5,15.0,25.0,0,20.0,1.5,15.0,25.0,0,20.0,1.5,1,server-1,1,server-1,1,server-1,1,server-1,1,server-1,SVM,5
p12_exp_26_dyn_rr_seen_28,p12_exp_26_dyn_rr_seen,dynamic_workload,dynamic_workload,6,14.0,0.03,server-2,15.0,25.0,0,20.0,1.5,15.0,25.0,1,20.0,1.5,15.0,25.0,0,20.0,1.5,1,server-2,1,server-2,1,server-2,1,server-2,1,server-2,SVM,5
p12_exp_26_dyn_rr_seen_29,p12_exp_26_dyn_rr_seen,dynamic_workload,dynamic_workload,6,14.0,0.03,server-3,15.0,25.0,0,20.0,1.5,15.0,25.0,0,20.0,1.5,15.0,25.0,1,20.0,1.5,1,server-3,1,server-3,1,server-3,1,server-3,1,server-3,SVM,5
p12_exp_26_dyn_rr_seen_30,p12_exp_26_dyn_rr_seen,dynamic_workload,dynamic_workload,6,14.0,0.03,server-1,15.0,25.0,1,20.0,1.5,15.0,25.0,0,20.0,1.5,15.0,25.0,0,20.0,1.5,1,server-1,1,server-1,1,server-1,1,server-1,1,server-1,SVM,5
p12_exp_26_dyn_rr_seen_31,p12_exp_26_dyn_rr_seen,dynamic_workload,dynamic_workload,6,14.0,0.03,server-2,15.0,25.0,0,20.0,1.5,15.0,25.0,1,20.0,1.5,15.0,25.0,0,20.0,1.5,1,server-2,1,server-2,1,server-2,1,server-2,1,server-2,SVM,5
p12_exp_26_dyn_rr_seen_32,p12_exp_26_dyn_rr_seen,dynamic_workload,dynamic_workload,6,14.0,0.03,server-3,15.0,25.0,0,20.0,1.5,15.0,25.0,0,20.0,1.5,15.0,25.0,1,20.0,1.5,1,server-3,1,server-3,1,server-3,1,server-3,1,server-3,SVM,5
p12_exp_26_dyn_rr_seen_33,p12_exp_26_dyn_rr_seen,dynamic_workload,dynamic_workload,6,14.0,0.03,server-1,15.0,25.0,1,20.0,1.5,15.0,25.0,0,20.0,1.5,15.0,25.0,0,20.0,1.5,1,server-1,1,server-1,1,server-1,1,server-1,1,server-1,SVM,5
p12_exp_26_dyn_rr_seen_34,p12_exp_26_dyn_rr_seen,dynamic_workload,dynamic_workload,6,14.0,0.03,server-2,15.0,25.0,0,20.0,1.5,15.0,25.0,1,20.0,1.5,15.0,25.0,0,20.0,1.5,1,server-2,1,server-2,1,server-2,1,server-2,1,server-2,SVM,5
p12_exp_26_dyn_rr_seen_35,p12_exp_26_dyn_rr_seen,dynamic_workload,dynamic_workload,6,14.0,0.03,server-3,15.0,25.0,0,20.0,1.5,15.0,25.0,0,20.0,1.5,15.0,25.0,1,20.0,1.5,1,server-3,1,server-3,1,server-3,1,server-3,1,server-3,SVM,5
p12_exp_26_dyn_rr_seen_36,p12_exp_26_dyn_rr_seen,dynamic_workload,dynamic_workload,6,14.0,0.03,server-1,15.0,25.0,1,20.0,1.5,15.0,25.0,0,20.0,1.5,15.0,25.0,0,20.0,1.5,1,server-1,1,server-1,1,server-1,1,server-1,1,server-1,SVM,5
p12_exp_26_dyn_rr_seen_37,p12_exp_26_dyn_rr_seen,dynamic_workload,dynamic_workload,6,14.0,0.03,server-2,15.0,25.0,0,20.0,1.5,15.0,25.0,1,20.0,1.5,15.0,25.0,0,20.0,1.5,1,server-2,1,server-2,1,server-2,1,server-2,1,server-2,SVM,5
p12_exp_26_dyn_rr_seen_38,p12_exp_26_dyn_rr_seen,dynamic_workload,dynamic_workload,6,14.0,0.03,server-3,15.0,25.0,0,20.0,1.5,15.0,25.0,0,20.0,1.5,15.0,25.0,1,20.0,1.5,1,server-3,1,server-3,1,server-3,1,server-3,1,server-3,SVM,5
p12_exp_26_dyn_rr_seen_39,p12_exp_26_dyn_rr_seen,dynamic_workload,dynamic_workload,6,14.0,0.03,server-1,15.0,25.0,1,20.0,1.5,15.0,25.0,0,20.0,1.5,15.0,25.0,0,20.0,1.5,1,server-1,1,server-1,1,server-1,1,server-1,1,server-1,SVM,5
p12_exp_26_dyn_rr_seen_40,p12_exp_26_dyn_rr_seen,dynamic_workload,dynamic_workload,6,14.0,0.03,server-2,15.0,25.0,0,20.0,1.5,15.0,25.0,1,20.0,1.5,15.0,25.0,0,20.0,1.5,1,server-2,1,server-2,1,server-2,1,server-2,1,server-2,SVM,5
p12_exp_27_dyn_lc_seen_1,p12_exp_27_dyn_lc_seen,dynamic_workload,dynamic_workload,6,14.0,0.03,server-1,15.0,25.0,1,20.0,1.5,15.0,25.0,0,20.0,1.5,15.0,25.0,0,20.0,1.5,1,server-1,1,server-1,1,server-1,1,server-1,1,server-1,SVM,5
p12_exp_27_dyn_lc_seen_2,p12_exp_27_dyn_lc_seen,dynamic_workload,dynamic_workload,6,14.0,0.03,server-1,15.0,25.0,1,20.0,1.5,15.0,25.0,0,20.0,1.5,15.0,25.0,0,20.0,1.5,1,server-1,1,server-1,1,server-1,1,server-1,1,server-1,SVM,5
p12_exp_27_dyn_lc_seen_3,p12_exp_27_dyn_lc_seen,dynamic_workload,dynamic_workload,6,14.0,0.03,server-1,15.0,25.0,1,20.0,1.5,15.0,25.0,0,20.0,1.5,15.0,25.0,0,20.0,1.5,1,server-1,1,server-1,1,server-1,1,server-1,1,server-1,SVM,5
p12_exp_27_dyn_lc_seen_4,p12_exp_27_dyn_lc_seen,dynamic_workload,dynamic_workload,6,14.0,0.03,server-1,15.0,25.0,1,20.0,1.5,15.0,25.0,0,20.0,1.5,15.0,25.0,0,20.0,1.5,1,server-1,1,server-1,1,server-1,1,server-1,1,server-1,SVM,5
p12_exp_27_dyn_lc_seen_5,p12_exp_27_dyn_lc_seen,dynamic_workload,dynamic_workload,6,14.0,0.03,server-1,15.0,25.0,1,20.0,1.5,15.0,25.0,0,20.0,1.5,15.0,25.0,0,20.0,1.5,1,server-1,1,server-1,1,server-1,1,server-1,1,server-1,SVM,5
p12_exp_27_dyn_lc_seen_6,p12_exp_27_dyn_lc_seen,dynamic_workload,dynamic_workload,6,14.0,0.03,server-1,15.0,25.0,1,20.0,1.5,15.0,25.0,0,20.0,1.5,15.0,25.0,0,20.0,1.5,1,server-1,1,server-1,1,server-1,1,server-1,1,server-1,SVM,5
p12_exp_27_dyn_lc_seen_7,p12_exp_27_dyn_lc_seen,dynamic_workload,dynamic_workload,6,14.0,0.03,server-1,15.0,25.0,1,20.0,1.5,15.0,25.0,0,20.0,1.5,15.0,25.0,0,20.0,1.5,1,server-1,1,server-1,1,server-1,1,server-1,1,server-1,SVM,5
p12_exp_27_dyn_lc_seen_8,p12_exp_27_dyn_lc_seen,dynamic_workload,dynamic_workload,6,14.0,0.03,server-1,15.0,25.0,1,20.0,1.5,15.0,25.0,0,20.0,1.5,15.0,25.0,0,20.0,1.5,1,server-1,1,server-1,1,server-1,1,server-1,1,server-1,SVM,5
p12_exp_27_dyn_lc_seen_9,p12_exp_27_dyn_lc_seen,dynamic_workload,dynamic_workload,6,14.0,0.03,server-1,15.0,25.0,1,20.0,1.5,15.0,25.0,0,20.0,1.5,15.0,25.0,0,20.0,1.5,1,server-1,1,server-1,1,server-1,1,server-1,1,server-1,SVM,5
p12_exp_27_dyn_lc_seen_10,p12_exp_27_dyn_lc_seen,dynamic_workload,dynamic_workload,6,14.0,0.03,server-1,15.0,25.0,1,20.0,1.5,15.0,25.0,0,20.0,1.5,15.0,25.0,0,20.0,1.5,1,server-1,1,server-1,1,server-1,1,server-1,1,server-1,SVM,5
p12_exp_27_dyn_lc_seen_11,p12_exp_27_dyn_lc_seen,dynamic_workload,dynamic_workload,6,14.0,0.03,server-1,15.0,25.0,1,20.0,1.5,15.0,25.0,0,20.0,1.5,15.0,25.0,0,20.0,1.5,1,server-1,1,server-1,1,server-1,1,server-1,1,server-1,SVM,5
p12_exp_27_dyn_lc_seen_12,p12_exp_27_dyn_lc_seen,dynamic_workload,dynamic_workload,6,14.0,0.03,server-1,15.0,25.0,1,20.0,1.5,15.0,25.0,0,20.0,1.5,15.0,25.0,0,20.0,1.5,1,server-1,1,server-1,1,server-1,1,server-1,1,server-1,SVM,5
p12_exp_27_dyn_lc_seen_13,p12_exp_27_dyn_lc_seen,dynamic_workload,dynamic_workload,6,14.0,0.03,server-1,15.0,25.0,1,20.0,1.5,15.0,25.0,0,20.0,1.5,15.0,25.0,0,20.0,1.5,1,server-1,1,server-1,1,server-1,1,server-1,1,server-1,SVM,5
p12_exp_27_dyn_lc_seen_14,p12_exp_27_dyn_lc_seen,dynamic_workload,dynamic_workload,6,14.0,0.03,server-1,15.0,25.0,1,20.0,1.5,15.0,25.0,0,20.0,1.5,15.0,25.0,0,20.0,1.5,1,server-1,1,server-1,1,server-1,1,server-1,1,server-1,SVM,5
p12_exp_27_dyn_lc_seen_15,p12_exp_27_dyn_lc_seen,dynamic_workload,dynamic_workload,6,14.0,0.03,server-1,15.0,25.0,1,20.0,1.5,15.0,25.0,0,20.0,1.5,15.0,25.0,0,20.0,1.5,1,server-1,1,server-1,1,server-1,1,server-1,1,server-1,SVM,5
p12_exp_27_dyn_lc_seen_16,p12_exp_27_dyn_lc_seen,dynamic_workload,dynamic_workload,6,14.0,0.03,server-1,15.0,25.0,1,20.0,1.5,15.0,25.0,0,20.0,1.5,15.0,25.0,0,20.0,1.5,1,server-1,1,server-1,1,server-1,1,server-1,1,server-1,SVM,5
p12_exp_27_dyn_lc_seen_17,p12_exp_27_dyn_lc_seen,dynamic_workload,dynamic_workload,6,14.0,0.03,server-1,15.0,25.0,1,20.0,1.5,15.0,25.0,0,20.0,1.5,15.0,25.0,0,20.0,1.5,1,server-1,1,server-1,1,server-1,1,server-1,1,server-1,SVM,5
p12_exp_27_dyn_lc_seen_18,p12_exp_27_dyn_lc_seen,dynamic_workload,dynamic_workload,6,14.0,0.03,server-1,15.0,25.0,1,20.0,1.5,15.0,25.0,0,20.0,1.5,15.0,25.0,0,20.0,1.5,1,server-1,1,server-1,1,server-1,1,server-1,1,server-1,SVM,5
p12_exp_27_dyn_lc_seen_19,p12_exp_27_dyn_lc_seen,dynamic_workload,dynamic_workload,6,14.0,0.03,server-1,15.0,25.0,1,20.0,1.5,15.0,25.0,0,20.0,1.5,15.0,25.0,0,20.0,1.5,1,server-1,1,server-1,1,server-1,1,server-1,1,server-1,SVM,5
p12_exp_27_dyn_lc_seen_20,p12_exp_27_dyn_lc_seen,dynamic_workload,dynamic_workload,6,14.0,0.03,server-1,15.0,25.0,1,20.0,1.5,15.0,25.0,0,20.0,1.5,15.0,25.0,0,20.0,1.5,1,server-1,1,server-1,1,server-1,1,server-1,1,server-1,SVM,5
p12_exp_27_dyn_lc_seen_21,p12_exp_27_dyn_lc_seen,dynamic_workload,dynamic_workload,6,14.0,0.03,server-1,15.0,25.0,1,20.0,1.5,15.0,25.0,0,20.0,1.5,15.0,25.0,0,20.0,1.5,1,server-1,1,server-1,1,server-1,1,server-1,1,server-1,SVM,5
p12_exp_27_dyn_lc_seen_22,p12_exp_27_dyn_lc_seen,dynamic_workload,dynamic_workload,6,14.0,0.03,server-1,15.0,25.0,1,20.0,1.5,15.0,25.0,0,20.0,1.5,15.0,25.0,0,20.0,1.5,1,server-1,1,server-1,1,server-1,1,server-1,1,server-1,SVM,5
p12_exp_27_dyn_lc_seen_23,p12_exp_27_dyn_lc_seen,dynamic_workload,dynamic_workload,6,14.0,0.03,server-1,15.0,25.0,1,20.0,1.5,15.0,25.0,0,20.0,1.5,15.0,25.0,0,20.0,1.5,1,server-1,1,server-1,1,server-1,1,server-1,1,server-1,SVM,5
p12_exp_27_dyn_lc_seen_24,p12_exp_27_dyn_lc_seen,dynamic_workload,dynamic_workload,6,14.0,0.03,server-1,15.0,25.0,1,20.0,1.5,15.0,25.0,0,20.0,1.5,15.0,25.0,0,20.0,1.5,1,server-1,1,server-1,1,server-1,1,server-1,1,server-1,SVM,5
p12_exp_27_dyn_lc_seen_25,p12_exp_27_dyn_lc_seen,dynamic_workload,dynamic_workload,6,14.0,0.03,server-1,15.0,25.0,1,20.0,1.5,15.0,25.0,0,20.0,1.5,15.0,25.0,0,20.0,1.5,1,server-1,1,server-1,1,server-1,1,server-1,1,server-1,SVM,5
p12_exp_27_dyn_lc_seen_26,p12_exp_27_dyn_lc_seen,dynamic_workload,dynamic_workload,6,14.0,0.03,server-1,15.0,25.0,1,20.0,1.5,15.0,25.0,0,20.0,1.5,15.0,25.0,0,20.0,1.5,1,server-1,1,server-1,1,server-1,1,server-1,1,server-1,SVM,5
p12_exp_27_dyn_lc_seen_27,p12_exp_27_dyn_lc_seen,dynamic_workload,dynamic_workload,6,14.0,0.03,server-1,15.0,25.0,1,20.0,1.5,15.0,25.0,0,20.0,1.5,15.0,25.0,0,20.0,1.5,1,server-1,1,server-1,1,server-1,1,server-1,1,server-1,SVM,5
p12_exp_27_dyn_lc_seen_28,p12_exp_27_dyn_lc_seen,dynamic_workload,dynamic_workload,6,14.0,0.03,server-1,15.0,25.0,1,20.0,1.5,15.0,25.0,0,20.0,1.5,15.0,25.0,0,20.0,1.5,1,server-1,1,server-1,1,server-1,1,server-1,1,server-1,SVM,5
p12_exp_27_dyn_lc_seen_29,p12_exp_27_dyn_lc_seen,dynamic_workload,dynamic_workload,6,14.0,0.03,server-1,15.0,25.0,1,20.0,1.5,15.0,25.0,0,20.0,1.5,15.0,25.0,0,20.0,1.5,1,server-1,1,server-1,1,server-1,1,server-1,1,server-1,SVM,5
p12_exp_27_dyn_lc_seen_30,p12_exp_27_dyn_lc_seen,dynamic_workload,dynamic_workload,6,14.0,0.03,server-1,15.0,25.0,1,20.0,1.5,15.0,25.0,0,20.0,1.5,15.0,25.0,0,20.0,1.5,1,server-1,1,server-1,1,server-1,1,server-1,1,server-1,SVM,5
p12_exp_27_dyn_lc_seen_31,p12_exp_27_dyn_lc_seen,dynamic_workload,dynamic_workload,6,14.0,0.03,server-1,15.0,25.0,1,20.0,1.5,15.0,25.0,0,20.0,1.5,15.0,25.0,0,20.0,1.5,1,server-1,1,server-1,1,server-1,1,server-1,1,server-1,SVM,5
p12_exp_27_dyn_lc_seen_32,p12_exp_27_dyn_lc_seen,dynamic_workload,dynamic_workload,6,14.0,0.03,server-1,15.0,25.0,1,20.0,1.5,15.0,25.0,0,20.0,1.5,15.0,25.0,0,20.0,1.5,1,server-1,1,server-1,1,server-1,1,server-1,1,server-1,SVM,5
p12_exp_27_dyn_lc_seen_33,p12_exp_27_dyn_lc_seen,dynamic_workload,dynamic_workload,6,14.0,0.03,server-1,15.0,25.0,1,20.0,1.5,15.0,25.0,0,20.0,1.5,15.0,25.0,0,20.0,1.5,1,server-1,1,server-1,1,server-1,1,server-1,1,server-1,SVM,5
p12_exp_27_dyn_lc_seen_34,p12_exp_27_dyn_lc_seen,dynamic_workload,dynamic_workload,6,14.0,0.03,server-1,15.0,25.0,1,20.0,1.5,15.0,25.0,0,20.0,1.5,15.0,25.0,0,20.0,1.5,1,server-1,1,server-1,1,server-1,1,server-1,1,server-1,SVM,5
p12_exp_27_dyn_lc_seen_35,p12_exp_27_dyn_lc_seen,dynamic_workload,dynamic_workload,6,14.0,0.03,server-1,15.0,25.0,1,20.0,1.5,15.0,25.0,0,20.0,1.5,15.0,25.0,0,20.0,1.5,1,server-1,1,server-1,1,server-1,1,server-1,1,server-1,SVM,5
p12_exp_27_dyn_lc_seen_36,p12_exp_27_dyn_lc_seen,dynamic_workload,dynamic_workload,6,14.0,0.03,server-1,15.0,25.0,1,20.0,1.5,15.0,25.0,0,20.0,1.5,15.0,25.0,0,20.0,1.5,1,server-1,1,server-1,1,server-1,1,server-1,1,server-1,SVM,5
p12_exp_27_dyn_lc_seen_37,p12_exp_27_dyn_lc_seen,dynamic_workload,dynamic_workload,6,14.0,0.03,server-1,15.0,25.0,1,20.0,1.5,15.0,25.0,0,20.0,1.5,15.0,25.0,0,20.0,1.5,1,server-1,1,server-1,1,server-1,1,server-1,1,server-1,SVM,5
p12_exp_27_dyn_lc_seen_38,p12_exp_27_dyn_lc_seen,dynamic_workload,dynamic_workload,6,14.0,0.03,server-1,15.0,25.0,1,20.0,1.5,15.0,25.0,0,20.0,1.5,15.0,25.0,0,20.0,1.5,1,server-1,1,server-1,1,server-1,1,server-1,1,server-1,SVM,5
p12_exp_27_dyn_lc_seen_39,p12_exp_27_dyn_lc_seen,dynamic_workload,dynamic_workload,6,14.0,0.03,server-1,15.0,25.0,1,20.0,1.5,15.0,25.0,0,20.0,1.5,15.0,25.0,0,20.0,1.5,1,server-1,1,server-1,1,server-1,1,server-1,1,server-1,SVM,5
p12_exp_27_dyn_lc_seen_40,p12_exp_27_dyn_lc_seen,dynamic_workload,dynamic_workload,6,14.0,0.03,server-1,15.0,25.0,1,20.0,1.5,15.0,25.0,0,20.0,1.5,15.0,25.0,0,20.0,1.5,1,server-1,1,server-1,1,server-1,1,server-1,1,server-1,SVM,5
p12_exp_28_dyn_ml_unseen_1,p12_exp_28_dyn_ml_unseen,dynamic_workload,dynamic_workload,10,22.0,0.025,server-3,15.0,25.0,0,20.0,1.5,15.0,25.0,0,20.0,1.5,15.0,25.0,1,20.0,1.5,1,server-3,1,server-3,1,server-3,1,server-3,1,server-3,SVM,5
p12_exp_28_dyn_ml_unseen_2,p12_exp_28_dyn_ml_unseen,dynamic_workload,dynamic_workload,10,22.0,0.025,server-3,15.0,25.0,0,20.0,1.5,15.0,25.0,0,20.0,1.5,15.0,25.0,1,20.0,1.5,1,server-3,1,server-3,1,server-3,1,server-3,1,server-3,SVM,5
p12_exp_28_dyn_ml_unseen_3,p12_exp_28_dyn_ml_unseen,dynamic_workload,dynamic_workload,10,22.0,0.025,server-3,15.0,25.0,0,20.0,1.5,15.0,25.0,0,20.0,1.5,15.0,25.0,1,20.0,1.5,1,server-3,1,server-3,1,server-3,1,server-3,1,server-3,SVM,5
p12_exp_28_dyn_ml_unseen_4,p12_exp_28_dyn_ml_unseen,dynamic_workload,dynamic_workload,10,22.0,0.025,server-3,15.0,25.0,0,20.0,1.5,15.0,25.0,0,20.0,1.5,15.0,25.0,1,20.0,1.5,1,server-3,1,server-3,1,server-3,1,server-3,1,server-3,SVM,5
p12_exp_28_dyn_ml_unseen_5,p12_exp_28_dyn_ml_unseen,dynamic_workload,dynamic_workload,10,22.0,0.025,server-3,15.0,25.0,0,20.0,1.5,15.0,25.0,0,20.0,1.5,15.0,25.0,1,20.0,1.5,1,server-3,1,server-3,1,server-3,1,server-3,1,server-3,SVM,5
p12_exp_28_dyn_ml_unseen_6,p12_exp_28_dyn_ml_unseen,dynamic_workload,dynamic_workload,10,22.0,0.025,server-3,15.0,25.0,0,20.0,1.5,15.0,25.0,0,20.0,1.5,15.0,25.0,1,20.0,1.5,1,server-3,1,server-3,1,server-3,1,server-3,1,server-3,SVM,5
p12_exp_28_dyn_ml_unseen_7,p12_exp_28_dyn_ml_unseen,dynamic_workload,dynamic_workload,10,22.0,0.025,server-3,15.0,25.0,0,20.0,1.5,15.0,25.0,0,20.0,1.5,15.0,25.0,1,20.0,1.5,1,server-3,1,server-3,1,server-3,1,server-3,1,server-3,SVM,5
p12_exp_28_dyn_ml_unseen_8,p12_exp_28_dyn_ml_unseen,dynamic_workload,dynamic_workload,10,22.0,0.025,server-3,15.0,25.0,0,20.0,1.5,15.0,25.0,0,20.0,1.5,15.0,25.0,1,20.0,1.5,1,server-3,1,server-3,1,server-3,1,server-3,1,server-3,SVM,5
p12_exp_28_dyn_ml_unseen_9,p12_exp_28_dyn_ml_unseen,dynamic_workload,dynamic_workload,10,22.0,0.025,server-3,15.0,25.0,0,20.0,1.5,15.0,25.0,0,20.0,1.5,15.0,25.0,1,20.0,1.5,1,server-3,1,server-3,1,server-3,1,server-3,1,server-3,SVM,5
p12_exp_28_dyn_ml_unseen_10,p12_exp_28_dyn_ml_unseen,dynamic_workload,dynamic_workload,10,22.0,0.025,server-3,15.0,25.0,0,20.0,1.5,15.0,25.0,0,20.0,1.5,15.0,25.0,1,20.0,1.5,1,server-3,1,server-3,1,server-3,1,server-3,1,server-3,SVM,5
p12_exp_28_dyn_ml_unseen_11,p12_exp_28_dyn_ml_unseen,dynamic_workload,dynamic_workload,10,22.0,0.025,server-3,15.0,25.0,0,20.0,1.5,15.0,25.0,0,20.0,1.5,15.0,25.0,1,20.0,1.5,1,server-3,1,server-3,1,server-3,1,server-3,1,server-3,SVM,5
p12_exp_28_dyn_ml_unseen_12,p12_exp_28_dyn_ml_unseen,dynamic_workload,dynamic_workload,10,22.0,0.025,server-3,15.0,25.0,0,20.0,1.5,15.0,25.0,0,20.0,1.5,15.0,25.0,1,20.0,1.5,1,server-3,1,server-3,1,server-3,1,server-3,1,server-3,SVM,5
p12_exp_28_dyn_ml_unseen_13,p12_exp_28_dyn_ml_unseen,dynamic_workload,dynamic_workload,10,22.0,0.025,server-3,15.0,25.0,0,20.0,1.5,15.0,25.0,0,20.0,1.5,15.0,25.0,1,20.0,1.5,1,server-3,1,server-3,1,server-3,1,server-3,1,server-3,SVM,5
p12_exp_28_dyn_ml_unseen_14,p12_exp_28_dyn_ml_unseen,dynamic_workload,dynamic_workload,10,22.0,0.025,server-3,15.0,25.0,0,20.0,1.5,15.0,25.0,0,20.0,1.5,15.0,25.0,1,20.0,1.5,1,server-3,1,server-3,1,server-3,1,server-3,1,server-3,SVM,5
p12_exp_28_dyn_ml_unseen_15,p12_exp_28_dyn_ml_unseen,dynamic_workload,dynamic_workload,10,22.0,0.025,server-3,15.0,25.0,0,20.0,1.5,15.0,25.0,0,20.0,1.5,15.0,25.0,1,20.0,1.5,1,server-3,1,server-3,1,server-3,1,server-3,1,server-3,SVM,5
p12_exp_28_dyn_ml_unseen_16,p12_exp_28_dyn_ml_unseen,dynamic_workload,dynamic_workload,10,22.0,0.025,server-3,15.0,25.0,0,20.0,1.5,15.0,25.0,0,20.0,1.5,15.0,25.0,1,20.0,1.5,1,server-3,1,server-3,1,server-3,1,server-3,1,server-3,SVM,5
p12_exp_28_dyn_ml_unseen_17,p12_exp_28_dyn_ml_unseen,dynamic_workload,dynamic_workload,10,22.0,0.025,server-3,15.0,25.0,0,20.0,1.5,15.0,25.0,0,20.0,1.5,15.0,25.0,1,20.0,1.5,1,server-3,1,server-3,1,server-3,1,server-3,1,server-3,SVM,5
p12_exp_28_dyn_ml_unseen_18,p12_exp_28_dyn_ml_unseen,dynamic_workload,dynamic_workload,10,22.0,0.025,server-3,15.0,25.0,0,20.0,1.5,15.0,25.0,0,20.0,1.5,15.0,25.0,1,20.0,1.5,1,server-3,1,server-3,1,server-3,1,server-3,1,server-3,SVM,5
p12_exp_28_dyn_ml_unseen_19,p12_exp_28_dyn_ml_unseen,dynamic_workload,dynamic_workload,10,22.0,0.025,server-3,15.0,25.0,0,20.0,1.5,15.0,25.0,0,20.0,1.5,15.0,25.0,1,20.0,1.5,1,server-3,1,server-3,1,server-3,1,server-3,1,server-3,SVM,5
p12_exp_28_dyn_ml_unseen_20,p12_exp_28_dyn_ml_unseen,dynamic_workload,dynamic_workload,10,22.0,0.025,server-3,15.0,25.0,0,20.0,1.5,15.0,25.0,0,20.0,1.5,15.0,25.0,1,20.0,1.5,1,server-3,1,server-3,1,server-3,1,server-3,1,server-3,SVM,5
p12_exp_28_dyn_ml_unseen_21,p12_exp_28_dyn_ml_unseen,dynamic_workload,dynamic_workload,10,22.0,0.025,server-3,15.0,25.0,0,20.0,1.5,15.0,25.0,0,20.0,1.5,15.0,25.0,1,20.0,1.5,1,server-3,1,server-3,1,server-3,1,server-3,1,server-3,SVM,5
p12_exp_28_dyn_ml_unseen_22,p12_exp_28_dyn_ml_unseen,dynamic_workload,dynamic_workload,10,22.0,0.025,server-3,15.0,25.0,0,20.0,1.5,15.0,25.0,0,20.0,1.5,15.0,25.0,1,20.0,1.5,1,server-3,1,server-3,1,server-3,1,server-3,1,server-3,SVM,5
p12_exp_28_dyn_ml_unseen_23,p12_exp_28_dyn_ml_unseen,dynamic_workload,dynamic_workload,10,22.0,0.025,server-3,15.0,25.0,0,20.0,1.5,15.0,25.0,0,20.0,1.5,15.0,25.0,1,20.0,1.5,1,server-3,1,server-3,1,server-3,1,server-3,1,server-3,SVM,5
p12_exp_28_dyn_ml_unseen_24,p12_exp_28_dyn_ml_unseen,dynamic_workload,dynamic_workload,10,22.0,0.025,server-3,15.0,25.0,0,20.0,1.5,15.0,25.0,0,20.0,1.5,15.0,25.0,1,20.0,1.5,1,server-3,1,server-3,1,server-3,1,server-3,1,server-3,SVM,5
p12_exp_28_dyn_ml_unseen_25,p12_exp_28_dyn_ml_unseen,dynamic_workload,dynamic_workload,10,22.0,0.025,server-3,15.0,25.0,0,20.0,1.5,15.0,25.0,0,20.0,1.5,15.0,25.0,1,20.0,1.5,1,server-3,1,server-3,1,server-3,1,server-3,1,server-3,SVM,5
p12_exp_28_dyn_ml_unseen_26,p12_exp_28_dyn_ml_unseen,dynamic_workload,dynamic_workload,10,22.0,0.025,server-3,15.0,25.0,0,20.0,1.5,15.0,25.0,0,20.0,1.5,15.0,25.0,1,20.0,1.5,1,server-3,1,server-3,1,server-3,1,server-3,1,server-3,SVM,5
p12_exp_28_dyn_ml_unseen_27,p12_exp_28_dyn_ml_unseen,dynamic_workload,dynamic_workload,10,22.0,0.025,server-3,15.0,25.0,0,20.0,1.5,15.0,25.0,0,20.0,1.5,15.0,25.0,1,20.0,1.5,1,server-3,1,server-3,1,server-3,1,server-3,1,server-3,SVM,5
p12_exp_28_dyn_ml_unseen_28,p12_exp_28_dyn_ml_unseen,dynamic_workload,dynamic_workload,10,22.0,0.025,server-3,15.0,25.0,0,20.0,1.5,15.0,25.0,0,20.0,1.5,15.0,25.0,1,20.0,1.5,1,server-3,1,server-3,1,server-3,1,server-3,1,server-3,SVM,5
p12_exp_28_dyn_ml_unseen_29,p12_exp_28_dyn_ml_unseen,dynamic_workload,dynamic_workload,10,22.0,0.025,server-3,15.0,25.0,0,20.0,1.5,15.0,25.0,0,20.0,1.5,15.0,25.0,1,20.0,1.5,1,server-3,1,server-3,1,server-3,1,server-3,1,server-3,SVM,5
p12_exp_28_dyn_ml_unseen_30,p12_exp_28_dyn_ml_unseen,dynamic_workload,dynamic_workload,10,22.0,0.025,server-3,15.0,25.0,0,20.0,1.5,15.0,25.0,0,20.0,1.5,15.0,25.0,1,20.0,1.5,1,server-3,1,server-3,1,server-3,1,server-3,1,server-3,SVM,5
p12_exp_28_dyn_ml_unseen_31,p12_exp_28_dyn_ml_unseen,dynamic_workload,dynamic_workload,10,22.0,0.025,server-3,15.0,25.0,0,20.0,1.5,15.0,25.0,0,20.0,1.5,15.0,25.0,1,20.0,1.5,1,server-3,1,server-3,1,server-3,1,server-3,1,server-3,SVM,5
p12_exp_28_dyn_ml_unseen_32,p12_exp_28_dyn_ml_unseen,dynamic_workload,dynamic_workload,10,22.0,0.025,server-3,15.0,25.0,0,20.0,1.5,15.0,25.0,0,20.0,1.5,15.0,25.0,1,20.0,1.5,1,server-3,1,server-3,1,server-3,1,server-3,1,server-3,SVM,5
p12_exp_28_dyn_ml_unseen_33,p12_exp_28_dyn_ml_unseen,dynamic_workload,dynamic_workload,10,22.0,0.025,server-3,15.0,25.0,0,20.0,1.5,15.0,25.0,0,20.0,1.5,15.0,25.0,1,20.0,1.5,1,server-3,1,server-3,1,server-3,1,server-3,1,server-3,SVM,5
p12_exp_28_dyn_ml_unseen_34,p12_exp_28_dyn_ml_unseen,dynamic_workload,dynamic_workload,10,22.0,0.025,server-3,15.0,25.0,0,20.0,1.5,15.0,25.0,0,20.0,1.5,15.0,25.0,1,20.0,1.5,1,server-3,1,server-3,1,server-3,1,server-3,1,server-3,SVM,5
p12_exp_28_dyn_ml_unseen_35,p12_exp_28_dyn_ml_unseen,dynamic_workload,dynamic_workload,10,22.0,0.025,server-3,15.0,25.0,0,20.0,1.5,15.0,25.0,0,20.0,1.5,15.0,25.0,1,20.0,1.5,1,server-3,1,server-3,1,server-3,1,server-3,1,server-3,SVM,5
p12_exp_28_dyn_ml_unseen_36,p12_exp_28_dyn_ml_unseen,dynamic_workload,dynamic_workload,10,22.0,0.025,server-3,15.0,25.0,0,20.0,1.5,15.0,25.0,0,20.0,1.5,15.0,25.0,1,20.0,1.5,1,server-3,1,server-3,1,server-3,1,server-3,1,server-3,SVM,5
p12_exp_28_dyn_ml_unseen_37,p12_exp_28_dyn_ml_unseen,dynamic_workload,dynamic_workload,10,22.0,0.025,server-3,15.0,25.0,0,20.0,1.5,15.0,25.0,0,20.0,1.5,15.0,25.0,1,20.0,1.5,1,server-3,1,server-3,1,server-3,1,server-3,1,server-3,SVM,5
p12_exp_28_dyn_ml_unseen_38,p12_exp_28_dyn_ml_unseen,dynamic_workload,dynamic_workload,10,22.0,0.025,server-3,15.0,25.0,0,20.0,1.5,15.0,25.0,0,20.0,1.5,15.0,25.0,1,20.0,1.5,1,server-3,1,server-3,1,server-3,1,server-3,1,server-3,SVM,5
p12_exp_28_dyn_ml_unseen_39,p12_exp_28_dyn_ml_unseen,dynamic_workload,dynamic_workload,10,22.0,0.025,server-3,15.0,25.0,0,20.0,1.5,15.0,25.0,0,20.0,1.5,15.0,25.0,1,20.0,1.5,1,server-3,1,server-3,1,server-3,1,server-3,1,server-3,SVM,5
p12_exp_28_dyn_ml_unseen_40,p12_exp_28_dyn_ml_unseen,dynamic_workload,dynamic_workload,10,22.0,0.025,server-3,15.0,25.0,0,20.0,1.5,15.0,25.0,0,20.0,1.5,15.0,25.0,1,20.0,1.5,1,server-3,1,server-3,1,server-3,1,server-3,1,server-3,SVM,5
p12_exp_28_dyn_ml_unseen_41,p12_exp_28_dyn_ml_unseen,dynamic_workload,dynamic_workload,10,22.0,0.025,server-3,15.0,25.0,0,20.0,1.5,15.0,25.0,0,20.0,1.5,15.0,25.0,1,20.0,1.5,1,server-3,1,server-3,1,server-3,1,server-3,1,server-3,SVM,5
p12_exp_28_dyn_ml_unseen_42,p12_exp_28_dyn_ml_unseen,dynamic_workload,dynamic_workload,10,22.0,0.025,server-3,15.0,25.0,0,20.0,1.5,15.0,25.0,0,20.0,1.5,15.0,25.0,1,20.0,1.5,1,server-3,1,server-3,1,server-3,1,server-3,1,server-3,SVM,5
p12_exp_28_dyn_ml_unseen_43,p12_exp_28_dyn_ml_unseen,dynamic_workload,dynamic_workload,10,22.0,0.025,server-3,15.0,25.0,0,20.0,1.5,15.0,25.0,0,20.0,1.5,15.0,25.0,1,20.0,1.5,1,server-3,1,server-3,1,server-3,1,server-3,1,server-3,SVM,5
p12_exp_28_dyn_ml_unseen_44,p12_exp_28_dyn_ml_unseen,dynamic_workload,dynamic_workload,10,22.0,0.025,server-3,15.0,25.0,0,20.0,1.5,15.0,25.0,0,20.0,1.5,15.0,25.0,1,20.0,1.5,1,server-3,1,server-3,1,server-3,1,server-3,1,server-3,SVM,5
p12_exp_28_dyn_ml_unseen_45,p12_exp_28_dyn_ml_unseen,dynamic_workload,dynamic_workload,10,22.0,0.025,server-3,15.0,25.0,0,20.0,1.5,15.0,25.0,0,20.0,1.5,15.0,25.0,1,20.0,1.5,1,server-3,1,server-3,1,server-3,1,server-3,1,server-3,SVM,5
p12_exp_29_dyn_iphash_unseen_1,p12_exp_29_dyn_iphash_unseen,dynamic_workload,dynamic_workload,11,24.0,0.022,server-1,15.0,25.0,1,20.0,1.5,15.0,25.0,0,20.0,1.5,15.0,25.0,0,20.0,1.5,1,server-1,1,server-1,1,server-1,1,server-1,1,server-1,SVM,5
p12_exp_29_dyn_iphash_unseen_2,p12_exp_29_dyn_iphash_unseen,dynamic_workload,dynamic_workload,11,24.0,0.022,server-1,15.0,25.0,1,20.0,1.5,15.0,25.0,0,20.0,1.5,15.0,25.0,0,20.0,1.5,1,server-1,1,server-1,1,server-1,1,server-1,1,server-1,SVM,5
p12_exp_29_dyn_iphash_unseen_3,p12_exp_29_dyn_iphash_unseen,dynamic_workload,dynamic_workload,11,24.0,0.022,server-1,15.0,25.0,1,20.0,1.5,15.0,25.0,0,20.0,1.5,15.0,25.0,0,20.0,1.5,1,server-1,1,server-1,1,server-1,1,server-1,1,server-1,SVM,5
p12_exp_29_dyn_iphash_unseen_4,p12_exp_29_dyn_iphash_unseen,dynamic_workload,dynamic_workload,11,24.0,0.022,server-1,15.0,25.0,1,20.0,1.5,15.0,25.0,0,20.0,1.5,15.0,25.0,0,20.0,1.5,1,server-1,1,server-1,1,server-1,1,server-1,1,server-1,SVM,5
p12_exp_29_dyn_iphash_unseen_5,p12_exp_29_dyn_iphash_unseen,dynamic_workload,dynamic_workload,11,24.0,0.022,server-1,15.0,25.0,1,20.0,1.5,15.0,25.0,0,20.0,1.5,15.0,25.0,0,20.0,1.5,1,server-1,1,server-1,1,server-1,1,server-1,1,server-1,SVM,5
p12_exp_29_dyn_iphash_unseen_6,p12_exp_29_dyn_iphash_unseen,dynamic_workload,dynamic_workload,11,24.0,0.022,server-1,15.0,25.0,1,20.0,1.5,15.0,25.0,0,20.0,1.5,15.0,25.0,0,20.0,1.5,1,server-1,1,server-1,1,server-1,1,server-1,1,server-1,SVM,5
p12_exp_29_dyn_iphash_unseen_7,p12_exp_29_dyn_iphash_unseen,dynamic_workload,dynamic_workload,11,24.0,0.022,server-1,15.0,25.0,1,20.0,1.5,15.0,25.0,0,20.0,1.5,15.0,25.0,0,20.0,1.5,1,server-1,1,server-1,1,server-1,1,server-1,1,server-1,SVM,5
p12_exp_29_dyn_iphash_unseen_8,p12_exp_29_dyn_iphash_unseen,dynamic_workload,dynamic_workload,11,24.0,0.022,server-1,15.0,25.0,1,20.0,1.5,15.0,25.0,0,20.0,1.5,15.0,25.0,0,20.0,1.5,1,server-1,1,server-1,1,server-1,1,server-1,1,server-1,SVM,5
p12_exp_29_dyn_iphash_unseen_9,p12_exp_29_dyn_iphash_unseen,dynamic_workload,dynamic_workload,11,24.0,0.022,server-1,15.0,25.0,1,20.0,1.5,15.0,25.0,0,20.0,1.5,15.0,25.0,0,20.0,1.5,1,server-1,1,server-1,1,server-1,1,server-1,1,server-1,SVM,5
p12_exp_29_dyn_iphash_unseen_10,p12_exp_29_dyn_iphash_unseen,dynamic_workload,dynamic_workload,11,24.0,0.022,server-1,15.0,25.0,1,20.0,1.5,15.0,25.0,0,20.0,1.5,15.0,25.0,0,20.0,1.5,1,server-1,1,server-1,1,server-1,1,server-1,1,server-1,SVM,5
p12_exp_29_dyn_iphash_unseen_11,p12_exp_29_dyn_iphash_unseen,dynamic_workload,dynamic_workload,11,24.0,0.022,server-1,15.0,25.0,1,20.0,1.5,15.0,25.0,0,20.0,1.5,15.0,25.0,0,20.0,1.5,1,server-1,1,server-1,1,server-1,1,server-1,1,server-1,SVM,5
p12_exp_29_dyn_iphash_unseen_12,p12_exp_29_dyn_iphash_unseen,dynamic_workload,dynamic_workload,11,24.0,0.022,server-1,15.0,25.0,1,20.0,1.5,15.0,25.0,0,20.0,1.5,15.0,25.0,0,20.0,1.5,1,server-1,1,server-1,1,server-1,1,server-1,1,server-1,SVM,5
p12_exp_29_dyn_iphash_unseen_13,p12_exp_29_dyn_iphash_unseen,dynamic_workload,dynamic_workload,11,24.0,0.022,server-1,15.0,25.0,1,20.0,1.5,15.0,25.0,0,20.0,1.5,15.0,25.0,0,20.0,1.5,1,server-1,1,server-1,1,server-1,1,server-1,1,server-1,SVM,5
p12_exp_29_dyn_iphash_unseen_14,p12_exp_29_dyn_iphash_unseen,dynamic_workload,dynamic_workload,11,24.0,0.022,server-1,15.0,25.0,1,20.0,1.5,15.0,25.0,0,20.0,1.5,15.0,25.0,0,20.0,1.5,1,server-1,1,server-1,1,server-1,1,server-1,1,server-1,SVM,5
p12_exp_29_dyn_iphash_unseen_15,p12_exp_29_dyn_iphash_unseen,dynamic_workload,dynamic_workload,11,24.0,0.022,server-1,15.0,25.0,1,20.0,1.5,15.0,25.0,0,20.0,1.5,15.0,25.0,0,20.0,1.5,1,server-1,1,server-1,1,server-1,1,server-1,1,server-1,SVM,5
p12_exp_29_dyn_iphash_unseen_16,p12_exp_29_dyn_iphash_unseen,dynamic_workload,dynamic_workload,11,24.0,0.022,server-1,15.0,25.0,1,20.0,1.5,15.0,25.0,0,20.0,1.5,15.0,25.0,0,20.0,1.5,1,server-1,1,server-1,1,server-1,1,server-1,1,server-1,SVM,5
p12_exp_29_dyn_iphash_unseen_17,p12_exp_29_dyn_iphash_unseen,dynamic_workload,dynamic_workload,11,24.0,0.022,server-1,15.0,25.0,1,20.0,1.5,15.0,25.0,0,20.0,1.5,15.0,25.0,0,20.0,1.5,1,server-1,1,server-1,1,server-1,1,server-1,1,server-1,SVM,5
p12_exp_29_dyn_iphash_unseen_18,p12_exp_29_dyn_iphash_unseen,dynamic_workload,dynamic_workload,11,24.0,0.022,server-1,15.0,25.0,1,20.0,1.5,15.0,25.0,0,20.0,1.5,15.0,25.0,0,20.0,1.5,1,server-1,1,server-1,1,server-1,1,server-1,1,server-1,SVM,5
p12_exp_29_dyn_iphash_unseen_19,p12_exp_29_dyn_iphash_unseen,dynamic_workload,dynamic_workload,11,24.0,0.022,server-1,15.0,25.0,1,20.0,1.5,15.0,25.0,0,20.0,1.5,15.0,25.0,0,20.0,1.5,1,server-1,1,server-1,1,server-1,1,server-1,1,server-1,SVM,5
p12_exp_29_dyn_iphash_unseen_20,p12_exp_29_dyn_iphash_unseen,dynamic_workload,dynamic_workload,11,24.0,0.022,server-1,15.0,25.0,1,20.0,1.5,15.0,25.0,0,20.0,1.5,15.0,25.0,0,20.0,1.5,1,server-1,1,server-1,1,server-1,1,server-1,1,server-1,SVM,5
p12_exp_29_dyn_iphash_unseen_21,p12_exp_29_dyn_iphash_unseen,dynamic_workload,dynamic_workload,11,24.0,0.022,server-1,15.0,25.0,1,20.0,1.5,15.0,25.0,0,20.0,1.5,15.0,25.0,0,20.0,1.5,1,server-1,1,server-1,1,server-1,1,server-1,1,server-1,SVM,5
p12_exp_29_dyn_iphash_unseen_22,p12_exp_29_dyn_iphash_unseen,dynamic_workload,dynamic_workload,11,24.0,0.022,server-1,15.0,25.0,1,20.0,1.5,15.0,25.0,0,20.0,1.5,15.0,25.0,0,20.0,1.5,1,server-1,1,server-1,1,server-1,1,server-1,1,server-1,SVM,5
p12_exp_29_dyn_iphash_unseen_23,p12_exp_29_dyn_iphash_unseen,dynamic_workload,dynamic_workload,11,24.0,0.022,server-1,15.0,25.0,1,20.0,1.5,15.0,25.0,0,20.0,1.5,15.0,25.0,0,20.0,1.5,1,server-1,1,server-1,1,server-1,1,server-1,1,server-1,SVM,5
p12_exp_29_dyn_iphash_unseen_24,p12_exp_29_dyn_iphash_unseen,dynamic_workload,dynamic_workload,11,24.0,0.022,server-1,15.0,25.0,1,20.0,1.5,15.0,25.0,0,20.0,1.5,15.0,25.0,0,20.0,1.5,1,server-1,1,server-1,1,server-1,1,server-1,1,server-1,SVM,5
p12_exp_29_dyn_iphash_unseen_25,p12_exp_29_dyn_iphash_unseen,dynamic_workload,dynamic_workload,11,24.0,0.022,server-1,15.0,25.0,1,20.0,1.5,15.0,25.0,0,20.0,1.5,15.0,25.0,0,20.0,1.5,1,server-1,1,server-1,1,server-1,1,server-1,1,server-1,SVM,5
p12_exp_29_dyn_iphash_unseen_26,p12_exp_29_dyn_iphash_unseen,dynamic_workload,dynamic_workload,11,24.0,0.022,server-1,15.0,25.0,1,20.0,1.5,15.0,25.0,0,20.0,1.5,15.0,25.0,0,20.0,1.5,1,server-1,1,server-1,1,server-1,1,server-1,1,server-1,SVM,5
p12_exp_29_dyn_iphash_unseen_27,p12_exp_29_dyn_iphash_unseen,dynamic_workload,dynamic_workload,11,24.0,0.022,server-1,15.0,25.0,1,20.0,1.5,15.0,25.0,0,20.0,1.5,15.0,25.0,0,20.0,1.5,1,server-1,1,server-1,1,server-1,1,server-1,1,server-1,SVM,5
p12_exp_29_dyn_iphash_unseen_28,p12_exp_29_dyn_iphash_unseen,dynamic_workload,dynamic_workload,11,24.0,0.022,server-1,15.0,25.0,1,20.0,1.5,15.0,25.0,0,20.0,1.5,15.0,25.0,0,20.0,1.5,1,server-1,1,server-1,1,server-1,1,server-1,1,server-1,SVM,5
p12_exp_29_dyn_iphash_unseen_29,p12_exp_29_dyn_iphash_unseen,dynamic_workload,dynamic_workload,11,24.0,0.022,server-1,15.0,25.0,1,20.0,1.5,15.0,25.0,0,20.0,1.5,15.0,25.0,0,20.0,1.5,1,server-1,1,server-1,1,server-1,1,server-1,1,server-1,SVM,5
p12_exp_29_dyn_iphash_unseen_30,p12_exp_29_dyn_iphash_unseen,dynamic_workload,dynamic_workload,11,24.0,0.022,server-1,15.0,25.0,1,20.0,1.5,15.0,25.0,0,20.0,1.5,15.0,25.0,0,20.0,1.5,1,server-1,1,server-1,1,server-1,1,server-1,1,server-1,SVM,5
p12_exp_29_dyn_iphash_unseen_31,p12_exp_29_dyn_iphash_unseen,dynamic_workload,dynamic_workload,11,24.0,0.022,server-1,15.0,25.0,1,20.0,1.5,15.0,25.0,0,20.0,1.5,15.0,25.0,0,20.0,1.5,1,server-1,1,server-1,1,server-1,1,server-1,1,server-1,SVM,5
p12_exp_29_dyn_iphash_unseen_32,p12_exp_29_dyn_iphash_unseen,dynamic_workload,dynamic_workload,11,24.0,0.022,server-1,15.0,25.0,1,20.0,1.5,15.0,25.0,0,20.0,1.5,15.0,25.0,0,20.0,1.5,1,server-1,1,server-1,1,server-1,1,server-1,1,server-1,SVM,5
p12_exp_29_dyn_iphash_unseen_33,p12_exp_29_dyn_iphash_unseen,dynamic_workload,dynamic_workload,11,24.0,0.022,server-1,15.0,25.0,1,20.0,1.5,15.0,25.0,0,20.0,1.5,15.0,25.0,0,20.0,1.5,1,server-1,1,server-1,1,server-1,1,server-1,1,server-1,SVM,5
p12_exp_29_dyn_iphash_unseen_34,p12_exp_29_dyn_iphash_unseen,dynamic_workload,dynamic_workload,11,24.0,0.022,server-1,15.0,25.0,1,20.0,1.5,15.0,25.0,0,20.0,1.5,15.0,25.0,0,20.0,1.5,1,server-1,1,server-1,1,server-1,1,server-1,1,server-1,SVM,5
p12_exp_29_dyn_iphash_unseen_35,p12_exp_29_dyn_iphash_unseen,dynamic_workload,dynamic_workload,11,24.0,0.022,server-1,15.0,25.0,1,20.0,1.5,15.0,25.0,0,20.0,1.5,15.0,25.0,0,20.0,1.5,1,server-1,1,server-1,1,server-1,1,server-1,1,server-1,SVM,5
p12_exp_29_dyn_iphash_unseen_36,p12_exp_29_dyn_iphash_unseen,dynamic_workload,dynamic_workload,11,24.0,0.022,server-1,15.0,25.0,1,20.0,1.5,15.0,25.0,0,20.0,1.5,15.0,25.0,0,20.0,1.5,1,server-1,1,server-1,1,server-1,1,server-1,1,server-1,SVM,5
p12_exp_29_dyn_iphash_unseen_37,p12_exp_29_dyn_iphash_unseen,dynamic_workload,dynamic_workload,11,24.0,0.022,server-1,15.0,25.0,1,20.0,1.5,15.0,25.0,0,20.0,1.5,15.0,25.0,0,20.0,1.5,1,server-1,1,server-1,1,server-1,1,server-1,1,server-1,SVM,5
p12_exp_29_dyn_iphash_unseen_38,p12_exp_29_dyn_iphash_unseen,dynamic_workload,dynamic_workload,11,24.0,0.022,server-1,15.0,25.0,1,20.0,1.5,15.0,25.0,0,20.0,1.5,15.0,25.0,0,20.0,1.5,1,server-1,1,server-1,1,server-1,1,server-1,1,server-1,SVM,5
p12_exp_29_dyn_iphash_unseen_39,p12_exp_29_dyn_iphash_unseen,dynamic_workload,dynamic_workload,11,24.0,0.022,server-1,15.0,25.0,1,20.0,1.5,15.0,25.0,0,20.0,1.5,15.0,25.0,0,20.0,1.5,1,server-1,1,server-1,1,server-1,1,server-1,1,server-1,SVM,5
p12_exp_29_dyn_iphash_unseen_40,p12_exp_29_dyn_iphash_unseen,dynamic_workload,dynamic_workload,11,24.0,0.022,server-1,15.0,25.0,1,20.0,1.5,15.0,25.0,0,20.0,1.5,15.0,25.0,0,20.0,1.5,1,server-1,1,server-1,1,server-1,1,server-1,1,server-1,SVM,5
p12_exp_29_dyn_iphash_unseen_41,p12_exp_29_dyn_iphash_unseen,dynamic_workload,dynamic_workload,11,24.0,0.022,server-1,15.0,25.0,1,20.0,1.5,15.0,25.0,0,20.0,1.5,15.0,25.0,0,20.0,1.5,1,server-1,1,server-1,1,server-1,1,server-1,1,server-1,SVM,5
p12_exp_29_dyn_iphash_unseen_42,p12_exp_29_dyn_iphash_unseen,dynamic_workload,dynamic_workload,11,24.0,0.022,server-1,15.0,25.0,1,20.0,1.5,15.0,25.0,0,20.0,1.5,15.0,25.0,0,20.0,1.5,1,server-1,1,server-1,1,server-1,1,server-1,1,server-1,SVM,5
p12_exp_29_dyn_iphash_unseen_43,p12_exp_29_dyn_iphash_unseen,dynamic_workload,dynamic_workload,11,24.0,0.022,server-1,15.0,25.0,1,20.0,1.5,15.0,25.0,0,20.0,1.5,15.0,25.0,0,20.0,1.5,1,server-1,1,server-1,1,server-1,1,server-1,1,server-1,SVM,5
p12_exp_29_dyn_iphash_unseen_44,p12_exp_29_dyn_iphash_unseen,dynamic_workload,dynamic_workload,11,24.0,0.022,server-1,15.0,25.0,1,20.0,1.5,15.0,25.0,0,20.0,1.5,15.0,25.0,0,20.0,1.5,1,server-1,1,server-1,1,server-1,1,server-1,1,server-1,SVM,5
p12_exp_29_dyn_iphash_unseen_45,p12_exp_29_dyn_iphash_unseen,dynamic_workload,dynamic_workload,11,24.0,0.022,server-1,15.0,25.0,1,20.0,1.5,15.0,25.0,0,20.0,1.5,15.0,25.0,0,20.0,1.5,1,server-1,1,server-1,1,server-1,1,server-1,1,server-1,SVM,5
p12_exp_30_queue_rr_seen_1,p12_exp_30_queue_rr_seen,queue_contention,queue_contention,16,0.0,0.04,server-2,15.0,25.0,0,20.0,1.5,15.0,25.0,1,20.0,1.5,15.0,25.0,0,20.0,1.5,1,server-2,1,server-2,1,server-2,1,server-2,1,server-2,SVM,5
p12_exp_30_queue_rr_seen_2,p12_exp_30_queue_rr_seen,queue_contention,queue_contention,16,0.0,0.04,server-3,15.0,25.0,0,20.0,1.5,15.0,25.0,0,20.0,1.5,15.0,25.0,1,20.0,1.5,1,server-3,1,server-3,1,server-3,1,server-3,1,server-3,SVM,5
p12_exp_30_queue_rr_seen_3,p12_exp_30_queue_rr_seen,queue_contention,queue_contention,16,0.0,0.04,server-1,15.0,25.0,1,20.0,1.5,15.0,25.0,0,20.0,1.5,15.0,25.0,0,20.0,1.5,1,server-1,1,server-1,1,server-1,1,server-1,1,server-1,SVM,5
p12_exp_30_queue_rr_seen_4,p12_exp_30_queue_rr_seen,queue_contention,queue_contention,16,0.0,0.04,server-2,15.0,25.0,0,20.0,1.5,15.0,25.0,1,20.0,1.5,15.0,25.0,0,20.0,1.5,1,server-2,1,server-2,1,server-2,1,server-2,1,server-2,SVM,5
p12_exp_30_queue_rr_seen_5,p12_exp_30_queue_rr_seen,queue_contention,queue_contention,16,0.0,0.04,server-3,15.0,25.0,0,20.0,1.5,15.0,25.0,0,20.0,1.5,15.0,25.0,1,20.0,1.5,1,server-3,1,server-3,1,server-3,1,server-3,1,server-3,SVM,5
p12_exp_30_queue_rr_seen_6,p12_exp_30_queue_rr_seen,queue_contention,queue_contention,16,0.0,0.04,server-1,15.0,25.0,1,20.0,1.5,15.0,25.0,0,20.0,1.5,15.0,25.0,0,20.0,1.5,1,server-1,1,server-1,1,server-1,1,server-1,1,server-1,SVM,5
p12_exp_30_queue_rr_seen_7,p12_exp_30_queue_rr_seen,queue_contention,queue_contention,16,0.0,0.04,server-2,15.0,25.0,0,20.0,1.5,15.0,25.0,1,20.0,1.5,15.0,25.0,0,20.0,1.5,1,server-2,1,server-2,1,server-2,1,server-2,1,server-2,SVM,5
p12_exp_30_queue_rr_seen_8,p12_exp_30_queue_rr_seen,queue_contention,queue_contention,16,0.0,0.04,server-3,15.0,25.0,0,20.0,1.5,15.0,25.0,0,20.0,1.5,15.0,25.0,1,20.0,1.5,1,server-3,1,server-3,1,server-3,1,server-3,1,server-3,SVM,5
p12_exp_30_queue_rr_seen_9,p12_exp_30_queue_rr_seen,queue_contention,queue_contention,16,0.0,0.04,server-1,15.0,25.0,1,20.0,1.5,15.0,25.0,0,20.0,1.5,15.0,25.0,0,20.0,1.5,1,server-1,1,server-1,1,server-1,1,server-1,1,server-1,SVM,5
p12_exp_30_queue_rr_seen_10,p12_exp_30_queue_rr_seen,queue_contention,queue_contention,16,0.0,0.04,server-2,15.0,25.0,0,20.0,1.5,15.0,25.0,1,20.0,1.5,15.0,25.0,0,20.0,1.5,1,server-2,1,server-2,1,server-2,1,server-2,1,server-2,SVM,5
p12_exp_30_queue_rr_seen_11,p12_exp_30_queue_rr_seen,queue_contention,queue_contention,16,0.0,0.04,server-3,15.0,25.0,0,20.0,1.5,15.0,25.0,0,20.0,1.5,15.0,25.0,1,20.0,1.5,1,server-3,1,server-3,1,server-3,1,server-3,1,server-3,SVM,5
p12_exp_30_queue_rr_seen_12,p12_exp_30_queue_rr_seen,queue_contention,queue_contention,16,0.0,0.04,server-1,15.0,25.0,1,20.0,1.5,15.0,25.0,0,20.0,1.5,15.0,25.0,0,20.0,1.5,1,server-1,1,server-1,1,server-1,1,server-1,1,server-1,SVM,5
p12_exp_30_queue_rr_seen_13,p12_exp_30_queue_rr_seen,queue_contention,queue_contention,16,0.0,0.04,server-2,15.0,25.0,0,20.0,1.5,15.0,25.0,1,20.0,1.5,15.0,25.0,0,20.0,1.5,1,server-2,1,server-2,1,server-2,1,server-2,1,server-2,SVM,5
p12_exp_30_queue_rr_seen_14,p12_exp_30_queue_rr_seen,queue_contention,queue_contention,16,0.0,0.04,server-3,15.0,25.0,0,20.0,1.5,15.0,25.0,0,20.0,1.5,15.0,25.0,1,20.0,1.5,1,server-3,1,server-3,1,server-3,1,server-3,1,server-3,SVM,5
p12_exp_30_queue_rr_seen_15,p12_exp_30_queue_rr_seen,queue_contention,queue_contention,16,0.0,0.04,server-1,15.0,25.0,1,20.0,1.5,15.0,25.0,0,20.0,1.5,15.0,25.0,0,20.0,1.5,1,server-1,1,server-1,1,server-1,1,server-1,1,server-1,SVM,5
p12_exp_30_queue_rr_seen_16,p12_exp_30_queue_rr_seen,queue_contention,queue_contention,16,0.0,0.04,server-2,15.0,25.0,0,20.0,1.5,15.0,25.0,1,20.0,1.5,15.0,25.0,0,20.0,1.5,1,server-2,1,server-2,1,server-2,1,server-2,1,server-2,SVM,5
p12_exp_30_queue_rr_seen_17,p12_exp_30_queue_rr_seen,queue_contention,queue_contention,16,0.0,0.04,server-3,15.0,25.0,0,20.0,1.5,15.0,25.0,0,20.0,1.5,15.0,25.0,1,20.0,1.5,1,server-3,1,server-3,1,server-3,1,server-3,1,server-3,SVM,5
p12_exp_30_queue_rr_seen_18,p12_exp_30_queue_rr_seen,queue_contention,queue_contention,16,0.0,0.04,server-1,15.0,25.0,1,20.0,1.5,15.0,25.0,0,20.0,1.5,15.0,25.0,0,20.0,1.5,1,server-1,1,server-1,1,server-1,1,server-1,1,server-1,SVM,5
p12_exp_30_queue_rr_seen_19,p12_exp_30_queue_rr_seen,queue_contention,queue_contention,16,0.0,0.04,server-2,15.0,25.0,0,20.0,1.5,15.0,25.0,1,20.0,1.5,15.0,25.0,0,20.0,1.5,1,server-2,1,server-2,1,server-2,1,server-2,1,server-2,SVM,5
p12_exp_30_queue_rr_seen_20,p12_exp_30_queue_rr_seen,queue_contention,queue_contention,16,0.0,0.04,server-3,15.0,25.0,0,20.0,1.5,15.0,25.0,0,20.0,1.5,15.0,25.0,1,20.0,1.5,1,server-3,1,server-3,1,server-3,1,server-3,1,server-3,SVM,5
p12_exp_30_queue_rr_seen_21,p12_exp_30_queue_rr_seen,queue_contention,queue_contention,16,0.0,0.04,server-1,15.0,25.0,1,20.0,1.5,15.0,25.0,0,20.0,1.5,15.0,25.0,0,20.0,1.5,1,server-1,1,server-1,1,server-1,1,server-1,1,server-1,SVM,5
p12_exp_30_queue_rr_seen_22,p12_exp_30_queue_rr_seen,queue_contention,queue_contention,16,0.0,0.04,server-2,15.0,25.0,0,20.0,1.5,15.0,25.0,1,20.0,1.5,15.0,25.0,0,20.0,1.5,1,server-2,1,server-2,1,server-2,1,server-2,1,server-2,SVM,5
p12_exp_30_queue_rr_seen_23,p12_exp_30_queue_rr_seen,queue_contention,queue_contention,16,0.0,0.04,server-3,15.0,25.0,0,20.0,1.5,15.0,25.0,0,20.0,1.5,15.0,25.0,1,20.0,1.5,1,server-3,1,server-3,1,server-3,1,server-3,1,server-3,SVM,5
p12_exp_30_queue_rr_seen_24,p12_exp_30_queue_rr_seen,queue_contention,queue_contention,16,0.0,0.04,server-1,15.0,25.0,1,20.0,1.5,15.0,25.0,0,20.0,1.5,15.0,25.0,0,20.0,1.5,1,server-1,1,server-1,1,server-1,1,server-1,1,server-1,SVM,5
p12_exp_30_queue_rr_seen_25,p12_exp_30_queue_rr_seen,queue_contention,queue_contention,16,0.0,0.04,server-3,15.0,25.0,0,20.0,1.5,15.0,25.0,0,20.0,1.5,15.0,25.0,1,20.0,1.5,1,server-3,1,server-3,1,server-3,1,server-3,1,server-3,SVM,5
p12_exp_30_queue_rr_seen_26,p12_exp_30_queue_rr_seen,queue_contention,queue_contention,16,0.0,0.04,server-2,15.0,25.0,0,20.0,1.5,15.0,25.0,1,20.0,1.5,15.0,25.0,0,20.0,1.5,1,server-2,1,server-2,1,server-2,1,server-2,1,server-2,SVM,5
p12_exp_30_queue_rr_seen_27,p12_exp_30_queue_rr_seen,queue_contention,queue_contention,16,0.0,0.04,server-3,15.0,25.0,0,20.0,1.5,15.0,25.0,0,20.0,1.5,15.0,25.0,1,20.0,1.5,1,server-3,1,server-3,1,server-3,1,server-3,1,server-3,SVM,5
p12_exp_30_queue_rr_seen_28,p12_exp_30_queue_rr_seen,queue_contention,queue_contention,16,0.0,0.04,server-1,15.0,25.0,1,20.0,1.5,15.0,25.0,0,20.0,1.5,15.0,25.0,0,20.0,1.5,1,server-1,1,server-1,1,server-1,1,server-1,1,server-1,SVM,5
p12_exp_30_queue_rr_seen_29,p12_exp_30_queue_rr_seen,queue_contention,queue_contention,16,0.0,0.04,server-2,15.0,25.0,0,20.0,1.5,15.0,25.0,1,20.0,1.5,15.0,25.0,0,20.0,1.5,1,server-2,1,server-2,1,server-2,1,server-2,1,server-2,SVM,5
p12_exp_30_queue_rr_seen_30,p12_exp_30_queue_rr_seen,queue_contention,queue_contention,16,0.0,0.04,server-1,15.0,25.0,1,20.0,1.5,15.0,25.0,0,20.0,1.5,15.0,25.0,0,20.0,1.5,1,server-1,1,server-1,1,server-1,1,server-1,1,server-1,SVM,5
p12_exp_30_queue_rr_seen_31,p12_exp_30_queue_rr_seen,queue_contention,queue_contention,16,0.0,0.04,server-3,15.0,25.0,0,20.0,1.5,15.0,25.0,0,20.0,1.5,15.0,25.0,1,20.0,1.5,1,server-3,1,server-3,1,server-3,1,server-3,1,server-3,SVM,5
p12_exp_30_queue_rr_seen_32,p12_exp_30_queue_rr_seen,queue_contention,queue_contention,16,0.0,0.04,server-2,15.0,25.0,0,20.0,1.5,15.0,25.0,1,20.0,1.5,15.0,25.0,0,20.0,1.5,1,server-2,1,server-2,1,server-2,1,server-2,1,server-2,SVM,5
p12_exp_30_queue_rr_seen_33,p12_exp_30_queue_rr_seen,queue_contention,queue_contention,16,0.0,0.04,server-1,15.0,25.0,1,20.0,1.5,15.0,25.0,0,20.0,1.5,15.0,25.0,0,20.0,1.5,1,server-1,1,server-1,1,server-1,1,server-1,1,server-1,SVM,5
p12_exp_30_queue_rr_seen_34,p12_exp_30_queue_rr_seen,queue_contention,queue_contention,16,0.0,0.04,server-2,15.0,25.0,0,20.0,1.5,15.0,25.0,1,20.0,1.5,15.0,25.0,0,20.0,1.5,1,server-2,1,server-2,1,server-2,1,server-2,1,server-2,SVM,5
p12_exp_30_queue_rr_seen_35,p12_exp_30_queue_rr_seen,queue_contention,queue_contention,16,0.0,0.04,server-3,15.0,25.0,0,20.0,1.5,15.0,25.0,0,20.0,1.5,15.0,25.0,1,20.0,1.5,1,server-3,1,server-3,1,server-3,1,server-3,1,server-3,SVM,5
p12_exp_30_queue_rr_seen_36,p12_exp_30_queue_rr_seen,queue_contention,queue_contention,16,0.0,0.04,server-1,15.0,25.0,1,20.0,1.5,15.0,25.0,0,20.0,1.5,15.0,25.0,0,20.0,1.5,1,server-1,1,server-1,1,server-1,1,server-1,1,server-1,SVM,5
p12_exp_30_queue_rr_seen_37,p12_exp_30_queue_rr_seen,queue_contention,queue_contention,16,0.0,0.04,server-2,15.0,25.0,0,20.0,1.5,15.0,25.0,1,20.0,1.5,15.0,25.0,0,20.0,1.5,1,server-2,1,server-2,1,server-2,1,server-2,1,server-2,SVM,5
p12_exp_30_queue_rr_seen_38,p12_exp_30_queue_rr_seen,queue_contention,queue_contention,16,0.0,0.04,server-3,15.0,25.0,0,20.0,1.5,15.0,25.0,0,20.0,1.5,15.0,25.0,1,20.0,1.5,1,server-3,1,server-3,1,server-3,1,server-3,1,server-3,SVM,5
p12_exp_30_queue_rr_seen_39,p12_exp_30_queue_rr_seen,queue_contention,queue_contention,16,0.0,0.04,server-1,15.0,25.0,1,20.0,1.5,15.0,25.0,0,20.0,1.5,15.0,25.0,0,20.0,1.5,1,server-1,1,server-1,1,server-1,1,server-1,1,server-1,SVM,5
p12_exp_30_queue_rr_seen_40,p12_exp_30_queue_rr_seen,queue_contention,queue_contention,16,0.0,0.04,server-2,15.0,25.0,0,20.0,1.5,15.0,25.0,1,20.0,1.5,15.0,25.0,0,20.0,1.5,1,server-2,1,server-2,1,server-2,1,server-2,1,server-2,SVM,5
p12_exp_30_queue_rr_seen_41,p12_exp_30_queue_rr_seen,queue_contention,queue_contention,16,0.0,0.04,server-3,15.0,25.0,0,20.0,1.5,15.0,25.0,0,20.0,1.5,15.0,25.0,1,20.0,1.5,1,server-3,1,server-3,1,server-3,1,server-3,1,server-3,SVM,5
p12_exp_30_queue_rr_seen_42,p12_exp_30_queue_rr_seen,queue_contention,queue_contention,16,0.0,0.04,server-3,15.0,25.0,0,20.0,1.5,15.0,25.0,0,20.0,1.5,15.0,25.0,1,20.0,1.5,1,server-3,1,server-3,1,server-3,1,server-3,1,server-3,SVM,5
p12_exp_30_queue_rr_seen_43,p12_exp_30_queue_rr_seen,queue_contention,queue_contention,16,0.0,0.04,server-1,15.0,25.0,1,20.0,1.5,15.0,25.0,0,20.0,1.5,15.0,25.0,0,20.0,1.5,1,server-1,1,server-1,1,server-1,1,server-1,1,server-1,SVM,5
p12_exp_30_queue_rr_seen_44,p12_exp_30_queue_rr_seen,queue_contention,queue_contention,16,0.0,0.04,server-2,15.0,25.0,0,20.0,1.5,15.0,25.0,1,20.0,1.5,15.0,25.0,0,20.0,1.5,1,server-2,1,server-2,1,server-2,1,server-2,1,server-2,SVM,5
p12_exp_30_queue_rr_seen_45,p12_exp_30_queue_rr_seen,queue_contention,queue_contention,16,0.0,0.04,server-3,15.0,25.0,0,20.0,1.5,15.0,25.0,0,20.0,1.5,15.0,25.0,1,20.0,1.5,1,server-3,1,server-3,1,server-3,1,server-3,1,server-3,SVM,5
p12_exp_30_queue_rr_seen_46,p12_exp_30_queue_rr_seen,queue_contention,queue_contention,16,0.0,0.04,server-1,15.0,25.0,1,20.0,1.5,15.0,25.0,0,20.0,1.5,15.0,25.0,0,20.0,1.5,1,server-1,1,server-1,1,server-1,1,server-1,1,server-1,SVM,5
p12_exp_30_queue_rr_seen_47,p12_exp_30_queue_rr_seen,queue_contention,queue_contention,16,0.0,0.04,server-2,15.0,25.0,0,20.0,1.5,15.0,25.0,1,20.0,1.5,15.0,25.0,0,20.0,1.5,1,server-2,1,server-2,1,server-2,1,server-2,1,server-2,SVM,5
p12_exp_30_queue_rr_seen_48,p12_exp_30_queue_rr_seen,queue_contention,queue_contention,16,0.0,0.04,server-1,15.0,25.0,1,20.0,1.5,15.0,25.0,0,20.0,1.5,15.0,25.0,0,20.0,1.5,1,server-1,1,server-1,1,server-1,1,server-1,1,server-1,SVM,5
p12_exp_30_queue_rr_seen_49,p12_exp_30_queue_rr_seen,queue_contention,queue_contention,16,0.0,0.04,server-2,15.0,25.0,0,20.0,1.5,15.0,25.0,1,20.0,1.5,15.0,25.0,0,20.0,1.5,1,server-2,1,server-2,1,server-2,1,server-2,1,server-2,SVM,5
p12_exp_30_queue_rr_seen_50,p12_exp_30_queue_rr_seen,queue_contention,queue_contention,16,0.0,0.04,server-3,15.0,25.0,0,20.0,1.5,15.0,25.0,0,20.0,1.5,15.0,25.0,1,20.0,1.5,1,server-3,1,server-3,1,server-3,1,server-3,1,server-3,SVM,5
p12_exp_31_queue_lc_seen_1,p12_exp_31_queue_lc_seen,queue_contention,queue_contention,16,0.0,0.04,server-1,15.0,25.0,1,20.0,1.5,15.0,25.0,0,20.0,1.5,15.0,25.0,0,20.0,1.5,1,server-1,1,server-1,1,server-1,1,server-1,1,server-1,SVM,5
p12_exp_31_queue_lc_seen_2,p12_exp_31_queue_lc_seen,queue_contention,queue_contention,16,0.0,0.04,server-2,15.0,25.0,0,20.0,1.5,15.0,25.0,1,20.0,1.5,15.0,25.0,0,20.0,1.5,1,server-2,1,server-2,1,server-2,1,server-2,1,server-2,SVM,5
p12_exp_31_queue_lc_seen_3,p12_exp_31_queue_lc_seen,queue_contention,queue_contention,16,0.0,0.04,server-3,15.0,25.0,0,20.0,1.5,15.0,25.0,0,20.0,1.5,15.0,25.0,1,20.0,1.5,1,server-3,1,server-3,1,server-3,1,server-3,1,server-3,SVM,5
p12_exp_31_queue_lc_seen_4,p12_exp_31_queue_lc_seen,queue_contention,queue_contention,16,0.0,0.04,server-1,15.0,25.0,1,20.0,1.5,15.0,25.0,0,20.0,1.5,15.0,25.0,0,20.0,1.5,1,server-1,1,server-1,1,server-1,1,server-1,1,server-1,SVM,5
p12_exp_31_queue_lc_seen_5,p12_exp_31_queue_lc_seen,queue_contention,queue_contention,16,0.0,0.04,server-2,15.0,25.0,0,20.0,1.5,15.0,25.0,1,20.0,1.5,15.0,25.0,0,20.0,1.5,1,server-2,1,server-2,1,server-2,1,server-2,1,server-2,SVM,5
p12_exp_31_queue_lc_seen_6,p12_exp_31_queue_lc_seen,queue_contention,queue_contention,16,0.0,0.04,server-3,15.0,25.0,0,20.0,1.5,15.0,25.0,0,20.0,1.5,15.0,25.0,1,20.0,1.5,1,server-3,1,server-3,1,server-3,1,server-3,1,server-3,SVM,5
p12_exp_31_queue_lc_seen_7,p12_exp_31_queue_lc_seen,queue_contention,queue_contention,16,0.0,0.04,server-1,15.0,25.0,1,20.0,1.5,15.0,25.0,0,20.0,1.5,15.0,25.0,0,20.0,1.5,1,server-1,1,server-1,1,server-1,1,server-1,1,server-1,SVM,5
p12_exp_31_queue_lc_seen_8,p12_exp_31_queue_lc_seen,queue_contention,queue_contention,16,0.0,0.04,server-2,15.0,25.0,0,20.0,1.5,15.0,25.0,1,20.0,1.5,15.0,25.0,0,20.0,1.5,1,server-2,1,server-2,1,server-2,1,server-2,1,server-2,SVM,5
p12_exp_31_queue_lc_seen_9,p12_exp_31_queue_lc_seen,queue_contention,queue_contention,16,0.0,0.04,server-3,15.0,25.0,0,20.0,1.5,15.0,25.0,0,20.0,1.5,15.0,25.0,1,20.0,1.5,1,server-3,1,server-3,1,server-3,1,server-3,1,server-3,SVM,5
p12_exp_31_queue_lc_seen_10,p12_exp_31_queue_lc_seen,queue_contention,queue_contention,16,0.0,0.04,server-1,15.0,25.0,1,20.0,1.5,15.0,25.0,0,20.0,1.5,15.0,25.0,0,20.0,1.5,1,server-1,1,server-1,1,server-1,1,server-1,1,server-1,SVM,5
p12_exp_31_queue_lc_seen_11,p12_exp_31_queue_lc_seen,queue_contention,queue_contention,16,0.0,0.04,server-2,15.0,25.0,0,20.0,1.5,15.0,25.0,1,20.0,1.5,15.0,25.0,0,20.0,1.5,1,server-2,1,server-2,1,server-2,1,server-2,1,server-2,SVM,5
p12_exp_31_queue_lc_seen_12,p12_exp_31_queue_lc_seen,queue_contention,queue_contention,16,0.0,0.04,server-3,15.0,25.0,0,20.0,1.5,15.0,25.0,0,20.0,1.5,15.0,25.0,1,20.0,1.5,1,server-3,1,server-3,1,server-3,1,server-3,1,server-3,SVM,5
p12_exp_31_queue_lc_seen_13,p12_exp_31_queue_lc_seen,queue_contention,queue_contention,16,0.0,0.04,server-1,15.0,25.0,1,20.0,1.5,15.0,25.0,0,20.0,1.5,15.0,25.0,0,20.0,1.5,1,server-1,1,server-1,1,server-1,1,server-1,1,server-1,SVM,5
p12_exp_31_queue_lc_seen_14,p12_exp_31_queue_lc_seen,queue_contention,queue_contention,16,0.0,0.04,server-2,15.0,25.0,0,20.0,1.5,15.0,25.0,1,20.0,1.5,15.0,25.0,0,20.0,1.5,1,server-2,1,server-2,1,server-2,1,server-2,1,server-2,SVM,5
p12_exp_31_queue_lc_seen_15,p12_exp_31_queue_lc_seen,queue_contention,queue_contention,16,0.0,0.04,server-3,15.0,25.0,0,20.0,1.5,15.0,25.0,0,20.0,1.5,15.0,25.0,1,20.0,1.5,1,server-3,1,server-3,1,server-3,1,server-3,1,server-3,SVM,5
p12_exp_31_queue_lc_seen_16,p12_exp_31_queue_lc_seen,queue_contention,queue_contention,16,0.0,0.04,server-1,15.0,25.0,1,20.0,1.5,15.0,25.0,0,20.0,1.5,15.0,25.0,0,20.0,1.5,1,server-1,1,server-1,1,server-1,1,server-1,1,server-1,SVM,5
p12_exp_31_queue_lc_seen_17,p12_exp_31_queue_lc_seen,queue_contention,queue_contention,16,0.0,0.04,server-2,15.0,25.0,0,20.0,1.5,15.0,25.0,1,20.0,1.5,15.0,25.0,0,20.0,1.5,1,server-2,1,server-2,1,server-2,1,server-2,1,server-2,SVM,5
p12_exp_31_queue_lc_seen_18,p12_exp_31_queue_lc_seen,queue_contention,queue_contention,16,0.0,0.04,server-2,15.0,25.0,0,20.0,1.5,15.0,25.0,1,20.0,1.5,15.0,25.0,0,20.0,1.5,1,server-2,1,server-2,1,server-2,1,server-2,1,server-2,SVM,5
p12_exp_31_queue_lc_seen_19,p12_exp_31_queue_lc_seen,queue_contention,queue_contention,16,0.0,0.04,server-1,15.0,25.0,1,20.0,1.5,15.0,25.0,0,20.0,1.5,15.0,25.0,0,20.0,1.5,1,server-1,1,server-1,1,server-1,1,server-1,1,server-1,SVM,5
p12_exp_31_queue_lc_seen_20,p12_exp_31_queue_lc_seen,queue_contention,queue_contention,16,0.0,0.04,server-3,15.0,25.0,0,20.0,1.5,15.0,25.0,0,20.0,1.5,15.0,25.0,1,20.0,1.5,1,server-3,1,server-3,1,server-3,1,server-3,1,server-3,SVM,5
p12_exp_31_queue_lc_seen_21,p12_exp_31_queue_lc_seen,queue_contention,queue_contention,16,0.0,0.04,server-3,15.0,25.0,0,20.0,1.5,15.0,25.0,0,20.0,1.5,15.0,25.0,1,20.0,1.5,1,server-3,1,server-3,1,server-3,1,server-3,1,server-3,SVM,5
p12_exp_31_queue_lc_seen_22,p12_exp_31_queue_lc_seen,queue_contention,queue_contention,16,0.0,0.04,server-1,15.0,25.0,1,20.0,1.5,15.0,25.0,0,20.0,1.5,15.0,25.0,0,20.0,1.5,1,server-1,1,server-1,1,server-1,1,server-1,1,server-1,SVM,5
p12_exp_31_queue_lc_seen_23,p12_exp_31_queue_lc_seen,queue_contention,queue_contention,16,0.0,0.04,server-2,15.0,25.0,0,20.0,1.5,15.0,25.0,1,20.0,1.5,15.0,25.0,0,20.0,1.5,1,server-2,1,server-2,1,server-2,1,server-2,1,server-2,SVM,5
p12_exp_31_queue_lc_seen_24,p12_exp_31_queue_lc_seen,queue_contention,queue_contention,16,0.0,0.04,server-1,15.0,25.0,1,20.0,1.5,15.0,25.0,0,20.0,1.5,15.0,25.0,0,20.0,1.5,1,server-1,1,server-1,1,server-1,1,server-1,1,server-1,SVM,5
p12_exp_31_queue_lc_seen_25,p12_exp_31_queue_lc_seen,queue_contention,queue_contention,16,0.0,0.04,server-2,15.0,25.0,0,20.0,1.5,15.0,25.0,1,20.0,1.5,15.0,25.0,0,20.0,1.5,1,server-2,1,server-2,1,server-2,1,server-2,1,server-2,SVM,5
p12_exp_31_queue_lc_seen_26,p12_exp_31_queue_lc_seen,queue_contention,queue_contention,16,0.0,0.04,server-1,15.0,25.0,1,20.0,1.5,15.0,25.0,0,20.0,1.5,15.0,25.0,0,20.0,1.5,1,server-1,1,server-1,1,server-1,1,server-1,1,server-1,SVM,5
p12_exp_31_queue_lc_seen_27,p12_exp_31_queue_lc_seen,queue_contention,queue_contention,16,0.0,0.04,server-3,15.0,25.0,0,20.0,1.5,15.0,25.0,0,20.0,1.5,15.0,25.0,1,20.0,1.5,1,server-3,1,server-3,1,server-3,1,server-3,1,server-3,SVM,5
p12_exp_31_queue_lc_seen_28,p12_exp_31_queue_lc_seen,queue_contention,queue_contention,16,0.0,0.04,server-3,15.0,25.0,0,20.0,1.5,15.0,25.0,0,20.0,1.5,15.0,25.0,1,20.0,1.5,1,server-3,1,server-3,1,server-3,1,server-3,1,server-3,SVM,5
p12_exp_31_queue_lc_seen_29,p12_exp_31_queue_lc_seen,queue_contention,queue_contention,16,0.0,0.04,server-1,15.0,25.0,1,20.0,1.5,15.0,25.0,0,20.0,1.5,15.0,25.0,0,20.0,1.5,1,server-1,1,server-1,1,server-1,1,server-1,1,server-1,SVM,5
p12_exp_31_queue_lc_seen_30,p12_exp_31_queue_lc_seen,queue_contention,queue_contention,16,0.0,0.04,server-2,15.0,25.0,0,20.0,1.5,15.0,25.0,1,20.0,1.5,15.0,25.0,0,20.0,1.5,1,server-2,1,server-2,1,server-2,1,server-2,1,server-2,SVM,5
p12_exp_31_queue_lc_seen_31,p12_exp_31_queue_lc_seen,queue_contention,queue_contention,16,0.0,0.04,server-3,15.0,25.0,0,20.0,1.5,15.0,25.0,0,20.0,1.5,15.0,25.0,1,20.0,1.5,1,server-3,1,server-3,1,server-3,1,server-3,1,server-3,SVM,5
p12_exp_31_queue_lc_seen_32,p12_exp_31_queue_lc_seen,queue_contention,queue_contention,16,0.0,0.04,server-1,15.0,25.0,1,20.0,1.5,15.0,25.0,0,20.0,1.5,15.0,25.0,0,20.0,1.5,1,server-1,1,server-1,1,server-1,1,server-1,1,server-1,SVM,5
p12_exp_31_queue_lc_seen_33,p12_exp_31_queue_lc_seen,queue_contention,queue_contention,16,0.0,0.04,server-1,15.0,25.0,1,20.0,1.5,15.0,25.0,0,20.0,1.5,15.0,25.0,0,20.0,1.5,1,server-1,1,server-1,1,server-1,1,server-1,1,server-1,SVM,5
p12_exp_31_queue_lc_seen_34,p12_exp_31_queue_lc_seen,queue_contention,queue_contention,16,0.0,0.04,server-2,15.0,25.0,0,20.0,1.5,15.0,25.0,1,20.0,1.5,15.0,25.0,0,20.0,1.5,1,server-2,1,server-2,1,server-2,1,server-2,1,server-2,SVM,5
p12_exp_31_queue_lc_seen_35,p12_exp_31_queue_lc_seen,queue_contention,queue_contention,16,0.0,0.04,server-2,15.0,25.0,0,20.0,1.5,15.0,25.0,1,20.0,1.5,15.0,25.0,0,20.0,1.5,1,server-2,1,server-2,1,server-2,1,server-2,1,server-2,SVM,5
p12_exp_31_queue_lc_seen_36,p12_exp_31_queue_lc_seen,queue_contention,queue_contention,16,0.0,0.04,server-3,15.0,25.0,0,20.0,1.5,15.0,25.0,0,20.0,1.5,15.0,25.0,1,20.0,1.5,1,server-3,1,server-3,1,server-3,1,server-3,1,server-3,SVM,5
p12_exp_31_queue_lc_seen_37,p12_exp_31_queue_lc_seen,queue_contention,queue_contention,16,0.0,0.04,server-1,15.0,25.0,1,20.0,1.5,15.0,25.0,0,20.0,1.5,15.0,25.0,0,20.0,1.5,1,server-1,1,server-1,1,server-1,1,server-1,1,server-1,SVM,5
p12_exp_31_queue_lc_seen_38,p12_exp_31_queue_lc_seen,queue_contention,queue_contention,16,0.0,0.04,server-2,15.0,25.0,0,20.0,1.5,15.0,25.0,1,20.0,1.5,15.0,25.0,0,20.0,1.5,1,server-2,1,server-2,1,server-2,1,server-2,1,server-2,SVM,5
p12_exp_31_queue_lc_seen_39,p12_exp_31_queue_lc_seen,queue_contention,queue_contention,16,0.0,0.04,server-3,15.0,25.0,0,20.0,1.5,15.0,25.0,0,20.0,1.5,15.0,25.0,1,20.0,1.5,1,server-3,1,server-3,1,server-3,1,server-3,1,server-3,SVM,5
p12_exp_31_queue_lc_seen_40,p12_exp_31_queue_lc_seen,queue_contention,queue_contention,16,0.0,0.04,server-1,15.0,25.0,1,20.0,1.5,15.0,25.0,0,20.0,1.5,15.0,25.0,0,20.0,1.5,1,server-1,1,server-1,1,server-1,1,server-1,1,server-1,SVM,5
p12_exp_31_queue_lc_seen_41,p12_exp_31_queue_lc_seen,queue_contention,queue_contention,16,0.0,0.04,server-1,15.0,25.0,1,20.0,1.5,15.0,25.0,0,20.0,1.5,15.0,25.0,0,20.0,1.5,1,server-1,1,server-1,1,server-1,1,server-1,1,server-1,SVM,5
p12_exp_31_queue_lc_seen_42,p12_exp_31_queue_lc_seen,queue_contention,queue_contention,16,0.0,0.04,server-2,15.0,25.0,0,20.0,1.5,15.0,25.0,1,20.0,1.5,15.0,25.0,0,20.0,1.5,1,server-2,1,server-2,1,server-2,1,server-2,1,server-2,SVM,5
p12_exp_31_queue_lc_seen_43,p12_exp_31_queue_lc_seen,queue_contention,queue_contention,16,0.0,0.04,server-3,15.0,25.0,0,20.0,1.5,15.0,25.0,0,20.0,1.5,15.0,25.0,1,20.0,1.5,1,server-3,1,server-3,1,server-3,1,server-3,1,server-3,SVM,5
p12_exp_31_queue_lc_seen_44,p12_exp_31_queue_lc_seen,queue_contention,queue_contention,16,0.0,0.04,server-3,15.0,25.0,0,20.0,1.5,15.0,25.0,0,20.0,1.5,15.0,25.0,1,20.0,1.5,1,server-3,1,server-3,1,server-3,1,server-3,1,server-3,SVM,5
p12_exp_31_queue_lc_seen_45,p12_exp_31_queue_lc_seen,queue_contention,queue_contention,16,0.0,0.04,server-3,15.0,25.0,0,20.0,1.5,15.0,25.0,0,20.0,1.5,15.0,25.0,1,20.0,1.5,1,server-3,1,server-3,1,server-3,1,server-3,1,server-3,SVM,5
p12_exp_31_queue_lc_seen_46,p12_exp_31_queue_lc_seen,queue_contention,queue_contention,16,0.0,0.04,server-2,15.0,25.0,0,20.0,1.5,15.0,25.0,1,20.0,1.5,15.0,25.0,0,20.0,1.5,1,server-2,1,server-2,1,server-2,1,server-2,1,server-2,SVM,5
p12_exp_31_queue_lc_seen_47,p12_exp_31_queue_lc_seen,queue_contention,queue_contention,16,0.0,0.04,server-1,15.0,25.0,1,20.0,1.5,15.0,25.0,0,20.0,1.5,15.0,25.0,0,20.0,1.5,1,server-1,1,server-1,1,server-1,1,server-1,1,server-1,SVM,5
p12_exp_31_queue_lc_seen_48,p12_exp_31_queue_lc_seen,queue_contention,queue_contention,16,0.0,0.04,server-1,15.0,25.0,1,20.0,1.5,15.0,25.0,0,20.0,1.5,15.0,25.0,0,20.0,1.5,1,server-1,1,server-1,1,server-1,1,server-1,1,server-1,SVM,5
p12_exp_31_queue_lc_seen_49,p12_exp_31_queue_lc_seen,queue_contention,queue_contention,16,0.0,0.04,server-2,15.0,25.0,0,20.0,1.5,15.0,25.0,1,20.0,1.5,15.0,25.0,0,20.0,1.5,1,server-2,1,server-2,1,server-2,1,server-2,1,server-2,SVM,5
p12_exp_31_queue_lc_seen_50,p12_exp_31_queue_lc_seen,queue_contention,queue_contention,16,0.0,0.04,server-2,15.0,25.0,0,20.0,1.5,15.0,25.0,1,20.0,1.5,15.0,25.0,0,20.0,1.5,1,server-2,1,server-2,1,server-2,1,server-2,1,server-2,SVM,5
p12_exp_32_queue_ml_unseen_1,p12_exp_32_queue_ml_unseen,queue_contention,queue_contention,20,0.0,0.045,server-3,15.0,25.0,0,20.0,1.5,15.0,25.0,0,20.0,1.5,15.0,25.0,1,20.0,1.5,1,server-3,1,server-3,1,server-3,1,server-3,1,server-3,SVM,5
p12_exp_32_queue_ml_unseen_2,p12_exp_32_queue_ml_unseen,queue_contention,queue_contention,20,0.0,0.045,server-3,15.0,25.0,0,20.0,1.5,15.0,25.0,0,20.0,1.5,15.0,25.0,1,20.0,1.5,1,server-3,1,server-3,1,server-3,1,server-3,1,server-3,SVM,5
p12_exp_32_queue_ml_unseen_3,p12_exp_32_queue_ml_unseen,queue_contention,queue_contention,20,0.0,0.045,server-3,15.0,25.0,0,20.0,1.5,15.0,25.0,0,20.0,1.5,15.0,25.0,1,20.0,1.5,1,server-3,1,server-3,1,server-3,1,server-3,1,server-3,SVM,5
p12_exp_32_queue_ml_unseen_4,p12_exp_32_queue_ml_unseen,queue_contention,queue_contention,20,0.0,0.045,server-3,15.0,25.0,0,20.0,1.5,15.0,25.0,0,20.0,1.5,15.0,25.0,1,20.0,1.5,1,server-3,1,server-3,1,server-3,1,server-3,1,server-3,SVM,5
p12_exp_32_queue_ml_unseen_5,p12_exp_32_queue_ml_unseen,queue_contention,queue_contention,20,0.0,0.045,server-3,15.0,25.0,0,20.0,1.5,15.0,25.0,0,20.0,1.5,15.0,25.0,1,20.0,1.5,1,server-3,1,server-3,1,server-3,1,server-3,1,server-3,SVM,5
p12_exp_32_queue_ml_unseen_6,p12_exp_32_queue_ml_unseen,queue_contention,queue_contention,20,0.0,0.045,server-3,15.0,25.0,0,20.0,1.5,15.0,25.0,0,20.0,1.5,15.0,25.0,1,20.0,1.5,1,server-3,1,server-3,1,server-3,1,server-3,1,server-3,SVM,5
p12_exp_32_queue_ml_unseen_7,p12_exp_32_queue_ml_unseen,queue_contention,queue_contention,20,0.0,0.045,server-3,15.0,25.0,0,20.0,1.5,15.0,25.0,0,20.0,1.5,15.0,25.0,1,20.0,1.5,1,server-3,1,server-3,1,server-3,1,server-3,1,server-3,SVM,5
p12_exp_32_queue_ml_unseen_8,p12_exp_32_queue_ml_unseen,queue_contention,queue_contention,20,0.0,0.045,server-3,15.0,25.0,0,20.0,1.5,15.0,25.0,0,20.0,1.5,15.0,25.0,1,20.0,1.5,1,server-3,1,server-3,1,server-3,1,server-3,1,server-3,SVM,5
p12_exp_32_queue_ml_unseen_9,p12_exp_32_queue_ml_unseen,queue_contention,queue_contention,20,0.0,0.045,server-3,15.0,25.0,0,20.0,1.5,15.0,25.0,0,20.0,1.5,15.0,25.0,1,20.0,1.5,1,server-3,1,server-3,1,server-3,1,server-3,1,server-3,SVM,5
p12_exp_32_queue_ml_unseen_10,p12_exp_32_queue_ml_unseen,queue_contention,queue_contention,20,0.0,0.045,server-3,15.0,25.0,0,20.0,1.5,15.0,25.0,0,20.0,1.5,15.0,25.0,1,20.0,1.5,1,server-3,1,server-3,1,server-3,1,server-3,1,server-3,SVM,5
p12_exp_32_queue_ml_unseen_11,p12_exp_32_queue_ml_unseen,queue_contention,queue_contention,20,0.0,0.045,server-3,15.0,25.0,0,20.0,1.5,15.0,25.0,0,20.0,1.5,15.0,25.0,1,20.0,1.5,1,server-3,1,server-3,1,server-3,1,server-3,1,server-3,SVM,5
p12_exp_32_queue_ml_unseen_12,p12_exp_32_queue_ml_unseen,queue_contention,queue_contention,20,0.0,0.045,server-3,15.0,25.0,0,20.0,1.5,15.0,25.0,0,20.0,1.5,15.0,25.0,1,20.0,1.5,1,server-3,1,server-3,1,server-3,1,server-3,1,server-3,SVM,5
p12_exp_32_queue_ml_unseen_13,p12_exp_32_queue_ml_unseen,queue_contention,queue_contention,20,0.0,0.045,server-3,15.0,25.0,0,20.0,1.5,15.0,25.0,0,20.0,1.5,15.0,25.0,1,20.0,1.5,1,server-3,1,server-3,1,server-3,1,server-3,1,server-3,SVM,5
p12_exp_32_queue_ml_unseen_14,p12_exp_32_queue_ml_unseen,queue_contention,queue_contention,20,0.0,0.045,server-3,15.0,25.0,0,20.0,1.5,15.0,25.0,0,20.0,1.5,15.0,25.0,1,20.0,1.5,1,server-3,1,server-3,1,server-3,1,server-3,1,server-3,SVM,5
p12_exp_32_queue_ml_unseen_15,p12_exp_32_queue_ml_unseen,queue_contention,queue_contention,20,0.0,0.045,server-3,15.0,25.0,0,20.0,1.5,15.0,25.0,0,20.0,1.5,15.0,25.0,1,20.0,1.5,1,server-3,1,server-3,1,server-3,1,server-3,1,server-3,SVM,5
p12_exp_32_queue_ml_unseen_16,p12_exp_32_queue_ml_unseen,queue_contention,queue_contention,20,0.0,0.045,server-3,15.0,25.0,0,20.0,1.5,15.0,25.0,0,20.0,1.5,15.0,25.0,1,20.0,1.5,1,server-3,1,server-3,1,server-3,1,server-3,1,server-3,SVM,5
p12_exp_32_queue_ml_unseen_17,p12_exp_32_queue_ml_unseen,queue_contention,queue_contention,20,0.0,0.045,server-3,15.0,25.0,0,20.0,1.5,15.0,25.0,0,20.0,1.5,15.0,25.0,1,20.0,1.5,1,server-3,1,server-3,1,server-3,1,server-3,1,server-3,SVM,5
p12_exp_32_queue_ml_unseen_18,p12_exp_32_queue_ml_unseen,queue_contention,queue_contention,20,0.0,0.045,server-3,15.0,25.0,0,20.0,1.5,15.0,25.0,0,20.0,1.5,15.0,25.0,1,20.0,1.5,1,server-3,1,server-3,1,server-3,1,server-3,1,server-3,SVM,5
p12_exp_32_queue_ml_unseen_19,p12_exp_32_queue_ml_unseen,queue_contention,queue_contention,20,0.0,0.045,server-3,15.0,25.0,0,20.0,1.5,15.0,25.0,0,20.0,1.5,15.0,25.0,1,20.0,1.5,1,server-3,1,server-3,1,server-3,1,server-3,1,server-3,SVM,5
p12_exp_32_queue_ml_unseen_20,p12_exp_32_queue_ml_unseen,queue_contention,queue_contention,20,0.0,0.045,server-3,15.0,25.0,0,20.0,1.5,15.0,25.0,0,20.0,1.5,15.0,25.0,1,20.0,1.5,1,server-3,1,server-3,1,server-3,1,server-3,1,server-3,SVM,5
p12_exp_32_queue_ml_unseen_21,p12_exp_32_queue_ml_unseen,queue_contention,queue_contention,20,0.0,0.045,server-3,15.0,25.0,0,20.0,1.5,15.0,25.0,0,20.0,1.5,15.0,25.0,1,20.0,1.5,1,server-3,1,server-3,1,server-3,1,server-3,1,server-3,SVM,5
p12_exp_32_queue_ml_unseen_22,p12_exp_32_queue_ml_unseen,queue_contention,queue_contention,20,0.0,0.045,server-3,15.0,25.0,0,20.0,1.5,15.0,25.0,0,20.0,1.5,15.0,25.0,1,20.0,1.5,1,server-3,1,server-3,1,server-3,1,server-3,1,server-3,SVM,5
p12_exp_32_queue_ml_unseen_23,p12_exp_32_queue_ml_unseen,queue_contention,queue_contention,20,0.0,0.045,server-3,15.0,25.0,0,20.0,1.5,15.0,25.0,0,20.0,1.5,15.0,25.0,1,20.0,1.5,1,server-3,1,server-3,1,server-3,1,server-3,1,server-3,SVM,5
p12_exp_32_queue_ml_unseen_24,p12_exp_32_queue_ml_unseen,queue_contention,queue_contention,20,0.0,0.045,server-3,15.0,25.0,0,20.0,1.5,15.0,25.0,0,20.0,1.5,15.0,25.0,1,20.0,1.5,1,server-3,1,server-3,1,server-3,1,server-3,1,server-3,SVM,5
p12_exp_32_queue_ml_unseen_25,p12_exp_32_queue_ml_unseen,queue_contention,queue_contention,20,0.0,0.045,server-3,15.0,25.0,0,20.0,1.5,15.0,25.0,0,20.0,1.5,15.0,25.0,1,20.0,1.5,1,server-3,1,server-3,1,server-3,1,server-3,1,server-3,SVM,5
p12_exp_32_queue_ml_unseen_26,p12_exp_32_queue_ml_unseen,queue_contention,queue_contention,20,0.0,0.045,server-3,15.0,25.0,0,20.0,1.5,15.0,25.0,0,20.0,1.5,15.0,25.0,1,20.0,1.5,1,server-3,1,server-3,1,server-3,1,server-3,1,server-3,SVM,5
p12_exp_32_queue_ml_unseen_27,p12_exp_32_queue_ml_unseen,queue_contention,queue_contention,20,0.0,0.045,server-3,15.0,25.0,0,20.0,1.5,15.0,25.0,0,20.0,1.5,15.0,25.0,1,20.0,1.5,1,server-3,1,server-3,1,server-3,1,server-3,1,server-3,SVM,5
p12_exp_32_queue_ml_unseen_28,p12_exp_32_queue_ml_unseen,queue_contention,queue_contention,20,0.0,0.045,server-3,15.0,25.0,0,20.0,1.5,15.0,25.0,0,20.0,1.5,15.0,25.0,1,20.0,1.5,1,server-3,1,server-3,1,server-3,1,server-3,1,server-3,SVM,5
p12_exp_32_queue_ml_unseen_29,p12_exp_32_queue_ml_unseen,queue_contention,queue_contention,20,0.0,0.045,server-3,15.0,25.0,0,20.0,1.5,15.0,25.0,0,20.0,1.5,15.0,25.0,1,20.0,1.5,1,server-3,1,server-3,1,server-3,1,server-3,1,server-3,SVM,5
p12_exp_32_queue_ml_unseen_30,p12_exp_32_queue_ml_unseen,queue_contention,queue_contention,20,0.0,0.045,server-3,15.0,25.0,0,20.0,1.5,15.0,25.0,0,20.0,1.5,15.0,25.0,1,20.0,1.5,1,server-3,1,server-3,1,server-3,1,server-3,1,server-3,SVM,5
p12_exp_32_queue_ml_unseen_31,p12_exp_32_queue_ml_unseen,queue_contention,queue_contention,20,0.0,0.045,server-3,15.0,25.0,0,20.0,1.5,15.0,25.0,0,20.0,1.5,15.0,25.0,1,20.0,1.5,1,server-3,1,server-3,1,server-3,1,server-3,1,server-3,SVM,5
p12_exp_32_queue_ml_unseen_32,p12_exp_32_queue_ml_unseen,queue_contention,queue_contention,20,0.0,0.045,server-3,15.0,25.0,0,20.0,1.5,15.0,25.0,0,20.0,1.5,15.0,25.0,1,20.0,1.5,1,server-3,1,server-3,1,server-3,1,server-3,1,server-3,SVM,5
p12_exp_32_queue_ml_unseen_33,p12_exp_32_queue_ml_unseen,queue_contention,queue_contention,20,0.0,0.045,server-3,15.0,25.0,0,20.0,1.5,15.0,25.0,0,20.0,1.5,15.0,25.0,1,20.0,1.5,1,server-3,1,server-3,1,server-3,1,server-3,1,server-3,SVM,5
p12_exp_32_queue_ml_unseen_34,p12_exp_32_queue_ml_unseen,queue_contention,queue_contention,20,0.0,0.045,server-3,15.0,25.0,0,20.0,1.5,15.0,25.0,0,20.0,1.5,15.0,25.0,1,20.0,1.5,1,server-3,1,server-3,1,server-3,1,server-3,1,server-3,SVM,5
p12_exp_32_queue_ml_unseen_35,p12_exp_32_queue_ml_unseen,queue_contention,queue_contention,20,0.0,0.045,server-3,15.0,25.0,0,20.0,1.5,15.0,25.0,0,20.0,1.5,15.0,25.0,1,20.0,1.5,1,server-3,1,server-3,1,server-3,1,server-3,1,server-3,SVM,5
p12_exp_32_queue_ml_unseen_36,p12_exp_32_queue_ml_unseen,queue_contention,queue_contention,20,0.0,0.045,server-3,15.0,25.0,0,20.0,1.5,15.0,25.0,0,20.0,1.5,15.0,25.0,1,20.0,1.5,1,server-3,1,server-3,1,server-3,1,server-3,1,server-3,SVM,5
p12_exp_32_queue_ml_unseen_37,p12_exp_32_queue_ml_unseen,queue_contention,queue_contention,20,0.0,0.045,server-3,15.0,25.0,0,20.0,1.5,15.0,25.0,0,20.0,1.5,15.0,25.0,1,20.0,1.5,1,server-3,1,server-3,1,server-3,1,server-3,1,server-3,SVM,5
p12_exp_32_queue_ml_unseen_38,p12_exp_32_queue_ml_unseen,queue_contention,queue_contention,20,0.0,0.045,server-3,15.0,25.0,0,20.0,1.5,15.0,25.0,0,20.0,1.5,15.0,25.0,1,20.0,1.5,1,server-3,1,server-3,1,server-3,1,server-3,1,server-3,SVM,5
p12_exp_32_queue_ml_unseen_39,p12_exp_32_queue_ml_unseen,queue_contention,queue_contention,20,0.0,0.045,server-3,15.0,25.0,0,20.0,1.5,15.0,25.0,0,20.0,1.5,15.0,25.0,1,20.0,1.5,1,server-3,1,server-3,1,server-3,1,server-3,1,server-3,SVM,5
p12_exp_32_queue_ml_unseen_40,p12_exp_32_queue_ml_unseen,queue_contention,queue_contention,20,0.0,0.045,server-3,15.0,25.0,0,20.0,1.5,15.0,25.0,0,20.0,1.5,15.0,25.0,1,20.0,1.5,1,server-3,1,server-3,1,server-3,1,server-3,1,server-3,SVM,5
p12_exp_32_queue_ml_unseen_41,p12_exp_32_queue_ml_unseen,queue_contention,queue_contention,20,0.0,0.045,server-3,15.0,25.0,0,20.0,1.5,15.0,25.0,0,20.0,1.5,15.0,25.0,1,20.0,1.5,1,server-3,1,server-3,1,server-3,1,server-3,1,server-3,SVM,5
p12_exp_32_queue_ml_unseen_42,p12_exp_32_queue_ml_unseen,queue_contention,queue_contention,20,0.0,0.045,server-3,15.0,25.0,0,20.0,1.5,15.0,25.0,0,20.0,1.5,15.0,25.0,1,20.0,1.5,1,server-3,1,server-3,1,server-3,1,server-3,1,server-3,SVM,5
p12_exp_32_queue_ml_unseen_43,p12_exp_32_queue_ml_unseen,queue_contention,queue_contention,20,0.0,0.045,server-3,15.0,25.0,0,20.0,1.5,15.0,25.0,0,20.0,1.5,15.0,25.0,1,20.0,1.5,1,server-3,1,server-3,1,server-3,1,server-3,1,server-3,SVM,5
p12_exp_32_queue_ml_unseen_44,p12_exp_32_queue_ml_unseen,queue_contention,queue_contention,20,0.0,0.045,server-3,15.0,25.0,0,20.0,1.5,15.0,25.0,0,20.0,1.5,15.0,25.0,1,20.0,1.5,1,server-3,1,server-3,1,server-3,1,server-3,1,server-3,SVM,5
p12_exp_32_queue_ml_unseen_45,p12_exp_32_queue_ml_unseen,queue_contention,queue_contention,20,0.0,0.045,server-3,15.0,25.0,0,20.0,1.5,15.0,25.0,0,20.0,1.5,15.0,25.0,1,20.0,1.5,1,server-3,1,server-3,1,server-3,1,server-3,1,server-3,SVM,5
p12_exp_32_queue_ml_unseen_46,p12_exp_32_queue_ml_unseen,queue_contention,queue_contention,20,0.0,0.045,server-3,15.0,25.0,0,20.0,1.5,15.0,25.0,0,20.0,1.5,15.0,25.0,1,20.0,1.5,1,server-3,1,server-3,1,server-3,1,server-3,1,server-3,SVM,5
p12_exp_32_queue_ml_unseen_47,p12_exp_32_queue_ml_unseen,queue_contention,queue_contention,20,0.0,0.045,server-3,15.0,25.0,0,20.0,1.5,15.0,25.0,0,20.0,1.5,15.0,25.0,1,20.0,1.5,1,server-3,1,server-3,1,server-3,1,server-3,1,server-3,SVM,5
p12_exp_32_queue_ml_unseen_48,p12_exp_32_queue_ml_unseen,queue_contention,queue_contention,20,0.0,0.045,server-3,15.0,25.0,0,20.0,1.5,15.0,25.0,0,20.0,1.5,15.0,25.0,1,20.0,1.5,1,server-3,1,server-3,1,server-3,1,server-3,1,server-3,SVM,5
p12_exp_32_queue_ml_unseen_49,p12_exp_32_queue_ml_unseen,queue_contention,queue_contention,20,0.0,0.045,server-3,15.0,25.0,0,20.0,1.5,15.0,25.0,0,20.0,1.5,15.0,25.0,1,20.0,1.5,1,server-3,1,server-3,1,server-3,1,server-3,1,server-3,SVM,5
p12_exp_32_queue_ml_unseen_50,p12_exp_32_queue_ml_unseen,queue_contention,queue_contention,20,0.0,0.045,server-3,15.0,25.0,0,20.0,1.5,15.0,25.0,0,20.0,1.5,15.0,25.0,1,20.0,1.5,1,server-3,1,server-3,1,server-3,1,server-3,1,server-3,SVM,5
p12_exp_32_queue_ml_unseen_51,p12_exp_32_queue_ml_unseen,queue_contention,queue_contention,20,0.0,0.045,server-3,15.0,25.0,0,20.0,1.5,15.0,25.0,0,20.0,1.5,15.0,25.0,1,20.0,1.5,1,server-3,1,server-3,1,server-3,1,server-3,1,server-3,SVM,5
p12_exp_32_queue_ml_unseen_52,p12_exp_32_queue_ml_unseen,queue_contention,queue_contention,20,0.0,0.045,server-3,15.0,25.0,0,20.0,1.5,15.0,25.0,0,20.0,1.5,15.0,25.0,1,20.0,1.5,1,server-3,1,server-3,1,server-3,1,server-3,1,server-3,SVM,5
p12_exp_32_queue_ml_unseen_53,p12_exp_32_queue_ml_unseen,queue_contention,queue_contention,20,0.0,0.045,server-3,15.0,25.0,0,20.0,1.5,15.0,25.0,0,20.0,1.5,15.0,25.0,1,20.0,1.5,1,server-3,1,server-3,1,server-3,1,server-3,1,server-3,SVM,5
p12_exp_32_queue_ml_unseen_54,p12_exp_32_queue_ml_unseen,queue_contention,queue_contention,20,0.0,0.045,server-3,15.0,25.0,0,20.0,1.5,15.0,25.0,0,20.0,1.5,15.0,25.0,1,20.0,1.5,1,server-3,1,server-3,1,server-3,1,server-3,1,server-3,SVM,5
p12_exp_32_queue_ml_unseen_55,p12_exp_32_queue_ml_unseen,queue_contention,queue_contention,20,0.0,0.045,server-3,15.0,25.0,0,20.0,1.5,15.0,25.0,0,20.0,1.5,15.0,25.0,1,20.0,1.5,1,server-3,1,server-3,1,server-3,1,server-3,1,server-3,SVM,5
p12_exp_33_queue_iphash_unseen_1,p12_exp_33_queue_iphash_unseen,queue_contention,queue_contention,22,0.0,0.045,server-1,15.0,25.0,1,20.0,1.5,15.0,25.0,0,20.0,1.5,15.0,25.0,0,20.0,1.5,1,server-1,1,server-1,1,server-1,1,server-1,1,server-1,SVM,5
p12_exp_33_queue_iphash_unseen_2,p12_exp_33_queue_iphash_unseen,queue_contention,queue_contention,22,0.0,0.045,server-1,15.0,25.0,1,20.0,1.5,15.0,25.0,0,20.0,1.5,15.0,25.0,0,20.0,1.5,1,server-1,1,server-1,1,server-1,1,server-1,1,server-1,SVM,5
p12_exp_33_queue_iphash_unseen_3,p12_exp_33_queue_iphash_unseen,queue_contention,queue_contention,22,0.0,0.045,server-1,15.0,25.0,1,20.0,1.5,15.0,25.0,0,20.0,1.5,15.0,25.0,0,20.0,1.5,1,server-1,1,server-1,1,server-1,1,server-1,1,server-1,SVM,5
p12_exp_33_queue_iphash_unseen_4,p12_exp_33_queue_iphash_unseen,queue_contention,queue_contention,22,0.0,0.045,server-1,15.0,25.0,1,20.0,1.5,15.0,25.0,0,20.0,1.5,15.0,25.0,0,20.0,1.5,1,server-1,1,server-1,1,server-1,1,server-1,1,server-1,SVM,5
p12_exp_33_queue_iphash_unseen_5,p12_exp_33_queue_iphash_unseen,queue_contention,queue_contention,22,0.0,0.045,server-1,15.0,25.0,1,20.0,1.5,15.0,25.0,0,20.0,1.5,15.0,25.0,0,20.0,1.5,1,server-1,1,server-1,1,server-1,1,server-1,1,server-1,SVM,5
p12_exp_33_queue_iphash_unseen_6,p12_exp_33_queue_iphash_unseen,queue_contention,queue_contention,22,0.0,0.045,server-1,15.0,25.0,1,20.0,1.5,15.0,25.0,0,20.0,1.5,15.0,25.0,0,20.0,1.5,1,server-1,1,server-1,1,server-1,1,server-1,1,server-1,SVM,5
p12_exp_33_queue_iphash_unseen_7,p12_exp_33_queue_iphash_unseen,queue_contention,queue_contention,22,0.0,0.045,server-1,15.0,25.0,1,20.0,1.5,15.0,25.0,0,20.0,1.5,15.0,25.0,0,20.0,1.5,1,server-1,1,server-1,1,server-1,1,server-1,1,server-1,SVM,5
p12_exp_33_queue_iphash_unseen_8,p12_exp_33_queue_iphash_unseen,queue_contention,queue_contention,22,0.0,0.045,server-1,15.0,25.0,1,20.0,1.5,15.0,25.0,0,20.0,1.5,15.0,25.0,0,20.0,1.5,1,server-1,1,server-1,1,server-1,1,server-1,1,server-1,SVM,5
p12_exp_33_queue_iphash_unseen_9,p12_exp_33_queue_iphash_unseen,queue_contention,queue_contention,22,0.0,0.045,server-1,15.0,25.0,1,20.0,1.5,15.0,25.0,0,20.0,1.5,15.0,25.0,0,20.0,1.5,1,server-1,1,server-1,1,server-1,1,server-1,1,server-1,SVM,5
p12_exp_33_queue_iphash_unseen_10,p12_exp_33_queue_iphash_unseen,queue_contention,queue_contention,22,0.0,0.045,server-1,15.0,25.0,1,20.0,1.5,15.0,25.0,0,20.0,1.5,15.0,25.0,0,20.0,1.5,1,server-1,1,server-1,1,server-1,1,server-1,1,server-1,SVM,5
p12_exp_33_queue_iphash_unseen_11,p12_exp_33_queue_iphash_unseen,queue_contention,queue_contention,22,0.0,0.045,server-1,15.0,25.0,1,20.0,1.5,15.0,25.0,0,20.0,1.5,15.0,25.0,0,20.0,1.5,1,server-1,1,server-1,1,server-1,1,server-1,1,server-1,SVM,5
p12_exp_33_queue_iphash_unseen_12,p12_exp_33_queue_iphash_unseen,queue_contention,queue_contention,22,0.0,0.045,server-1,15.0,25.0,1,20.0,1.5,15.0,25.0,0,20.0,1.5,15.0,25.0,0,20.0,1.5,1,server-1,1,server-1,1,server-1,1,server-1,1,server-1,SVM,5
p12_exp_33_queue_iphash_unseen_13,p12_exp_33_queue_iphash_unseen,queue_contention,queue_contention,22,0.0,0.045,server-1,15.0,25.0,1,20.0,1.5,15.0,25.0,0,20.0,1.5,15.0,25.0,0,20.0,1.5,1,server-1,1,server-1,1,server-1,1,server-1,1,server-1,SVM,5
p12_exp_33_queue_iphash_unseen_14,p12_exp_33_queue_iphash_unseen,queue_contention,queue_contention,22,0.0,0.045,server-1,15.0,25.0,1,20.0,1.5,15.0,25.0,0,20.0,1.5,15.0,25.0,0,20.0,1.5,1,server-1,1,server-1,1,server-1,1,server-1,1,server-1,SVM,5
p12_exp_33_queue_iphash_unseen_15,p12_exp_33_queue_iphash_unseen,queue_contention,queue_contention,22,0.0,0.045,server-1,15.0,25.0,1,20.0,1.5,15.0,25.0,0,20.0,1.5,15.0,25.0,0,20.0,1.5,1,server-1,1,server-1,1,server-1,1,server-1,1,server-1,SVM,5
p12_exp_33_queue_iphash_unseen_16,p12_exp_33_queue_iphash_unseen,queue_contention,queue_contention,22,0.0,0.045,server-1,15.0,25.0,1,20.0,1.5,15.0,25.0,0,20.0,1.5,15.0,25.0,0,20.0,1.5,1,server-1,1,server-1,1,server-1,1,server-1,1,server-1,SVM,5
p12_exp_33_queue_iphash_unseen_17,p12_exp_33_queue_iphash_unseen,queue_contention,queue_contention,22,0.0,0.045,server-1,15.0,25.0,1,20.0,1.5,15.0,25.0,0,20.0,1.5,15.0,25.0,0,20.0,1.5,1,server-1,1,server-1,1,server-1,1,server-1,1,server-1,SVM,5
p12_exp_33_queue_iphash_unseen_18,p12_exp_33_queue_iphash_unseen,queue_contention,queue_contention,22,0.0,0.045,server-1,15.0,25.0,1,20.0,1.5,15.0,25.0,0,20.0,1.5,15.0,25.0,0,20.0,1.5,1,server-1,1,server-1,1,server-1,1,server-1,1,server-1,SVM,5
p12_exp_33_queue_iphash_unseen_19,p12_exp_33_queue_iphash_unseen,queue_contention,queue_contention,22,0.0,0.045,server-1,15.0,25.0,1,20.0,1.5,15.0,25.0,0,20.0,1.5,15.0,25.0,0,20.0,1.5,1,server-1,1,server-1,1,server-1,1,server-1,1,server-1,SVM,5
p12_exp_33_queue_iphash_unseen_20,p12_exp_33_queue_iphash_unseen,queue_contention,queue_contention,22,0.0,0.045,server-1,15.0,25.0,1,20.0,1.5,15.0,25.0,0,20.0,1.5,15.0,25.0,0,20.0,1.5,1,server-1,1,server-1,1,server-1,1,server-1,1,server-1,SVM,5
p12_exp_33_queue_iphash_unseen_21,p12_exp_33_queue_iphash_unseen,queue_contention,queue_contention,22,0.0,0.045,server-1,15.0,25.0,1,20.0,1.5,15.0,25.0,0,20.0,1.5,15.0,25.0,0,20.0,1.5,1,server-1,1,server-1,1,server-1,1,server-1,1,server-1,SVM,5
p12_exp_33_queue_iphash_unseen_22,p12_exp_33_queue_iphash_unseen,queue_contention,queue_contention,22,0.0,0.045,server-1,15.0,25.0,1,20.0,1.5,15.0,25.0,0,20.0,1.5,15.0,25.0,0,20.0,1.5,1,server-1,1,server-1,1,server-1,1,server-1,1,server-1,SVM,5
p12_exp_33_queue_iphash_unseen_23,p12_exp_33_queue_iphash_unseen,queue_contention,queue_contention,22,0.0,0.045,server-1,15.0,25.0,1,20.0,1.5,15.0,25.0,0,20.0,1.5,15.0,25.0,0,20.0,1.5,1,server-1,1,server-1,1,server-1,1,server-1,1,server-1,SVM,5
p12_exp_33_queue_iphash_unseen_24,p12_exp_33_queue_iphash_unseen,queue_contention,queue_contention,22,0.0,0.045,server-1,15.0,25.0,1,20.0,1.5,15.0,25.0,0,20.0,1.5,15.0,25.0,0,20.0,1.5,1,server-1,1,server-1,1,server-1,1,server-1,1,server-1,SVM,5
p12_exp_33_queue_iphash_unseen_25,p12_exp_33_queue_iphash_unseen,queue_contention,queue_contention,22,0.0,0.045,server-1,15.0,25.0,1,20.0,1.5,15.0,25.0,0,20.0,1.5,15.0,25.0,0,20.0,1.5,1,server-1,1,server-1,1,server-1,1,server-1,1,server-1,SVM,5
p12_exp_33_queue_iphash_unseen_26,p12_exp_33_queue_iphash_unseen,queue_contention,queue_contention,22,0.0,0.045,server-1,15.0,25.0,1,20.0,1.5,15.0,25.0,0,20.0,1.5,15.0,25.0,0,20.0,1.5,1,server-1,1,server-1,1,server-1,1,server-1,1,server-1,SVM,5
p12_exp_33_queue_iphash_unseen_27,p12_exp_33_queue_iphash_unseen,queue_contention,queue_contention,22,0.0,0.045,server-1,15.0,25.0,1,20.0,1.5,15.0,25.0,0,20.0,1.5,15.0,25.0,0,20.0,1.5,1,server-1,1,server-1,1,server-1,1,server-1,1,server-1,SVM,5
p12_exp_33_queue_iphash_unseen_28,p12_exp_33_queue_iphash_unseen,queue_contention,queue_contention,22,0.0,0.045,server-1,15.0,25.0,1,20.0,1.5,15.0,25.0,0,20.0,1.5,15.0,25.0,0,20.0,1.5,1,server-1,1,server-1,1,server-1,1,server-1,1,server-1,SVM,5
p12_exp_33_queue_iphash_unseen_29,p12_exp_33_queue_iphash_unseen,queue_contention,queue_contention,22,0.0,0.045,server-1,15.0,25.0,1,20.0,1.5,15.0,25.0,0,20.0,1.5,15.0,25.0,0,20.0,1.5,1,server-1,1,server-1,1,server-1,1,server-1,1,server-1,SVM,5
p12_exp_33_queue_iphash_unseen_30,p12_exp_33_queue_iphash_unseen,queue_contention,queue_contention,22,0.0,0.045,server-1,15.0,25.0,1,20.0,1.5,15.0,25.0,0,20.0,1.5,15.0,25.0,0,20.0,1.5,1,server-1,1,server-1,1,server-1,1,server-1,1,server-1,SVM,5
p12_exp_33_queue_iphash_unseen_31,p12_exp_33_queue_iphash_unseen,queue_contention,queue_contention,22,0.0,0.045,server-1,15.0,25.0,1,20.0,1.5,15.0,25.0,0,20.0,1.5,15.0,25.0,0,20.0,1.5,1,server-1,1,server-1,1,server-1,1,server-1,1,server-1,SVM,5
p12_exp_33_queue_iphash_unseen_32,p12_exp_33_queue_iphash_unseen,queue_contention,queue_contention,22,0.0,0.045,server-1,15.0,25.0,1,20.0,1.5,15.0,25.0,0,20.0,1.5,15.0,25.0,0,20.0,1.5,1,server-1,1,server-1,1,server-1,1,server-1,1,server-1,SVM,5
p12_exp_33_queue_iphash_unseen_33,p12_exp_33_queue_iphash_unseen,queue_contention,queue_contention,22,0.0,0.045,server-1,15.0,25.0,1,20.0,1.5,15.0,25.0,0,20.0,1.5,15.0,25.0,0,20.0,1.5,1,server-1,1,server-1,1,server-1,1,server-1,1,server-1,SVM,5
p12_exp_33_queue_iphash_unseen_34,p12_exp_33_queue_iphash_unseen,queue_contention,queue_contention,22,0.0,0.045,server-1,15.0,25.0,1,20.0,1.5,15.0,25.0,0,20.0,1.5,15.0,25.0,0,20.0,1.5,1,server-1,1,server-1,1,server-1,1,server-1,1,server-1,SVM,5
p12_exp_33_queue_iphash_unseen_35,p12_exp_33_queue_iphash_unseen,queue_contention,queue_contention,22,0.0,0.045,server-1,15.0,25.0,1,20.0,1.5,15.0,25.0,0,20.0,1.5,15.0,25.0,0,20.0,1.5,1,server-1,1,server-1,1,server-1,1,server-1,1,server-1,SVM,5
p12_exp_33_queue_iphash_unseen_36,p12_exp_33_queue_iphash_unseen,queue_contention,queue_contention,22,0.0,0.045,server-1,15.0,25.0,1,20.0,1.5,15.0,25.0,0,20.0,1.5,15.0,25.0,0,20.0,1.5,1,server-1,1,server-1,1,server-1,1,server-1,1,server-1,SVM,5
p12_exp_33_queue_iphash_unseen_37,p12_exp_33_queue_iphash_unseen,queue_contention,queue_contention,22,0.0,0.045,server-1,15.0,25.0,1,20.0,1.5,15.0,25.0,0,20.0,1.5,15.0,25.0,0,20.0,1.5,1,server-1,1,server-1,1,server-1,1,server-1,1,server-1,SVM,5
p12_exp_33_queue_iphash_unseen_38,p12_exp_33_queue_iphash_unseen,queue_contention,queue_contention,22,0.0,0.045,server-1,15.0,25.0,1,20.0,1.5,15.0,25.0,0,20.0,1.5,15.0,25.0,0,20.0,1.5,1,server-1,1,server-1,1,server-1,1,server-1,1,server-1,SVM,5
p12_exp_33_queue_iphash_unseen_39,p12_exp_33_queue_iphash_unseen,queue_contention,queue_contention,22,0.0,0.045,server-1,15.0,25.0,1,20.0,1.5,15.0,25.0,0,20.0,1.5,15.0,25.0,0,20.0,1.5,1,server-1,1,server-1,1,server-1,1,server-1,1,server-1,SVM,5
p12_exp_33_queue_iphash_unseen_40,p12_exp_33_queue_iphash_unseen,queue_contention,queue_contention,22,0.0,0.045,server-1,15.0,25.0,1,20.0,1.5,15.0,25.0,0,20.0,1.5,15.0,25.0,0,20.0,1.5,1,server-1,1,server-1,1,server-1,1,server-1,1,server-1,SVM,5
p12_exp_33_queue_iphash_unseen_41,p12_exp_33_queue_iphash_unseen,queue_contention,queue_contention,22,0.0,0.045,server-1,15.0,25.0,1,20.0,1.5,15.0,25.0,0,20.0,1.5,15.0,25.0,0,20.0,1.5,1,server-1,1,server-1,1,server-1,1,server-1,1,server-1,SVM,5
p12_exp_33_queue_iphash_unseen_42,p12_exp_33_queue_iphash_unseen,queue_contention,queue_contention,22,0.0,0.045,server-1,15.0,25.0,1,20.0,1.5,15.0,25.0,0,20.0,1.5,15.0,25.0,0,20.0,1.5,1,server-1,1,server-1,1,server-1,1,server-1,1,server-1,SVM,5
p12_exp_33_queue_iphash_unseen_43,p12_exp_33_queue_iphash_unseen,queue_contention,queue_contention,22,0.0,0.045,server-1,15.0,25.0,1,20.0,1.5,15.0,25.0,0,20.0,1.5,15.0,25.0,0,20.0,1.5,1,server-1,1,server-1,1,server-1,1,server-1,1,server-1,SVM,5
p12_exp_33_queue_iphash_unseen_44,p12_exp_33_queue_iphash_unseen,queue_contention,queue_contention,22,0.0,0.045,server-1,15.0,25.0,1,20.0,1.5,15.0,25.0,0,20.0,1.5,15.0,25.0,0,20.0,1.5,1,server-1,1,server-1,1,server-1,1,server-1,1,server-1,SVM,5
p12_exp_33_queue_iphash_unseen_45,p12_exp_33_queue_iphash_unseen,queue_contention,queue_contention,22,0.0,0.045,server-1,15.0,25.0,1,20.0,1.5,15.0,25.0,0,20.0,1.5,15.0,25.0,0,20.0,1.5,1,server-1,1,server-1,1,server-1,1,server-1,1,server-1,SVM,5
p12_exp_33_queue_iphash_unseen_46,p12_exp_33_queue_iphash_unseen,queue_contention,queue_contention,22,0.0,0.045,server-1,15.0,25.0,1,20.0,1.5,15.0,25.0,0,20.0,1.5,15.0,25.0,0,20.0,1.5,1,server-1,1,server-1,1,server-1,1,server-1,1,server-1,SVM,5
p12_exp_33_queue_iphash_unseen_47,p12_exp_33_queue_iphash_unseen,queue_contention,queue_contention,22,0.0,0.045,server-1,15.0,25.0,1,20.0,1.5,15.0,25.0,0,20.0,1.5,15.0,25.0,0,20.0,1.5,1,server-1,1,server-1,1,server-1,1,server-1,1,server-1,SVM,5
p12_exp_33_queue_iphash_unseen_48,p12_exp_33_queue_iphash_unseen,queue_contention,queue_contention,22,0.0,0.045,server-1,15.0,25.0,1,20.0,1.5,15.0,25.0,0,20.0,1.5,15.0,25.0,0,20.0,1.5,1,server-1,1,server-1,1,server-1,1,server-1,1,server-1,SVM,5
p12_exp_33_queue_iphash_unseen_49,p12_exp_33_queue_iphash_unseen,queue_contention,queue_contention,22,0.0,0.045,server-1,15.0,25.0,1,20.0,1.5,15.0,25.0,0,20.0,1.5,15.0,25.0,0,20.0,1.5,1,server-1,1,server-1,1,server-1,1,server-1,1,server-1,SVM,5
p12_exp_33_queue_iphash_unseen_50,p12_exp_33_queue_iphash_unseen,queue_contention,queue_contention,22,0.0,0.045,server-1,15.0,25.0,1,20.0,1.5,15.0,25.0,0,20.0,1.5,15.0,25.0,0,20.0,1.5,1,server-1,1,server-1,1,server-1,1,server-1,1,server-1,SVM,5
p12_exp_33_queue_iphash_unseen_51,p12_exp_33_queue_iphash_unseen,queue_contention,queue_contention,22,0.0,0.045,server-1,15.0,25.0,1,20.0,1.5,15.0,25.0,0,20.0,1.5,15.0,25.0,0,20.0,1.5,1,server-1,1,server-1,1,server-1,1,server-1,1,server-1,SVM,5
p12_exp_33_queue_iphash_unseen_52,p12_exp_33_queue_iphash_unseen,queue_contention,queue_contention,22,0.0,0.045,server-1,15.0,25.0,1,20.0,1.5,15.0,25.0,0,20.0,1.5,15.0,25.0,0,20.0,1.5,1,server-1,1,server-1,1,server-1,1,server-1,1,server-1,SVM,5
p12_exp_33_queue_iphash_unseen_53,p12_exp_33_queue_iphash_unseen,queue_contention,queue_contention,22,0.0,0.045,server-1,15.0,25.0,1,20.0,1.5,15.0,25.0,0,20.0,1.5,15.0,25.0,0,20.0,1.5,1,server-1,1,server-1,1,server-1,1,server-1,1,server-1,SVM,5
p12_exp_33_queue_iphash_unseen_54,p12_exp_33_queue_iphash_unseen,queue_contention,queue_contention,22,0.0,0.045,server-1,15.0,25.0,1,20.0,1.5,15.0,25.0,0,20.0,1.5,15.0,25.0,0,20.0,1.5,1,server-1,1,server-1,1,server-1,1,server-1,1,server-1,SVM,5
p12_exp_33_queue_iphash_unseen_55,p12_exp_33_queue_iphash_unseen,queue_contention,queue_contention,22,0.0,0.045,server-1,15.0,25.0,1,20.0,1.5,15.0,25.0,0,20.0,1.5,15.0,25.0,0,20.0,1.5,1,server-1,1,server-1,1,server-1,1,server-1,1,server-1,SVM,5
p12_exp_34_imbal_rr_seen_1,p12_exp_34_imbal_rr_seen,backend_imbalance,backend_imbalance,6,10.0,0.03,server-3,25.0,25.0,0,70.0,1.5,15.0,25.0,1,20.0,1.5,15.0,25.0,0,20.0,1.5,0,server-2,1,server-3,1,server-3,1,server-3,1,server-3,SVM,4
p12_exp_34_imbal_rr_seen_2,p12_exp_34_imbal_rr_seen,backend_imbalance,backend_imbalance,6,10.0,0.03,server-2,25.0,25.0,0,70.0,1.5,15.0,25.0,0,20.0,1.5,15.0,25.0,1,20.0,1.5,1,server-2,1,server-2,1,server-2,1,server-2,1,server-2,SVM,5
p12_exp_34_imbal_rr_seen_3,p12_exp_34_imbal_rr_seen,backend_imbalance,backend_imbalance,6,10.0,0.03,server-1,25.0,25.0,1,70.0,1.5,15.0,25.0,0,20.0,1.5,15.0,25.0,0,20.0,1.5,1,server-1,1,server-1,1,server-1,1,server-1,1,server-1,SVM,5
p12_exp_34_imbal_rr_seen_4,p12_exp_34_imbal_rr_seen,backend_imbalance,backend_imbalance,6,10.0,0.03,server-3,25.0,25.0,0,70.0,1.5,15.0,25.0,1,20.0,1.5,15.0,25.0,0,20.0,1.5,0,server-2,1,server-3,1,server-3,1,server-3,1,server-3,SVM,4
p12_exp_34_imbal_rr_seen_5,p12_exp_34_imbal_rr_seen,backend_imbalance,backend_imbalance,6,10.0,0.03,server-2,25.0,25.0,0,70.0,1.5,15.0,25.0,0,20.0,1.5,15.0,25.0,1,20.0,1.5,1,server-2,1,server-2,1,server-2,1,server-2,1,server-2,SVM,5
p12_exp_34_imbal_rr_seen_6,p12_exp_34_imbal_rr_seen,backend_imbalance,backend_imbalance,6,10.0,0.03,server-1,25.0,25.0,1,70.0,1.5,15.0,25.0,0,20.0,1.5,15.0,25.0,0,20.0,1.5,1,server-1,1,server-1,1,server-1,1,server-1,1,server-1,SVM,5
p12_exp_34_imbal_rr_seen_7,p12_exp_34_imbal_rr_seen,backend_imbalance,backend_imbalance,6,10.0,0.03,server-3,25.0,25.0,0,70.0,1.5,15.0,25.0,1,20.0,1.5,15.0,25.0,0,20.0,1.5,0,server-2,1,server-3,1,server-3,1,server-3,1,server-3,SVM,4
p12_exp_34_imbal_rr_seen_8,p12_exp_34_imbal_rr_seen,backend_imbalance,backend_imbalance,6,10.0,0.03,server-2,25.0,25.0,0,70.0,1.5,15.0,25.0,0,20.0,1.5,15.0,25.0,1,20.0,1.5,1,server-2,1,server-2,1,server-2,1,server-2,1,server-2,SVM,5
p12_exp_34_imbal_rr_seen_9,p12_exp_34_imbal_rr_seen,backend_imbalance,backend_imbalance,6,10.0,0.03,server-1,25.0,25.0,1,70.0,1.5,15.0,25.0,0,20.0,1.5,15.0,25.0,0,20.0,1.5,1,server-1,1,server-1,1,server-1,1,server-1,1,server-1,SVM,5
p12_exp_34_imbal_rr_seen_10,p12_exp_34_imbal_rr_seen,backend_imbalance,backend_imbalance,6,10.0,0.03,server-3,25.0,25.0,0,70.0,1.5,15.0,25.0,1,20.0,1.5,15.0,25.0,0,20.0,1.5,0,server-2,1,server-3,1,server-3,1,server-3,1,server-3,SVM,4
p12_exp_34_imbal_rr_seen_11,p12_exp_34_imbal_rr_seen,backend_imbalance,backend_imbalance,6,10.0,0.03,server-2,25.0,25.0,0,70.0,1.5,15.0,25.0,0,20.0,1.5,15.0,25.0,1,20.0,1.5,1,server-2,1,server-2,1,server-2,1,server-2,1,server-2,SVM,5
p12_exp_34_imbal_rr_seen_12,p12_exp_34_imbal_rr_seen,backend_imbalance,backend_imbalance,6,10.0,0.03,server-1,25.0,25.0,1,70.0,1.5,15.0,25.0,0,20.0,1.5,15.0,25.0,0,20.0,1.5,1,server-1,1,server-1,1,server-1,1,server-1,1,server-1,SVM,5
p12_exp_34_imbal_rr_seen_13,p12_exp_34_imbal_rr_seen,backend_imbalance,backend_imbalance,6,10.0,0.03,server-3,25.0,25.0,0,70.0,1.5,15.0,25.0,1,20.0,1.5,15.0,25.0,0,20.0,1.5,0,server-2,1,server-3,1,server-3,1,server-3,1,server-3,SVM,4
p12_exp_34_imbal_rr_seen_14,p12_exp_34_imbal_rr_seen,backend_imbalance,backend_imbalance,6,10.0,0.03,server-2,25.0,25.0,0,70.0,1.5,15.0,25.0,0,20.0,1.5,15.0,25.0,1,20.0,1.5,1,server-2,1,server-2,1,server-2,1,server-2,1,server-2,SVM,5
p12_exp_34_imbal_rr_seen_15,p12_exp_34_imbal_rr_seen,backend_imbalance,backend_imbalance,6,10.0,0.03,server-1,25.0,25.0,1,70.0,1.5,15.0,25.0,0,20.0,1.5,15.0,25.0,0,20.0,1.5,1,server-1,1,server-1,1,server-1,1,server-1,1,server-1,SVM,5
p12_exp_34_imbal_rr_seen_16,p12_exp_34_imbal_rr_seen,backend_imbalance,backend_imbalance,6,10.0,0.03,server-3,25.0,25.0,0,70.0,1.5,15.0,25.0,1,20.0,1.5,15.0,25.0,0,20.0,1.5,0,server-2,1,server-3,1,server-3,1,server-3,1,server-3,SVM,4
p12_exp_34_imbal_rr_seen_17,p12_exp_34_imbal_rr_seen,backend_imbalance,backend_imbalance,6,10.0,0.03,server-2,25.0,25.0,0,70.0,1.5,15.0,25.0,0,20.0,1.5,15.0,25.0,1,20.0,1.5,1,server-2,1,server-2,1,server-2,1,server-2,1,server-2,SVM,5
p12_exp_34_imbal_rr_seen_18,p12_exp_34_imbal_rr_seen,backend_imbalance,backend_imbalance,6,10.0,0.03,server-1,25.0,25.0,1,70.0,1.5,15.0,25.0,0,20.0,1.5,15.0,25.0,0,20.0,1.5,1,server-1,1,server-1,1,server-1,1,server-1,1,server-1,SVM,5
p12_exp_34_imbal_rr_seen_19,p12_exp_34_imbal_rr_seen,backend_imbalance,backend_imbalance,6,10.0,0.03,server-3,25.0,25.0,0,70.0,1.5,15.0,25.0,1,20.0,1.5,15.0,25.0,0,20.0,1.5,0,server-2,1,server-3,1,server-3,1,server-3,1,server-3,SVM,4
p12_exp_34_imbal_rr_seen_20,p12_exp_34_imbal_rr_seen,backend_imbalance,backend_imbalance,6,10.0,0.03,server-2,25.0,25.0,0,70.0,1.5,15.0,25.0,0,20.0,1.5,15.0,25.0,1,20.0,1.5,1,server-2,1,server-2,1,server-2,1,server-2,1,server-2,SVM,5
p12_exp_34_imbal_rr_seen_21,p12_exp_34_imbal_rr_seen,backend_imbalance,backend_imbalance,6,10.0,0.03,server-1,25.0,25.0,1,70.0,1.5,15.0,25.0,0,20.0,1.5,15.0,25.0,0,20.0,1.5,1,server-1,1,server-1,1,server-1,1,server-1,1,server-1,SVM,5
p12_exp_34_imbal_rr_seen_22,p12_exp_34_imbal_rr_seen,backend_imbalance,backend_imbalance,6,10.0,0.03,server-3,25.0,25.0,0,70.0,1.5,15.0,25.0,1,20.0,1.5,15.0,25.0,0,20.0,1.5,0,server-2,1,server-3,1,server-3,1,server-3,1,server-3,SVM,4
p12_exp_34_imbal_rr_seen_23,p12_exp_34_imbal_rr_seen,backend_imbalance,backend_imbalance,6,10.0,0.03,server-2,25.0,25.0,0,70.0,1.5,15.0,25.0,0,20.0,1.5,15.0,25.0,1,20.0,1.5,1,server-2,1,server-2,1,server-2,1,server-2,1,server-2,SVM,5
p12_exp_34_imbal_rr_seen_24,p12_exp_34_imbal_rr_seen,backend_imbalance,backend_imbalance,6,10.0,0.03,server-1,25.0,25.0,1,70.0,1.5,15.0,25.0,0,20.0,1.5,15.0,25.0,0,20.0,1.5,1,server-1,1,server-1,1,server-1,1,server-1,1,server-1,SVM,5
p12_exp_34_imbal_rr_seen_25,p12_exp_34_imbal_rr_seen,backend_imbalance,backend_imbalance,6,10.0,0.03,server-3,25.0,25.0,0,70.0,1.5,15.0,25.0,1,20.0,1.5,15.0,25.0,0,20.0,1.5,0,server-2,1,server-3,1,server-3,1,server-3,1,server-3,SVM,4
p12_exp_34_imbal_rr_seen_26,p12_exp_34_imbal_rr_seen,backend_imbalance,backend_imbalance,6,10.0,0.03,server-2,25.0,25.0,0,70.0,1.5,15.0,25.0,0,20.0,1.5,15.0,25.0,1,20.0,1.5,1,server-2,1,server-2,1,server-2,1,server-2,1,server-2,SVM,5
p12_exp_34_imbal_rr_seen_27,p12_exp_34_imbal_rr_seen,backend_imbalance,backend_imbalance,6,10.0,0.03,server-1,25.0,25.0,1,70.0,1.5,15.0,25.0,0,20.0,1.5,15.0,25.0,0,20.0,1.5,1,server-1,1,server-1,1,server-1,1,server-1,1,server-1,SVM,5
p12_exp_34_imbal_rr_seen_28,p12_exp_34_imbal_rr_seen,backend_imbalance,backend_imbalance,6,10.0,0.03,server-3,25.0,25.0,0,70.0,1.5,15.0,25.0,1,20.0,1.5,15.0,25.0,0,20.0,1.5,0,server-2,1,server-3,1,server-3,1,server-3,1,server-3,SVM,4
p12_exp_34_imbal_rr_seen_29,p12_exp_34_imbal_rr_seen,backend_imbalance,backend_imbalance,6,10.0,0.03,server-2,25.0,25.0,0,70.0,1.5,15.0,25.0,0,20.0,1.5,15.0,25.0,1,20.0,1.5,1,server-2,1,server-2,1,server-2,1,server-2,1,server-2,SVM,5
p12_exp_34_imbal_rr_seen_30,p12_exp_34_imbal_rr_seen,backend_imbalance,backend_imbalance,6,10.0,0.03,server-1,25.0,25.0,1,70.0,1.5,15.0,25.0,0,20.0,1.5,15.0,25.0,0,20.0,1.5,1,server-1,1,server-1,1,server-1,1,server-1,1,server-1,SVM,5
p12_exp_34_imbal_rr_seen_31,p12_exp_34_imbal_rr_seen,backend_imbalance,backend_imbalance,6,10.0,0.03,server-3,25.0,25.0,0,70.0,1.5,15.0,25.0,1,20.0,1.5,15.0,25.0,0,20.0,1.5,0,server-2,1,server-3,1,server-3,1,server-3,1,server-3,SVM,4
p12_exp_34_imbal_rr_seen_32,p12_exp_34_imbal_rr_seen,backend_imbalance,backend_imbalance,6,10.0,0.03,server-2,25.0,25.0,0,70.0,1.5,15.0,25.0,0,20.0,1.5,15.0,25.0,1,20.0,1.5,1,server-2,1,server-2,1,server-2,1,server-2,1,server-2,SVM,5
p12_exp_34_imbal_rr_seen_33,p12_exp_34_imbal_rr_seen,backend_imbalance,backend_imbalance,6,10.0,0.03,server-1,25.0,25.0,1,70.0,1.5,15.0,25.0,0,20.0,1.5,15.0,25.0,0,20.0,1.5,1,server-1,1,server-1,1,server-1,1,server-1,1,server-1,SVM,5
p12_exp_34_imbal_rr_seen_34,p12_exp_34_imbal_rr_seen,backend_imbalance,backend_imbalance,6,10.0,0.03,server-3,25.0,25.0,0,70.0,1.5,15.0,25.0,1,20.0,1.5,15.0,25.0,0,20.0,1.5,0,server-2,1,server-3,1,server-3,1,server-3,1,server-3,SVM,4
p12_exp_34_imbal_rr_seen_35,p12_exp_34_imbal_rr_seen,backend_imbalance,backend_imbalance,6,10.0,0.03,server-2,25.0,25.0,0,70.0,1.5,15.0,25.0,0,20.0,1.5,15.0,25.0,1,20.0,1.5,1,server-2,1,server-2,1,server-2,1,server-2,1,server-2,SVM,5
p12_exp_34_imbal_rr_seen_36,p12_exp_34_imbal_rr_seen,backend_imbalance,backend_imbalance,6,10.0,0.03,server-1,25.0,25.0,1,70.0,1.5,15.0,25.0,0,20.0,1.5,15.0,25.0,0,20.0,1.5,1,server-1,1,server-1,1,server-1,1,server-1,1,server-1,SVM,5
p12_exp_34_imbal_rr_seen_37,p12_exp_34_imbal_rr_seen,backend_imbalance,backend_imbalance,6,10.0,0.03,server-3,25.0,25.0,0,70.0,1.5,15.0,25.0,1,20.0,1.5,15.0,25.0,0,20.0,1.5,0,server-2,1,server-3,1,server-3,1,server-3,1,server-3,SVM,4
p12_exp_34_imbal_rr_seen_38,p12_exp_34_imbal_rr_seen,backend_imbalance,backend_imbalance,6,10.0,0.03,server-2,25.0,25.0,0,70.0,1.5,15.0,25.0,0,20.0,1.5,15.0,25.0,1,20.0,1.5,1,server-2,1,server-2,1,server-2,1,server-2,1,server-2,SVM,5
p12_exp_34_imbal_rr_seen_39,p12_exp_34_imbal_rr_seen,backend_imbalance,backend_imbalance,6,10.0,0.03,server-1,25.0,25.0,1,70.0,1.5,15.0,25.0,0,20.0,1.5,15.0,25.0,0,20.0,1.5,1,server-1,1,server-1,1,server-1,1,server-1,1,server-1,SVM,5
p12_exp_34_imbal_rr_seen_40,p12_exp_34_imbal_rr_seen,backend_imbalance,backend_imbalance,6,10.0,0.03,server-3,25.0,25.0,0,70.0,1.5,15.0,25.0,1,20.0,1.5,15.0,25.0,0,20.0,1.5,0,server-2,1,server-3,1,server-3,1,server-3,1,server-3,SVM,4
p12_exp_35_imbal_lc_seen_1,p12_exp_35_imbal_lc_seen,backend_imbalance,backend_imbalance,6,10.0,0.03,server-3,15.0,25.0,1,20.0,1.5,25.0,25.0,0,70.0,1.5,15.0,25.0,0,20.0,1.5,1,server-3,1,server-3,1,server-3,1,server-3,1,server-3,SVM,5
p12_exp_35_imbal_lc_seen_2,p12_exp_35_imbal_lc_seen,backend_imbalance,backend_imbalance,6,10.0,0.03,server-3,15.0,25.0,1,20.0,1.5,25.0,25.0,0,70.0,1.5,15.0,25.0,0,20.0,1.5,1,server-3,1,server-3,1,server-3,1,server-3,1,server-3,SVM,5
p12_exp_35_imbal_lc_seen_3,p12_exp_35_imbal_lc_seen,backend_imbalance,backend_imbalance,6,10.0,0.03,server-3,15.0,25.0,1,20.0,1.5,25.0,25.0,0,70.0,1.5,15.0,25.0,0,20.0,1.5,1,server-3,1,server-3,1,server-3,1,server-3,1,server-3,SVM,5
p12_exp_35_imbal_lc_seen_4,p12_exp_35_imbal_lc_seen,backend_imbalance,backend_imbalance,6,10.0,0.03,server-3,15.0,25.0,1,20.0,1.5,25.0,25.0,0,70.0,1.5,15.0,25.0,0,20.0,1.5,1,server-3,1,server-3,1,server-3,1,server-3,1,server-3,SVM,5
p12_exp_35_imbal_lc_seen_5,p12_exp_35_imbal_lc_seen,backend_imbalance,backend_imbalance,6,10.0,0.03,server-3,15.0,25.0,1,20.0,1.5,25.0,25.0,0,70.0,1.5,15.0,25.0,0,20.0,1.5,1,server-3,1,server-3,1,server-3,1,server-3,1,server-3,SVM,5
p12_exp_35_imbal_lc_seen_6,p12_exp_35_imbal_lc_seen,backend_imbalance,backend_imbalance,6,10.0,0.03,server-3,15.0,25.0,1,20.0,1.5,25.0,25.0,0,70.0,1.5,15.0,25.0,0,20.0,1.5,1,server-3,1,server-3,1,server-3,1,server-3,1,server-3,SVM,5
p12_exp_35_imbal_lc_seen_7,p12_exp_35_imbal_lc_seen,backend_imbalance,backend_imbalance,6,10.0,0.03,server-3,15.0,25.0,1,20.0,1.5,25.0,25.0,0,70.0,1.5,15.0,25.0,0,20.0,1.5,1,server-3,1,server-3,1,server-3,1,server-3,1,server-3,SVM,5
p12_exp_35_imbal_lc_seen_8,p12_exp_35_imbal_lc_seen,backend_imbalance,backend_imbalance,6,10.0,0.03,server-3,15.0,25.0,1,20.0,1.5,25.0,25.0,0,70.0,1.5,15.0,25.0,0,20.0,1.5,1,server-3,1,server-3,1,server-3,1,server-3,1,server-3,SVM,5
p12_exp_35_imbal_lc_seen_9,p12_exp_35_imbal_lc_seen,backend_imbalance,backend_imbalance,6,10.0,0.03,server-3,15.0,25.0,1,20.0,1.5,25.0,25.0,0,70.0,1.5,15.0,25.0,0,20.0,1.5,1,server-3,1,server-3,1,server-3,1,server-3,1,server-3,SVM,5
p12_exp_35_imbal_lc_seen_10,p12_exp_35_imbal_lc_seen,backend_imbalance,backend_imbalance,6,10.0,0.03,server-3,15.0,25.0,1,20.0,1.5,25.0,25.0,0,70.0,1.5,15.0,25.0,0,20.0,1.5,1,server-3,1,server-3,1,server-3,1,server-3,1,server-3,SVM,5
p12_exp_35_imbal_lc_seen_11,p12_exp_35_imbal_lc_seen,backend_imbalance,backend_imbalance,6,10.0,0.03,server-3,15.0,25.0,1,20.0,1.5,25.0,25.0,0,70.0,1.5,15.0,25.0,0,20.0,1.5,1,server-3,1,server-3,1,server-3,1,server-3,1,server-3,SVM,5
p12_exp_35_imbal_lc_seen_12,p12_exp_35_imbal_lc_seen,backend_imbalance,backend_imbalance,6,10.0,0.03,server-3,15.0,25.0,1,20.0,1.5,25.0,25.0,0,70.0,1.5,15.0,25.0,0,20.0,1.5,1,server-3,1,server-3,1,server-3,1,server-3,1,server-3,SVM,5
p12_exp_35_imbal_lc_seen_13,p12_exp_35_imbal_lc_seen,backend_imbalance,backend_imbalance,6,10.0,0.03,server-3,15.0,25.0,1,20.0,1.5,25.0,25.0,0,70.0,1.5,15.0,25.0,0,20.0,1.5,1,server-3,1,server-3,1,server-3,1,server-3,1,server-3,SVM,5
p12_exp_35_imbal_lc_seen_14,p12_exp_35_imbal_lc_seen,backend_imbalance,backend_imbalance,6,10.0,0.03,server-3,15.0,25.0,1,20.0,1.5,25.0,25.0,0,70.0,1.5,15.0,25.0,0,20.0,1.5,1,server-3,1,server-3,1,server-3,1,server-3,1,server-3,SVM,5
p12_exp_35_imbal_lc_seen_15,p12_exp_35_imbal_lc_seen,backend_imbalance,backend_imbalance,6,10.0,0.03,server-3,15.0,25.0,1,20.0,1.5,25.0,25.0,0,70.0,1.5,15.0,25.0,0,20.0,1.5,1,server-3,1,server-3,1,server-3,1,server-3,1,server-3,SVM,5
p12_exp_35_imbal_lc_seen_16,p12_exp_35_imbal_lc_seen,backend_imbalance,backend_imbalance,6,10.0,0.03,server-3,15.0,25.0,1,20.0,1.5,25.0,25.0,0,70.0,1.5,15.0,25.0,0,20.0,1.5,1,server-3,1,server-3,1,server-3,1,server-3,1,server-3,SVM,5
p12_exp_35_imbal_lc_seen_17,p12_exp_35_imbal_lc_seen,backend_imbalance,backend_imbalance,6,10.0,0.03,server-3,15.0,25.0,1,20.0,1.5,25.0,25.0,0,70.0,1.5,15.0,25.0,0,20.0,1.5,1,server-3,1,server-3,1,server-3,1,server-3,1,server-3,SVM,5
p12_exp_35_imbal_lc_seen_18,p12_exp_35_imbal_lc_seen,backend_imbalance,backend_imbalance,6,10.0,0.03,server-3,15.0,25.0,1,20.0,1.5,25.0,25.0,0,70.0,1.5,15.0,25.0,0,20.0,1.5,1,server-3,1,server-3,1,server-3,1,server-3,1,server-3,SVM,5
p12_exp_35_imbal_lc_seen_19,p12_exp_35_imbal_lc_seen,backend_imbalance,backend_imbalance,6,10.0,0.03,server-3,15.0,25.0,1,20.0,1.5,25.0,25.0,0,70.0,1.5,15.0,25.0,0,20.0,1.5,1,server-3,1,server-3,1,server-3,1,server-3,1,server-3,SVM,5
p12_exp_35_imbal_lc_seen_20,p12_exp_35_imbal_lc_seen,backend_imbalance,backend_imbalance,6,10.0,0.03,server-3,15.0,25.0,1,20.0,1.5,25.0,25.0,0,70.0,1.5,15.0,25.0,0,20.0,1.5,1,server-3,1,server-3,1,server-3,1,server-3,1,server-3,SVM,5
p12_exp_35_imbal_lc_seen_21,p12_exp_35_imbal_lc_seen,backend_imbalance,backend_imbalance,6,10.0,0.03,server-3,15.0,25.0,1,20.0,1.5,25.0,25.0,0,70.0,1.5,15.0,25.0,0,20.0,1.5,1,server-3,1,server-3,1,server-3,1,server-3,1,server-3,SVM,5
p12_exp_35_imbal_lc_seen_22,p12_exp_35_imbal_lc_seen,backend_imbalance,backend_imbalance,6,10.0,0.03,server-3,15.0,25.0,1,20.0,1.5,25.0,25.0,0,70.0,1.5,15.0,25.0,0,20.0,1.5,1,server-3,1,server-3,1,server-3,1,server-3,1,server-3,SVM,5
p12_exp_35_imbal_lc_seen_23,p12_exp_35_imbal_lc_seen,backend_imbalance,backend_imbalance,6,10.0,0.03,server-3,15.0,25.0,1,20.0,1.5,25.0,25.0,0,70.0,1.5,15.0,25.0,0,20.0,1.5,1,server-3,1,server-3,1,server-3,1,server-3,1,server-3,SVM,5
p12_exp_35_imbal_lc_seen_24,p12_exp_35_imbal_lc_seen,backend_imbalance,backend_imbalance,6,10.0,0.03,server-3,15.0,25.0,1,20.0,1.5,25.0,25.0,0,70.0,1.5,15.0,25.0,0,20.0,1.5,1,server-3,1,server-3,1,server-3,1,server-3,1,server-3,SVM,5
p12_exp_35_imbal_lc_seen_25,p12_exp_35_imbal_lc_seen,backend_imbalance,backend_imbalance,6,10.0,0.03,server-3,15.0,25.0,1,20.0,1.5,25.0,25.0,0,70.0,1.5,15.0,25.0,0,20.0,1.5,1,server-3,1,server-3,1,server-3,1,server-3,1,server-3,SVM,5
p12_exp_35_imbal_lc_seen_26,p12_exp_35_imbal_lc_seen,backend_imbalance,backend_imbalance,6,10.0,0.03,server-3,15.0,25.0,1,20.0,1.5,25.0,25.0,0,70.0,1.5,15.0,25.0,0,20.0,1.5,1,server-3,1,server-3,1,server-3,1,server-3,1,server-3,SVM,5
p12_exp_35_imbal_lc_seen_27,p12_exp_35_imbal_lc_seen,backend_imbalance,backend_imbalance,6,10.0,0.03,server-3,15.0,25.0,1,20.0,1.5,25.0,25.0,0,70.0,1.5,15.0,25.0,0,20.0,1.5,1,server-3,1,server-3,1,server-3,1,server-3,1,server-3,SVM,5
p12_exp_35_imbal_lc_seen_28,p12_exp_35_imbal_lc_seen,backend_imbalance,backend_imbalance,6,10.0,0.03,server-3,15.0,25.0,1,20.0,1.5,25.0,25.0,0,70.0,1.5,15.0,25.0,0,20.0,1.5,1,server-3,1,server-3,1,server-3,1,server-3,1,server-3,SVM,5
p12_exp_35_imbal_lc_seen_29,p12_exp_35_imbal_lc_seen,backend_imbalance,backend_imbalance,6,10.0,0.03,server-3,15.0,25.0,1,20.0,1.5,25.0,25.0,0,70.0,1.5,15.0,25.0,0,20.0,1.5,1,server-3,1,server-3,1,server-3,1,server-3,1,server-3,SVM,5
p12_exp_35_imbal_lc_seen_30,p12_exp_35_imbal_lc_seen,backend_imbalance,backend_imbalance,6,10.0,0.03,server-3,15.0,25.0,1,20.0,1.5,25.0,25.0,0,70.0,1.5,15.0,25.0,0,20.0,1.5,1,server-3,1,server-3,1,server-3,1,server-3,1,server-3,SVM,5
p12_exp_35_imbal_lc_seen_31,p12_exp_35_imbal_lc_seen,backend_imbalance,backend_imbalance,6,10.0,0.03,server-3,15.0,25.0,1,20.0,1.5,25.0,25.0,0,70.0,1.5,15.0,25.0,0,20.0,1.5,1,server-3,1,server-3,1,server-3,1,server-3,1,server-3,SVM,5
p12_exp_35_imbal_lc_seen_32,p12_exp_35_imbal_lc_seen,backend_imbalance,backend_imbalance,6,10.0,0.03,server-3,15.0,25.0,1,20.0,1.5,25.0,25.0,0,70.0,1.5,15.0,25.0,0,20.0,1.5,1,server-3,1,server-3,1,server-3,1,server-3,1,server-3,SVM,5
p12_exp_35_imbal_lc_seen_33,p12_exp_35_imbal_lc_seen,backend_imbalance,backend_imbalance,6,10.0,0.03,server-3,15.0,25.0,1,20.0,1.5,25.0,25.0,0,70.0,1.5,15.0,25.0,0,20.0,1.5,1,server-3,1,server-3,1,server-3,1,server-3,1,server-3,SVM,5
p12_exp_35_imbal_lc_seen_34,p12_exp_35_imbal_lc_seen,backend_imbalance,backend_imbalance,6,10.0,0.03,server-3,15.0,25.0,1,20.0,1.5,25.0,25.0,0,70.0,1.5,15.0,25.0,0,20.0,1.5,1,server-3,1,server-3,1,server-3,1,server-3,1,server-3,SVM,5
p12_exp_35_imbal_lc_seen_35,p12_exp_35_imbal_lc_seen,backend_imbalance,backend_imbalance,6,10.0,0.03,server-3,15.0,25.0,1,20.0,1.5,25.0,25.0,0,70.0,1.5,15.0,25.0,0,20.0,1.5,1,server-3,1,server-3,1,server-3,1,server-3,1,server-3,SVM,5
p12_exp_35_imbal_lc_seen_36,p12_exp_35_imbal_lc_seen,backend_imbalance,backend_imbalance,6,10.0,0.03,server-3,15.0,25.0,1,20.0,1.5,25.0,25.0,0,70.0,1.5,15.0,25.0,0,20.0,1.5,1,server-3,1,server-3,1,server-3,1,server-3,1,server-3,SVM,5
p12_exp_35_imbal_lc_seen_37,p12_exp_35_imbal_lc_seen,backend_imbalance,backend_imbalance,6,10.0,0.03,server-3,15.0,25.0,1,20.0,1.5,25.0,25.0,0,70.0,1.5,15.0,25.0,0,20.0,1.5,1,server-3,1,server-3,1,server-3,1,server-3,1,server-3,SVM,5
p12_exp_35_imbal_lc_seen_38,p12_exp_35_imbal_lc_seen,backend_imbalance,backend_imbalance,6,10.0,0.03,server-3,15.0,25.0,1,20.0,1.5,25.0,25.0,0,70.0,1.5,15.0,25.0,0,20.0,1.5,1,server-3,1,server-3,1,server-3,1,server-3,1,server-3,SVM,5
p12_exp_35_imbal_lc_seen_39,p12_exp_35_imbal_lc_seen,backend_imbalance,backend_imbalance,6,10.0,0.03,server-3,15.0,25.0,1,20.0,1.5,25.0,25.0,0,70.0,1.5,15.0,25.0,0,20.0,1.5,1,server-3,1,server-3,1,server-3,1,server-3,1,server-3,SVM,5
p12_exp_35_imbal_lc_seen_40,p12_exp_35_imbal_lc_seen,backend_imbalance,backend_imbalance,6,10.0,0.03,server-3,15.0,25.0,1,20.0,1.5,25.0,25.0,0,70.0,1.5,15.0,25.0,0,20.0,1.5,1,server-3,1,server-3,1,server-3,1,server-3,1,server-3,SVM,5
p12_exp_36_imbal_ml_unseen_1,p12_exp_36_imbal_ml_unseen,backend_imbalance,backend_imbalance,8,12.0,0.035,server-2,25.0,25.0,0,70.0,1.5,15.0,25.0,0,20.0,1.5,15.0,25.0,1,20.0,1.5,1,server-2,1,server-2,1,server-2,1,server-2,1,server-2,SVM,5
p12_exp_36_imbal_ml_unseen_2,p12_exp_36_imbal_ml_unseen,backend_imbalance,backend_imbalance,8,12.0,0.035,server-2,25.0,25.0,0,70.0,1.5,15.0,25.0,0,20.0,1.5,15.0,25.0,1,20.0,1.5,1,server-2,1,server-2,1,server-2,1,server-2,1,server-2,SVM,5
p12_exp_36_imbal_ml_unseen_3,p12_exp_36_imbal_ml_unseen,backend_imbalance,backend_imbalance,8,12.0,0.035,server-2,25.0,25.0,0,70.0,1.5,15.0,25.0,0,20.0,1.5,15.0,25.0,1,20.0,1.5,1,server-2,1,server-2,1,server-2,1,server-2,1,server-2,SVM,5
p12_exp_36_imbal_ml_unseen_4,p12_exp_36_imbal_ml_unseen,backend_imbalance,backend_imbalance,8,12.0,0.035,server-2,25.0,25.0,0,70.0,1.5,15.0,25.0,0,20.0,1.5,15.0,25.0,1,20.0,1.5,1,server-2,1,server-2,1,server-2,1,server-2,1,server-2,SVM,5
p12_exp_36_imbal_ml_unseen_5,p12_exp_36_imbal_ml_unseen,backend_imbalance,backend_imbalance,8,12.0,0.035,server-2,25.0,25.0,0,70.0,1.5,15.0,25.0,0,20.0,1.5,15.0,25.0,1,20.0,1.5,1,server-2,1,server-2,1,server-2,1,server-2,1,server-2,SVM,5
p12_exp_36_imbal_ml_unseen_6,p12_exp_36_imbal_ml_unseen,backend_imbalance,backend_imbalance,8,12.0,0.035,server-2,25.0,25.0,0,70.0,1.5,15.0,25.0,0,20.0,1.5,15.0,25.0,1,20.0,1.5,1,server-2,1,server-2,1,server-2,1,server-2,1,server-2,SVM,5
p12_exp_36_imbal_ml_unseen_7,p12_exp_36_imbal_ml_unseen,backend_imbalance,backend_imbalance,8,12.0,0.035,server-2,25.0,25.0,0,70.0,1.5,15.0,25.0,0,20.0,1.5,15.0,25.0,1,20.0,1.5,1,server-2,1,server-2,1,server-2,1,server-2,1,server-2,SVM,5
p12_exp_36_imbal_ml_unseen_8,p12_exp_36_imbal_ml_unseen,backend_imbalance,backend_imbalance,8,12.0,0.035,server-2,25.0,25.0,0,70.0,1.5,15.0,25.0,0,20.0,1.5,15.0,25.0,1,20.0,1.5,1,server-2,1,server-2,1,server-2,1,server-2,1,server-2,SVM,5
p12_exp_36_imbal_ml_unseen_9,p12_exp_36_imbal_ml_unseen,backend_imbalance,backend_imbalance,8,12.0,0.035,server-2,25.0,25.0,0,70.0,1.5,15.0,25.0,0,20.0,1.5,15.0,25.0,1,20.0,1.5,1,server-2,1,server-2,1,server-2,1,server-2,1,server-2,SVM,5
p12_exp_36_imbal_ml_unseen_10,p12_exp_36_imbal_ml_unseen,backend_imbalance,backend_imbalance,8,12.0,0.035,server-2,25.0,25.0,0,70.0,1.5,15.0,25.0,0,20.0,1.5,15.0,25.0,1,20.0,1.5,1,server-2,1,server-2,1,server-2,1,server-2,1,server-2,SVM,5
p12_exp_36_imbal_ml_unseen_11,p12_exp_36_imbal_ml_unseen,backend_imbalance,backend_imbalance,8,12.0,0.035,server-2,25.0,25.0,0,70.0,1.5,15.0,25.0,0,20.0,1.5,15.0,25.0,1,20.0,1.5,1,server-2,1,server-2,1,server-2,1,server-2,1,server-2,SVM,5
p12_exp_36_imbal_ml_unseen_12,p12_exp_36_imbal_ml_unseen,backend_imbalance,backend_imbalance,8,12.0,0.035,server-2,25.0,25.0,0,70.0,1.5,15.0,25.0,0,20.0,1.5,15.0,25.0,1,20.0,1.5,1,server-2,1,server-2,1,server-2,1,server-2,1,server-2,SVM,5
p12_exp_36_imbal_ml_unseen_13,p12_exp_36_imbal_ml_unseen,backend_imbalance,backend_imbalance,8,12.0,0.035,server-2,25.0,25.0,0,70.0,1.5,15.0,25.0,0,20.0,1.5,15.0,25.0,1,20.0,1.5,1,server-2,1,server-2,1,server-2,1,server-2,1,server-2,SVM,5
p12_exp_36_imbal_ml_unseen_14,p12_exp_36_imbal_ml_unseen,backend_imbalance,backend_imbalance,8,12.0,0.035,server-2,25.0,25.0,0,70.0,1.5,15.0,25.0,0,20.0,1.5,15.0,25.0,1,20.0,1.5,1,server-2,1,server-2,1,server-2,1,server-2,1,server-2,SVM,5
p12_exp_36_imbal_ml_unseen_15,p12_exp_36_imbal_ml_unseen,backend_imbalance,backend_imbalance,8,12.0,0.035,server-2,25.0,25.0,0,70.0,1.5,15.0,25.0,0,20.0,1.5,15.0,25.0,1,20.0,1.5,1,server-2,1,server-2,1,server-2,1,server-2,1,server-2,SVM,5
p12_exp_36_imbal_ml_unseen_16,p12_exp_36_imbal_ml_unseen,backend_imbalance,backend_imbalance,8,12.0,0.035,server-2,25.0,25.0,0,70.0,1.5,15.0,25.0,0,20.0,1.5,15.0,25.0,1,20.0,1.5,1,server-2,1,server-2,1,server-2,1,server-2,1,server-2,SVM,5
p12_exp_36_imbal_ml_unseen_17,p12_exp_36_imbal_ml_unseen,backend_imbalance,backend_imbalance,8,12.0,0.035,server-2,25.0,25.0,0,70.0,1.5,15.0,25.0,0,20.0,1.5,15.0,25.0,1,20.0,1.5,1,server-2,1,server-2,1,server-2,1,server-2,1,server-2,SVM,5
p12_exp_36_imbal_ml_unseen_18,p12_exp_36_imbal_ml_unseen,backend_imbalance,backend_imbalance,8,12.0,0.035,server-2,25.0,25.0,0,70.0,1.5,15.0,25.0,0,20.0,1.5,15.0,25.0,1,20.0,1.5,1,server-2,1,server-2,1,server-2,1,server-2,1,server-2,SVM,5
p12_exp_36_imbal_ml_unseen_19,p12_exp_36_imbal_ml_unseen,backend_imbalance,backend_imbalance,8,12.0,0.035,server-2,25.0,25.0,0,70.0,1.5,15.0,25.0,0,20.0,1.5,15.0,25.0,1,20.0,1.5,1,server-2,1,server-2,1,server-2,1,server-2,1,server-2,SVM,5
p12_exp_36_imbal_ml_unseen_20,p12_exp_36_imbal_ml_unseen,backend_imbalance,backend_imbalance,8,12.0,0.035,server-2,25.0,25.0,0,70.0,1.5,15.0,25.0,0,20.0,1.5,15.0,25.0,1,20.0,1.5,1,server-2,1,server-2,1,server-2,1,server-2,1,server-2,SVM,5
p12_exp_36_imbal_ml_unseen_21,p12_exp_36_imbal_ml_unseen,backend_imbalance,backend_imbalance,8,12.0,0.035,server-2,25.0,25.0,0,70.0,1.5,15.0,25.0,0,20.0,1.5,15.0,25.0,1,20.0,1.5,1,server-2,1,server-2,1,server-2,1,server-2,1,server-2,SVM,5
p12_exp_36_imbal_ml_unseen_22,p12_exp_36_imbal_ml_unseen,backend_imbalance,backend_imbalance,8,12.0,0.035,server-2,25.0,25.0,0,70.0,1.5,15.0,25.0,0,20.0,1.5,15.0,25.0,1,20.0,1.5,1,server-2,1,server-2,1,server-2,1,server-2,1,server-2,SVM,5
p12_exp_36_imbal_ml_unseen_23,p12_exp_36_imbal_ml_unseen,backend_imbalance,backend_imbalance,8,12.0,0.035,server-2,25.0,25.0,0,70.0,1.5,15.0,25.0,0,20.0,1.5,15.0,25.0,1,20.0,1.5,1,server-2,1,server-2,1,server-2,1,server-2,1,server-2,SVM,5
p12_exp_36_imbal_ml_unseen_24,p12_exp_36_imbal_ml_unseen,backend_imbalance,backend_imbalance,8,12.0,0.035,server-2,25.0,25.0,0,70.0,1.5,15.0,25.0,0,20.0,1.5,15.0,25.0,1,20.0,1.5,1,server-2,1,server-2,1,server-2,1,server-2,1,server-2,SVM,5
p12_exp_36_imbal_ml_unseen_25,p12_exp_36_imbal_ml_unseen,backend_imbalance,backend_imbalance,8,12.0,0.035,server-2,25.0,25.0,0,70.0,1.5,15.0,25.0,0,20.0,1.5,15.0,25.0,1,20.0,1.5,1,server-2,1,server-2,1,server-2,1,server-2,1,server-2,SVM,5
p12_exp_36_imbal_ml_unseen_26,p12_exp_36_imbal_ml_unseen,backend_imbalance,backend_imbalance,8,12.0,0.035,server-2,25.0,25.0,0,70.0,1.5,15.0,25.0,0,20.0,1.5,15.0,25.0,1,20.0,1.5,1,server-2,1,server-2,1,server-2,1,server-2,1,server-2,SVM,5
p12_exp_36_imbal_ml_unseen_27,p12_exp_36_imbal_ml_unseen,backend_imbalance,backend_imbalance,8,12.0,0.035,server-2,25.0,25.0,0,70.0,1.5,15.0,25.0,0,20.0,1.5,15.0,25.0,1,20.0,1.5,1,server-2,1,server-2,1,server-2,1,server-2,1,server-2,SVM,5
p12_exp_36_imbal_ml_unseen_28,p12_exp_36_imbal_ml_unseen,backend_imbalance,backend_imbalance,8,12.0,0.035,server-2,25.0,25.0,0,70.0,1.5,15.0,25.0,0,20.0,1.5,15.0,25.0,1,20.0,1.5,1,server-2,1,server-2,1,server-2,1,server-2,1,server-2,SVM,5
p12_exp_36_imbal_ml_unseen_29,p12_exp_36_imbal_ml_unseen,backend_imbalance,backend_imbalance,8,12.0,0.035,server-2,25.0,25.0,0,70.0,1.5,15.0,25.0,0,20.0,1.5,15.0,25.0,1,20.0,1.5,1,server-2,1,server-2,1,server-2,1,server-2,1,server-2,SVM,5
p12_exp_36_imbal_ml_unseen_30,p12_exp_36_imbal_ml_unseen,backend_imbalance,backend_imbalance,8,12.0,0.035,server-2,25.0,25.0,0,70.0,1.5,15.0,25.0,0,20.0,1.5,15.0,25.0,1,20.0,1.5,1,server-2,1,server-2,1,server-2,1,server-2,1,server-2,SVM,5
p12_exp_36_imbal_ml_unseen_31,p12_exp_36_imbal_ml_unseen,backend_imbalance,backend_imbalance,8,12.0,0.035,server-2,25.0,25.0,0,70.0,1.5,15.0,25.0,0,20.0,1.5,15.0,25.0,1,20.0,1.5,1,server-2,1,server-2,1,server-2,1,server-2,1,server-2,SVM,5
p12_exp_36_imbal_ml_unseen_32,p12_exp_36_imbal_ml_unseen,backend_imbalance,backend_imbalance,8,12.0,0.035,server-2,25.0,25.0,0,70.0,1.5,15.0,25.0,0,20.0,1.5,15.0,25.0,1,20.0,1.5,1,server-2,1,server-2,1,server-2,1,server-2,1,server-2,SVM,5
p12_exp_36_imbal_ml_unseen_33,p12_exp_36_imbal_ml_unseen,backend_imbalance,backend_imbalance,8,12.0,0.035,server-2,25.0,25.0,0,70.0,1.5,15.0,25.0,0,20.0,1.5,15.0,25.0,1,20.0,1.5,1,server-2,1,server-2,1,server-2,1,server-2,1,server-2,SVM,5
p12_exp_36_imbal_ml_unseen_34,p12_exp_36_imbal_ml_unseen,backend_imbalance,backend_imbalance,8,12.0,0.035,server-2,25.0,25.0,0,70.0,1.5,15.0,25.0,0,20.0,1.5,15.0,25.0,1,20.0,1.5,1,server-2,1,server-2,1,server-2,1,server-2,1,server-2,SVM,5
p12_exp_36_imbal_ml_unseen_35,p12_exp_36_imbal_ml_unseen,backend_imbalance,backend_imbalance,8,12.0,0.035,server-2,25.0,25.0,0,70.0,1.5,15.0,25.0,0,20.0,1.5,15.0,25.0,1,20.0,1.5,1,server-2,1,server-2,1,server-2,1,server-2,1,server-2,SVM,5
p12_exp_36_imbal_ml_unseen_36,p12_exp_36_imbal_ml_unseen,backend_imbalance,backend_imbalance,8,12.0,0.035,server-2,25.0,25.0,0,70.0,1.5,15.0,25.0,0,20.0,1.5,15.0,25.0,1,20.0,1.5,1,server-2,1,server-2,1,server-2,1,server-2,1,server-2,SVM,5
p12_exp_36_imbal_ml_unseen_37,p12_exp_36_imbal_ml_unseen,backend_imbalance,backend_imbalance,8,12.0,0.035,server-2,25.0,25.0,0,70.0,1.5,15.0,25.0,0,20.0,1.5,15.0,25.0,1,20.0,1.5,1,server-2,1,server-2,1,server-2,1,server-2,1,server-2,SVM,5
p12_exp_36_imbal_ml_unseen_38,p12_exp_36_imbal_ml_unseen,backend_imbalance,backend_imbalance,8,12.0,0.035,server-2,25.0,25.0,0,70.0,1.5,15.0,25.0,0,20.0,1.5,15.0,25.0,1,20.0,1.5,1,server-2,1,server-2,1,server-2,1,server-2,1,server-2,SVM,5
p12_exp_36_imbal_ml_unseen_39,p12_exp_36_imbal_ml_unseen,backend_imbalance,backend_imbalance,8,12.0,0.035,server-2,25.0,25.0,0,70.0,1.5,15.0,25.0,0,20.0,1.5,15.0,25.0,1,20.0,1.5,1,server-2,1,server-2,1,server-2,1,server-2,1,server-2,SVM,5
p12_exp_36_imbal_ml_unseen_40,p12_exp_36_imbal_ml_unseen,backend_imbalance,backend_imbalance,8,12.0,0.035,server-2,25.0,25.0,0,70.0,1.5,15.0,25.0,0,20.0,1.5,15.0,25.0,1,20.0,1.5,1,server-2,1,server-2,1,server-2,1,server-2,1,server-2,SVM,5
p12_exp_36_imbal_ml_unseen_41,p12_exp_36_imbal_ml_unseen,backend_imbalance,backend_imbalance,8,12.0,0.035,server-2,25.0,25.0,0,70.0,1.5,15.0,25.0,0,20.0,1.5,15.0,25.0,1,20.0,1.5,1,server-2,1,server-2,1,server-2,1,server-2,1,server-2,SVM,5
p12_exp_36_imbal_ml_unseen_42,p12_exp_36_imbal_ml_unseen,backend_imbalance,backend_imbalance,8,12.0,0.035,server-2,25.0,25.0,0,70.0,1.5,15.0,25.0,0,20.0,1.5,15.0,25.0,1,20.0,1.5,1,server-2,1,server-2,1,server-2,1,server-2,1,server-2,SVM,5
p12_exp_36_imbal_ml_unseen_43,p12_exp_36_imbal_ml_unseen,backend_imbalance,backend_imbalance,8,12.0,0.035,server-2,25.0,25.0,0,70.0,1.5,15.0,25.0,0,20.0,1.5,15.0,25.0,1,20.0,1.5,1,server-2,1,server-2,1,server-2,1,server-2,1,server-2,SVM,5
p12_exp_36_imbal_ml_unseen_44,p12_exp_36_imbal_ml_unseen,backend_imbalance,backend_imbalance,8,12.0,0.035,server-2,25.0,25.0,0,70.0,1.5,15.0,25.0,0,20.0,1.5,15.0,25.0,1,20.0,1.5,1,server-2,1,server-2,1,server-2,1,server-2,1,server-2,SVM,5
p12_exp_36_imbal_ml_unseen_45,p12_exp_36_imbal_ml_unseen,backend_imbalance,backend_imbalance,8,12.0,0.035,server-2,25.0,25.0,0,70.0,1.5,15.0,25.0,0,20.0,1.5,15.0,25.0,1,20.0,1.5,1,server-2,1,server-2,1,server-2,1,server-2,1,server-2,SVM,5
p12_exp_37_imbal_iphash_unseen_1,p12_exp_37_imbal_iphash_unseen,backend_imbalance,backend_imbalance,8,12.0,0.035,server-2,15.0,25.0,1,20.0,1.5,15.0,25.0,0,20.0,1.5,25.0,25.0,0,70.0,1.5,1,server-2,1,server-2,1,server-2,1,server-2,1,server-2,SVM,5
p12_exp_37_imbal_iphash_unseen_2,p12_exp_37_imbal_iphash_unseen,backend_imbalance,backend_imbalance,8,12.0,0.035,server-2,15.0,25.0,1,20.0,1.5,15.0,25.0,0,20.0,1.5,25.0,25.0,0,70.0,1.5,1,server-2,1,server-2,1,server-2,1,server-2,1,server-2,SVM,5
p12_exp_37_imbal_iphash_unseen_3,p12_exp_37_imbal_iphash_unseen,backend_imbalance,backend_imbalance,8,12.0,0.035,server-2,15.0,25.0,1,20.0,1.5,15.0,25.0,0,20.0,1.5,25.0,25.0,0,70.0,1.5,1,server-2,1,server-2,1,server-2,1,server-2,1,server-2,SVM,5
p12_exp_37_imbal_iphash_unseen_4,p12_exp_37_imbal_iphash_unseen,backend_imbalance,backend_imbalance,8,12.0,0.035,server-2,15.0,25.0,1,20.0,1.5,15.0,25.0,0,20.0,1.5,25.0,25.0,0,70.0,1.5,1,server-2,1,server-2,1,server-2,1,server-2,1,server-2,SVM,5
p12_exp_37_imbal_iphash_unseen_5,p12_exp_37_imbal_iphash_unseen,backend_imbalance,backend_imbalance,8,12.0,0.035,server-2,15.0,25.0,1,20.0,1.5,15.0,25.0,0,20.0,1.5,25.0,25.0,0,70.0,1.5,1,server-2,1,server-2,1,server-2,1,server-2,1,server-2,SVM,5
p12_exp_37_imbal_iphash_unseen_6,p12_exp_37_imbal_iphash_unseen,backend_imbalance,backend_imbalance,8,12.0,0.035,server-2,15.0,25.0,1,20.0,1.5,15.0,25.0,0,20.0,1.5,25.0,25.0,0,70.0,1.5,1,server-2,1,server-2,1,server-2,1,server-2,1,server-2,SVM,5
p12_exp_37_imbal_iphash_unseen_7,p12_exp_37_imbal_iphash_unseen,backend_imbalance,backend_imbalance,8,12.0,0.035,server-2,15.0,25.0,1,20.0,1.5,15.0,25.0,0,20.0,1.5,25.0,25.0,0,70.0,1.5,1,server-2,1,server-2,1,server-2,1,server-2,1,server-2,SVM,5
p12_exp_37_imbal_iphash_unseen_8,p12_exp_37_imbal_iphash_unseen,backend_imbalance,backend_imbalance,8,12.0,0.035,server-2,15.0,25.0,1,20.0,1.5,15.0,25.0,0,20.0,1.5,25.0,25.0,0,70.0,1.5,1,server-2,1,server-2,1,server-2,1,server-2,1,server-2,SVM,5
p12_exp_37_imbal_iphash_unseen_9,p12_exp_37_imbal_iphash_unseen,backend_imbalance,backend_imbalance,8,12.0,0.035,server-2,15.0,25.0,1,20.0,1.5,15.0,25.0,0,20.0,1.5,25.0,25.0,0,70.0,1.5,1,server-2,1,server-2,1,server-2,1,server-2,1,server-2,SVM,5
p12_exp_37_imbal_iphash_unseen_10,p12_exp_37_imbal_iphash_unseen,backend_imbalance,backend_imbalance,8,12.0,0.035,server-2,15.0,25.0,1,20.0,1.5,15.0,25.0,0,20.0,1.5,25.0,25.0,0,70.0,1.5,1,server-2,1,server-2,1,server-2,1,server-2,1,server-2,SVM,5
p12_exp_37_imbal_iphash_unseen_11,p12_exp_37_imbal_iphash_unseen,backend_imbalance,backend_imbalance,8,12.0,0.035,server-2,15.0,25.0,1,20.0,1.5,15.0,25.0,0,20.0,1.5,25.0,25.0,0,70.0,1.5,1,server-2,1,server-2,1,server-2,1,server-2,1,server-2,SVM,5
p12_exp_37_imbal_iphash_unseen_12,p12_exp_37_imbal_iphash_unseen,backend_imbalance,backend_imbalance,8,12.0,0.035,server-2,15.0,25.0,1,20.0,1.5,15.0,25.0,0,20.0,1.5,25.0,25.0,0,70.0,1.5,1,server-2,1,server-2,1,server-2,1,server-2,1,server-2,SVM,5
p12_exp_37_imbal_iphash_unseen_13,p12_exp_37_imbal_iphash_unseen,backend_imbalance,backend_imbalance,8,12.0,0.035,server-2,15.0,25.0,1,20.0,1.5,15.0,25.0,0,20.0,1.5,25.0,25.0,0,70.0,1.5,1,server-2,1,server-2,1,server-2,1,server-2,1,server-2,SVM,5
p12_exp_37_imbal_iphash_unseen_14,p12_exp_37_imbal_iphash_unseen,backend_imbalance,backend_imbalance,8,12.0,0.035,server-2,15.0,25.0,1,20.0,1.5,15.0,25.0,0,20.0,1.5,25.0,25.0,0,70.0,1.5,1,server-2,1,server-2,1,server-2,1,server-2,1,server-2,SVM,5
p12_exp_37_imbal_iphash_unseen_15,p12_exp_37_imbal_iphash_unseen,backend_imbalance,backend_imbalance,8,12.0,0.035,server-2,15.0,25.0,1,20.0,1.5,15.0,25.0,0,20.0,1.5,25.0,25.0,0,70.0,1.5,1,server-2,1,server-2,1,server-2,1,server-2,1,server-2,SVM,5
p12_exp_37_imbal_iphash_unseen_16,p12_exp_37_imbal_iphash_unseen,backend_imbalance,backend_imbalance,8,12.0,0.035,server-2,15.0,25.0,1,20.0,1.5,15.0,25.0,0,20.0,1.5,25.0,25.0,0,70.0,1.5,1,server-2,1,server-2,1,server-2,1,server-2,1,server-2,SVM,5
p12_exp_37_imbal_iphash_unseen_17,p12_exp_37_imbal_iphash_unseen,backend_imbalance,backend_imbalance,8,12.0,0.035,server-2,15.0,25.0,1,20.0,1.5,15.0,25.0,0,20.0,1.5,25.0,25.0,0,70.0,1.5,1,server-2,1,server-2,1,server-2,1,server-2,1,server-2,SVM,5
p12_exp_37_imbal_iphash_unseen_18,p12_exp_37_imbal_iphash_unseen,backend_imbalance,backend_imbalance,8,12.0,0.035,server-2,15.0,25.0,1,20.0,1.5,15.0,25.0,0,20.0,1.5,25.0,25.0,0,70.0,1.5,1,server-2,1,server-2,1,server-2,1,server-2,1,server-2,SVM,5
p12_exp_37_imbal_iphash_unseen_19,p12_exp_37_imbal_iphash_unseen,backend_imbalance,backend_imbalance,8,12.0,0.035,server-2,15.0,25.0,1,20.0,1.5,15.0,25.0,0,20.0,1.5,25.0,25.0,0,70.0,1.5,1,server-2,1,server-2,1,server-2,1,server-2,1,server-2,SVM,5
p12_exp_37_imbal_iphash_unseen_20,p12_exp_37_imbal_iphash_unseen,backend_imbalance,backend_imbalance,8,12.0,0.035,server-2,15.0,25.0,1,20.0,1.5,15.0,25.0,0,20.0,1.5,25.0,25.0,0,70.0,1.5,1,server-2,1,server-2,1,server-2,1,server-2,1,server-2,SVM,5
p12_exp_37_imbal_iphash_unseen_21,p12_exp_37_imbal_iphash_unseen,backend_imbalance,backend_imbalance,8,12.0,0.035,server-2,15.0,25.0,1,20.0,1.5,15.0,25.0,0,20.0,1.5,25.0,25.0,0,70.0,1.5,1,server-2,1,server-2,1,server-2,1,server-2,1,server-2,SVM,5
p12_exp_37_imbal_iphash_unseen_22,p12_exp_37_imbal_iphash_unseen,backend_imbalance,backend_imbalance,8,12.0,0.035,server-2,15.0,25.0,1,20.0,1.5,15.0,25.0,0,20.0,1.5,25.0,25.0,0,70.0,1.5,1,server-2,1,server-2,1,server-2,1,server-2,1,server-2,SVM,5
p12_exp_37_imbal_iphash_unseen_23,p12_exp_37_imbal_iphash_unseen,backend_imbalance,backend_imbalance,8,12.0,0.035,server-2,15.0,25.0,1,20.0,1.5,15.0,25.0,0,20.0,1.5,25.0,25.0,0,70.0,1.5,1,server-2,1,server-2,1,server-2,1,server-2,1,server-2,SVM,5
p12_exp_37_imbal_iphash_unseen_24,p12_exp_37_imbal_iphash_unseen,backend_imbalance,backend_imbalance,8,12.0,0.035,server-2,15.0,25.0,1,20.0,1.5,15.0,25.0,0,20.0,1.5,25.0,25.0,0,70.0,1.5,1,server-2,1,server-2,1,server-2,1,server-2,1,server-2,SVM,5
p12_exp_37_imbal_iphash_unseen_25,p12_exp_37_imbal_iphash_unseen,backend_imbalance,backend_imbalance,8,12.0,0.035,server-2,15.0,25.0,1,20.0,1.5,15.0,25.0,0,20.0,1.5,25.0,25.0,0,70.0,1.5,1,server-2,1,server-2,1,server-2,1,server-2,1,server-2,SVM,5
p12_exp_37_imbal_iphash_unseen_26,p12_exp_37_imbal_iphash_unseen,backend_imbalance,backend_imbalance,8,12.0,0.035,server-2,15.0,25.0,1,20.0,1.5,15.0,25.0,0,20.0,1.5,25.0,25.0,0,70.0,1.5,1,server-2,1,server-2,1,server-2,1,server-2,1,server-2,SVM,5
p12_exp_37_imbal_iphash_unseen_27,p12_exp_37_imbal_iphash_unseen,backend_imbalance,backend_imbalance,8,12.0,0.035,server-2,15.0,25.0,1,20.0,1.5,15.0,25.0,0,20.0,1.5,25.0,25.0,0,70.0,1.5,1,server-2,1,server-2,1,server-2,1,server-2,1,server-2,SVM,5
p12_exp_37_imbal_iphash_unseen_28,p12_exp_37_imbal_iphash_unseen,backend_imbalance,backend_imbalance,8,12.0,0.035,server-2,15.0,25.0,1,20.0,1.5,15.0,25.0,0,20.0,1.5,25.0,25.0,0,70.0,1.5,1,server-2,1,server-2,1,server-2,1,server-2,1,server-2,SVM,5
p12_exp_37_imbal_iphash_unseen_29,p12_exp_37_imbal_iphash_unseen,backend_imbalance,backend_imbalance,8,12.0,0.035,server-2,15.0,25.0,1,20.0,1.5,15.0,25.0,0,20.0,1.5,25.0,25.0,0,70.0,1.5,1,server-2,1,server-2,1,server-2,1,server-2,1,server-2,SVM,5
p12_exp_37_imbal_iphash_unseen_30,p12_exp_37_imbal_iphash_unseen,backend_imbalance,backend_imbalance,8,12.0,0.035,server-2,15.0,25.0,1,20.0,1.5,15.0,25.0,0,20.0,1.5,25.0,25.0,0,70.0,1.5,1,server-2,1,server-2,1,server-2,1,server-2,1,server-2,SVM,5
p12_exp_37_imbal_iphash_unseen_31,p12_exp_37_imbal_iphash_unseen,backend_imbalance,backend_imbalance,8,12.0,0.035,server-2,15.0,25.0,1,20.0,1.5,15.0,25.0,0,20.0,1.5,25.0,25.0,0,70.0,1.5,1,server-2,1,server-2,1,server-2,1,server-2,1,server-2,SVM,5
p12_exp_37_imbal_iphash_unseen_32,p12_exp_37_imbal_iphash_unseen,backend_imbalance,backend_imbalance,8,12.0,0.035,server-2,15.0,25.0,1,20.0,1.5,15.0,25.0,0,20.0,1.5,25.0,25.0,0,70.0,1.5,1,server-2,1,server-2,1,server-2,1,server-2,1,server-2,SVM,5
p12_exp_37_imbal_iphash_unseen_33,p12_exp_37_imbal_iphash_unseen,backend_imbalance,backend_imbalance,8,12.0,0.035,server-2,15.0,25.0,1,20.0,1.5,15.0,25.0,0,20.0,1.5,25.0,25.0,0,70.0,1.5,1,server-2,1,server-2,1,server-2,1,server-2,1,server-2,SVM,5
p12_exp_37_imbal_iphash_unseen_34,p12_exp_37_imbal_iphash_unseen,backend_imbalance,backend_imbalance,8,12.0,0.035,server-2,15.0,25.0,1,20.0,1.5,15.0,25.0,0,20.0,1.5,25.0,25.0,0,70.0,1.5,1,server-2,1,server-2,1,server-2,1,server-2,1,server-2,SVM,5
p12_exp_37_imbal_iphash_unseen_35,p12_exp_37_imbal_iphash_unseen,backend_imbalance,backend_imbalance,8,12.0,0.035,server-2,15.0,25.0,1,20.0,1.5,15.0,25.0,0,20.0,1.5,25.0,25.0,0,70.0,1.5,1,server-2,1,server-2,1,server-2,1,server-2,1,server-2,SVM,5
p12_exp_37_imbal_iphash_unseen_36,p12_exp_37_imbal_iphash_unseen,backend_imbalance,backend_imbalance,8,12.0,0.035,server-2,15.0,25.0,1,20.0,1.5,15.0,25.0,0,20.0,1.5,25.0,25.0,0,70.0,1.5,1,server-2,1,server-2,1,server-2,1,server-2,1,server-2,SVM,5
p12_exp_37_imbal_iphash_unseen_37,p12_exp_37_imbal_iphash_unseen,backend_imbalance,backend_imbalance,8,12.0,0.035,server-2,15.0,25.0,1,20.0,1.5,15.0,25.0,0,20.0,1.5,25.0,25.0,0,70.0,1.5,1,server-2,1,server-2,1,server-2,1,server-2,1,server-2,SVM,5
p12_exp_37_imbal_iphash_unseen_38,p12_exp_37_imbal_iphash_unseen,backend_imbalance,backend_imbalance,8,12.0,0.035,server-2,15.0,25.0,1,20.0,1.5,15.0,25.0,0,20.0,1.5,25.0,25.0,0,70.0,1.5,1,server-2,1,server-2,1,server-2,1,server-2,1,server-2,SVM,5
p12_exp_37_imbal_iphash_unseen_39,p12_exp_37_imbal_iphash_unseen,backend_imbalance,backend_imbalance,8,12.0,0.035,server-2,15.0,25.0,1,20.0,1.5,15.0,25.0,0,20.0,1.5,25.0,25.0,0,70.0,1.5,1,server-2,1,server-2,1,server-2,1,server-2,1,server-2,SVM,5
p12_exp_37_imbal_iphash_unseen_40,p12_exp_37_imbal_iphash_unseen,backend_imbalance,backend_imbalance,8,12.0,0.035,server-2,15.0,25.0,1,20.0,1.5,15.0,25.0,0,20.0,1.5,25.0,25.0,0,70.0,1.5,1,server-2,1,server-2,1,server-2,1,server-2,1,server-2,SVM,5
p12_exp_37_imbal_iphash_unseen_41,p12_exp_37_imbal_iphash_unseen,backend_imbalance,backend_imbalance,8,12.0,0.035,server-2,15.0,25.0,1,20.0,1.5,15.0,25.0,0,20.0,1.5,25.0,25.0,0,70.0,1.5,1,server-2,1,server-2,1,server-2,1,server-2,1,server-2,SVM,5
p12_exp_37_imbal_iphash_unseen_42,p12_exp_37_imbal_iphash_unseen,backend_imbalance,backend_imbalance,8,12.0,0.035,server-2,15.0,25.0,1,20.0,1.5,15.0,25.0,0,20.0,1.5,25.0,25.0,0,70.0,1.5,1,server-2,1,server-2,1,server-2,1,server-2,1,server-2,SVM,5
p12_exp_37_imbal_iphash_unseen_43,p12_exp_37_imbal_iphash_unseen,backend_imbalance,backend_imbalance,8,12.0,0.035,server-2,15.0,25.0,1,20.0,1.5,15.0,25.0,0,20.0,1.5,25.0,25.0,0,70.0,1.5,1,server-2,1,server-2,1,server-2,1,server-2,1,server-2,SVM,5
p12_exp_37_imbal_iphash_unseen_44,p12_exp_37_imbal_iphash_unseen,backend_imbalance,backend_imbalance,8,12.0,0.035,server-2,15.0,25.0,1,20.0,1.5,15.0,25.0,0,20.0,1.5,25.0,25.0,0,70.0,1.5,1,server-2,1,server-2,1,server-2,1,server-2,1,server-2,SVM,5
p12_exp_37_imbal_iphash_unseen_45,p12_exp_37_imbal_iphash_unseen,backend_imbalance,backend_imbalance,8,12.0,0.035,server-2,15.0,25.0,1,20.0,1.5,15.0,25.0,0,20.0,1.5,25.0,25.0,0,70.0,1.5,1,server-2,1,server-2,1,server-2,1,server-2,1,server-2,SVM,5
