experiment_id,phase,regime,workload_scenario,routing_algorithm,config_type,train_test_split,is_priority_subset,seed,request_id,timestamp,request_type,request_duration,concurrency,request_rate,server_1_cpu,server_1_memory,server_1_connections,server_1_response_time,server_1_network_latency,server_1_queue_length,server_2_cpu,server_2_memory,server_2_connections,server_2_response_time,server_2_network_latency,server_2_queue_length,server_3_cpu,server_3_memory,server_3_connections,server_3_response_time,server_3_network_latency,server_3_queue_length,selected_server,ml_predicted_server,ml_confidence,ml_fallback,best_server,actual_response_time,response_time_ms,request_success,status_code,priority,deadline_slack_ms,request_start,request_end
p12_exp_01_low_rr_seen,phase12,low_load,low_load,round_robin,seen_configuration,train,False,42,p12_exp_01_low_rr_seen_1,1788873246.804521,process,0.02,2,6.0,15.0,25.0,0,20.0,1.5,0,15.0,25.0,1,20.0,1.5,0,15.0,25.0,0,20.0,1.5,0,server-2,,,False,server-2,37.699,37.699,True,200,NORMAL,,11362.6357861,11362.6734853
p12_exp_01_low_rr_seen,phase12,low_load,low_load,round_robin,seen_configuration,train,False,42,p12_exp_01_low_rr_seen_2,1788873246.9721642,process,0.02,2,6.0,15.0,25.0,0,20.0,1.5,0,15.0,25.0,0,20.0,1.5,0,15.0,25.0,1,20.0,1.5,0,server-3,,,False,server-3,47.841,47.841,True,200,NORMAL,,11362.8029958,11362.8508372
p12_exp_01_low_rr_seen,phase12,low_load,low_load,round_robin,seen_configuration,train,False,42,p12_exp_01_low_rr_seen_3,1788873247.1394522,process,0.02,2,6.0,15.0,25.0,1,20.0,1.5,0,15.0,25.0,0,20.0,1.5,0,15.0,25.0,0,20.0,1.5,0,server-1,,,False,server-1,48.488,48.488,True,200,NORMAL,,11362.9702913,11363.0187793
p12_exp_01_low_rr_seen,phase12,low_load,low_load,round_robin,seen_configuration,train,False,42,p12_exp_01_low_rr_seen_4,1788873247.3068645,process,0.02,2,6.0,15.0,25.0,0,20.0,1.5,0,15.0,25.0,1,20.0,1.5,0,15.0,25.0,0,20.0,1.5,0,server-2,,,False,server-2,35.043,35.043,True,200,NORMAL,,11363.1377311,11363.1727737
p12_exp_01_low_rr_seen,phase12,low_load,low_load,round_robin,seen_configuration,train,False,42,p12_exp_01_low_rr_seen_5,1788873247.4739506,process,0.02,2,6.0,15.0,25.0,0,20.0,1.5,0,15.0,25.0,0,20.0,1.5,0,15.0,25.0,1,20.0,1.5,0,server-3,,,False,server-3,46.66,46.66,True,200,NORMAL,,11363.3046924,11363.3513526
p12_exp_01_low_rr_seen,phase12,low_load,low_load,round_robin,seen_configuration,train,False,42,p12_exp_01_low_rr_seen_6,1788873247.640788,process,0.02,2,6.0,15.0,25.0,1,20.0,1.5,0,15.0,25.0,0,20.0,1.5,0,15.0,25.0,0,20.0,1.5,0,server-1,,,False,server-1,46.604,46.604,True,200,NORMAL,,11363.4716174,11363.5182213
p12_exp_01_low_rr_seen,phase12,low_load,low_load,round_robin,seen_configuration,train,False,42,p12_exp_01_low_rr_seen_7,1788873247.8079808,process,0.02,2,6.0,15.0,25.0,0,20.0,1.5,0,15.0,25.0,1,20.0,1.5,0,15.0,25.0,0,20.0,1.5,0,server-2,,,False,server-2,34.279,34.279,True,200,NORMAL,,11363.6386855,11363.6729643
p12_exp_01_low_rr_seen,phase12,low_load,low_load,round_robin,seen_configuration,train,False,42,p12_exp_01_low_rr_seen_8,1788873247.9751017,process,0.02,2,6.0,15.0,25.0,0,20.0,1.5,0,15.0,25.0,0,20.0,1.5,0,15.0,25.0,1,20.0,1.5,0,server-3,,,False,server-3,45.987,45.987,True,200,NORMAL,,11363.8058281,11363.8518149
p12_exp_01_low_rr_seen,phase12,low_load,low_load,round_robin,seen_configuration,train,False,42,p12_exp_01_low_rr_seen_9,1788873248.1423905,process,0.02,2,6.0,15.0,25.0,1,20.0,1.5,0,15.0,25.0,0,20.0,1.5,0,15.0,25.0,0,20.0,1.5,0,server-1,,,False,server-1,45.618,45.618,True,200,NORMAL,,11363.9730233,11364.0186415
p12_exp_01_low_rr_seen,phase12,low_load,low_load,round_robin,seen_configuration,train,False,42,p12_exp_01_low_rr_seen_10,1788873248.309806,process,0.02,2,6.0,15.0,25.0,0,20.0,1.5,0,15.0,25.0,1,20.0,1.5,0,15.0,25.0,0,20.0,1.5,0,server-2,,,False,server-2,56.309,56.309,True,200,NORMAL,,11364.1405255,11364.1968341
p12_exp_01_low_rr_seen,phase12,low_load,low_load,round_robin,seen_configuration,train,False,42,p12_exp_01_low_rr_seen_11,1788873248.4770472,process,0.02,2,6.0,15.0,25.0,0,20.0,1.5,0,15.0,25.0,0,20.0,1.5,0,15.0,25.0,1,20.0,1.5,0,server-3,,,False,server-3,45.556,45.556,True,200,NORMAL,,11364.3077585,11364.3533145
p12_exp_01_low_rr_seen,phase12,low_load,low_load,round_robin,seen_configuration,train,False,42,p12_exp_01_low_rr_seen_12,1788873248.6438615,process,0.02,2,6.0,15.0,25.0,1,20.0,1.5,0,15.0,25.0,0,20.0,1.5,0,15.0,25.0,0,20.0,1.5,0,server-1,,,False,server-1,46.363,46.363,True,200,NORMAL,,11364.4745865,11364.5209495
p12_exp_01_low_rr_seen,phase12,low_load,low_load,round_robin,seen_configuration,train,False,42,p12_exp_01_low_rr_seen_13,1788873248.811139,process,0.02,2,6.0,15.0,25.0,0,20.0,1.5,0,15.0,25.0,1,20.0,1.5,0,15.0,25.0,0,20.0,1.5,0,server-2,,,False,server-2,63.621,63.621,True,200,NORMAL,,11364.6418835,11364.7055046
p12_exp_01_low_rr_seen,phase12,low_load,low_load,round_robin,seen_configuration,train,False,42,p12_exp_01_low_rr_seen_14,1788873248.9781733,process,0.02,2,6.0,15.0,25.0,0,20.0,1.5,0,15.0,25.0,0,20.0,1.5,0,15.0,25.0,1,20.0,1.5,0,server-3,,,False,server-3,55.503,55.503,True,200,NORMAL,,11364.8089416,11364.8644447
p12_exp_01_low_rr_seen,phase12,low_load,low_load,round_robin,seen_configuration,train,False,42,p12_exp_01_low_rr_seen_15,1788873249.1455152,process,0.02,2,6.0,15.0,25.0,1,20.0,1.5,0,15.0,25.0,0,20.0,1.5,0,15.0,25.0,0,20.0,1.5,0,server-1,,,False,server-1,25.653,25.653,True,200,NORMAL,,11364.9762268,11365.0018794
p12_exp_01_low_rr_seen,phase12,low_load,low_load,round_robin,seen_configuration,train,False,42,p12_exp_01_low_rr_seen_16,1788873249.3126256,process,0.02,2,6.0,15.0,25.0,0,20.0,1.5,0,15.0,25.0,1,20.0,1.5,0,15.0,25.0,0,20.0,1.5,0,server-2,,,False,server-2,66.857,66.857,True,200,NORMAL,,11365.1434349,11365.2102917
p12_exp_01_low_rr_seen,phase12,low_load,low_load,round_robin,seen_configuration,train,False,42,p12_exp_01_low_rr_seen_17,1788873249.4797904,process,0.02,2,6.0,15.0,25.0,0,20.0,1.5,0,15.0,25.0,0,20.0,1.5,0,15.0,25.0,1,20.0,1.5,0,server-3,,,False,server-3,30.305,30.305,True,200,NORMAL,,11365.3106806,11365.340986
p12_exp_01_low_rr_seen,phase12,low_load,low_load,round_robin,seen_configuration,train,False,42,p12_exp_01_low_rr_seen_18,1788873249.646849,process,0.02,2,6.0,15.0,25.0,1,20.0,1.5,0,15.0,25.0,0,20.0,1.5,0,15.0,25.0,0,20.0,1.5,0,server-1,,,False,server-1,24.673,24.673,True,200,NORMAL,,11365.4775355,11365.5022081
p12_exp_01_low_rr_seen,phase12,low_load,low_load,round_robin,seen_configuration,train,False,42,p12_exp_01_low_rr_seen_19,1788873249.8138154,process,0.02,2,6.0,15.0,25.0,0,20.0,1.5,0,15.0,25.0,1,20.0,1.5,0,15.0,25.0,0,20.0,1.5,0,server-2,,,False,server-2,53.199,53.199,True,200,NORMAL,,11365.6444985,11365.6976972
p12_exp_01_low_rr_seen,phase12,low_load,low_load,round_robin,seen_configuration,train,False,42,p12_exp_01_low_rr_seen_20,1788873249.9807904,process,0.02,2,6.0,15.0,25.0,0,20.0,1.5,0,15.0,25.0,0,20.0,1.5,0,15.0,25.0,1,20.0,1.5,0,server-3,,,False,server-3,45.671,45.671,True,200,NORMAL,,11365.8116979,11365.8573689
p12_exp_01_low_rr_seen,phase12,low_load,low_load,round_robin,seen_configuration,train,False,42,p12_exp_01_low_rr_seen_21,1788873250.147945,process,0.02,2,6.0,15.0,25.0,1,20.0,1.5,0,15.0,25.0,0,20.0,1.5,0,15.0,25.0,0,20.0,1.5,0,server-1,,,False,server-1,29.875,29.875,True,200,NORMAL,,11365.9788092,11366.0086841
p12_exp_01_low_rr_seen,phase12,low_load,low_load,round_robin,seen_configuration,train,False,42,p12_exp_01_low_rr_seen_22,1788873250.315318,process,0.02,2,6.0,15.0,25.0,0,20.0,1.5,0,15.0,25.0,1,20.0,1.5,0,15.0,25.0,0,20.0,1.5,0,server-2,,,False,server-2,53.649,53.649,True,200,NORMAL,,11366.1461174,11366.1997665
p12_exp_01_low_rr_seen,phase12,low_load,low_load,round_robin,seen_configuration,train,False,42,p12_exp_01_low_rr_seen_23,1788873250.48267,process,0.02,2,6.0,15.0,25.0,0,20.0,1.5,0,15.0,25.0,0,20.0,1.5,0,15.0,25.0,1,20.0,1.5,0,server-3,,,False,server-3,51.35,51.35,True,200,NORMAL,,11366.3134159,11366.364766
p12_exp_01_low_rr_seen,phase12,low_load,low_load,round_robin,seen_configuration,train,False,42,p12_exp_01_low_rr_seen_24,1788873250.649793,process,0.02,2,6.0,15.0,25.0,1,20.0,1.5,0,15.0,25.0,0,20.0,1.5,0,15.0,25.0,0,20.0,1.5,0,server-1,,,False,server-1,58.329,58.329,True,200,NORMAL,,11366.4807392,11366.5390681
p12_exp_01_low_rr_seen,phase12,low_load,low_load,round_robin,seen_configuration,train,False,42,p12_exp_01_low_rr_seen_25,1788873250.8173022,process,0.02,2,6.0,15.0,25.0,0,20.0,1.5,0,15.0,25.0,1,20.0,1.5,0,15.0,25.0,0,20.0,1.5,0,server-2,,,False,server-2,65.128,65.128,True,200,NORMAL,,11366.6480962,11366.7132239
p12_exp_01_low_rr_seen,phase12,low_load,low_load,round_robin,seen_configuration,train,False,42,p12_exp_01_low_rr_seen_26,1788873250.9844966,process,0.02,2,6.0,15.0,25.0,0,20.0,1.5,0,15.0,25.0,0,20.0,1.5,0,15.0,25.0,1,20.0,1.5,0,server-3,,,False,server-3,57.852,57.852,True,200,NORMAL,,11366.8152539,11366.8731055
p12_exp_01_low_rr_seen,phase12,low_load,low_load,round_robin,seen_configuration,train,False,42,p12_exp_01_low_rr_seen_27,1788873251.151592,process,0.02,2,6.0,15.0,25.0,1,20.0,1.5,0,15.0,25.0,0,20.0,1.5,0,15.0,25.0,0,20.0,1.5,0,server-1,,,False,server-1,29.119,29.119,True,200,NORMAL,,11366.9822704,11367.0113891
p12_exp_01_low_rr_seen,phase12,low_load,low_load,round_robin,seen_configuration,train,False,42,p12_exp_01_low_rr_seen_28,1788873251.318717,process,0.02,2,6.0,15.0,25.0,0,20.0,1.5,0,15.0,25.0,1,20.0,1.5,0,15.0,25.0,0,20.0,1.5,0,server-2,,,False,server-2,28.116,28.116,True,200,NORMAL,,11367.1494613,11367.1775777
p12_exp_01_low_rr_seen,phase12,low_load,low_load,round_robin,seen_configuration,train,False,42,p12_exp_01_low_rr_seen_29,1788873251.4860303,process,0.02,2,6.0,15.0,25.0,0,20.0,1.5,0,15.0,25.0,0,20.0,1.5,0,15.0,25.0,1,20.0,1.5,0,server-3,,,False,server-3,58.278,58.278,True,200,NORMAL,,11367.3168568,11367.375135
p12_exp_01_low_rr_seen,phase12,low_load,low_load,round_robin,seen_configuration,train,False,42,p12_exp_01_low_rr_seen_30,1788873251.6530788,process,0.02,2,6.0,15.0,25.0,1,20.0,1.5,0,15.0,25.0,0,20.0,1.5,0,15.0,25.0,0,20.0,1.5,0,server-1,,,False,server-1,55.846,55.846,True,200,NORMAL,,11367.4838737,11367.5397201
p12_exp_01_low_rr_seen,phase12,low_load,low_load,round_robin,seen_configuration,train,False,42,p12_exp_01_low_rr_seen_31,1788873251.8204126,process,0.02,2,6.0,15.0,25.0,0,20.0,1.5,0,15.0,25.0,1,20.0,1.5,0,15.0,25.0,0,20.0,1.5,0,server-2,,,False,server-2,66.935,66.935,True,200,NORMAL,,11367.6512438,11367.7181788
p12_exp_01_low_rr_seen,phase12,low_load,low_load,round_robin,seen_configuration,train,False,42,p12_exp_01_low_rr_seen_32,1788873251.987846,process,0.02,2,6.0,15.0,25.0,0,20.0,1.5,0,15.0,25.0,0,20.0,1.5,0,15.0,25.0,1,20.0,1.5,0,server-3,,,False,server-3,65.87,65.87,True,200,NORMAL,,11367.8186127,11367.8844829
p12_exp_01_low_rr_seen,phase12,low_load,low_load,round_robin,seen_configuration,train,False,42,p12_exp_01_low_rr_seen_33,1788873252.1551926,process,0.02,2,6.0,15.0,25.0,1,20.0,1.5,0,15.0,25.0,0,20.0,1.5,0,15.0,25.0,0,20.0,1.5,0,server-1,,,False,server-1,41.034,41.034,True,200,NORMAL,,11367.9859772,11368.0270115
p12_exp_01_low_rr_seen,phase12,low_load,low_load,round_robin,seen_configuration,train,False,42,p12_exp_01_low_rr_seen_34,1788873252.3222528,process,0.02,2,6.0,15.0,25.0,0,20.0,1.5,0,15.0,25.0,1,20.0,1.5,0,15.0,25.0,0,20.0,1.5,0,server-2,,,False,server-2,26.178,26.178,True,200,NORMAL,,11368.1529858,11368.179164
p12_exp_01_low_rr_seen,phase12,low_load,low_load,round_robin,seen_configuration,train,False,42,p12_exp_01_low_rr_seen_35,1788873252.4892895,process,0.02,2,6.0,15.0,25.0,0,20.0,1.5,0,15.0,25.0,0,20.0,1.5,0,15.0,25.0,1,20.0,1.5,0,server-3,,,False,server-3,51.752,51.752,True,200,NORMAL,,11368.3200013,11368.3717533
p12_exp_02_low_lc_seen,phase12,low_load,low_load,least_connections,seen_configuration,train,False,43,p12_exp_02_low_lc_seen_1,1788873253.7533364,process,0.02,3,8.0,15.0,25.0,1,20.0,1.5,0,15.0,25.0,0,20.0,1.5,0,15.0,25.0,0,20.0,1.5,0,server-1,,,False,server-1,53.107,53.107,True,200,NORMAL,,11369.5847359,11369.6378425
p12_exp_02_low_lc_seen,phase12,low_load,low_load,least_connections,seen_configuration,train,False,43,p12_exp_02_low_lc_seen_2,1788873253.8805282,process,0.02,3,8.0,15.0,25.0,1,20.0,1.5,0,15.0,25.0,0,20.0,1.5,0,15.0,25.0,0,20.0,1.5,0,server-1,,,False,server-1,53.228,53.228,True,200,NORMAL,,11369.7113351,11369.7645636
p12_exp_02_low_lc_seen,phase12,low_load,low_load,least_connections,seen_configuration,train,False,43,p12_exp_02_low_lc_seen_3,1788873254.0057526,process,0.02,3,8.0,15.0,25.0,1,20.0,1.5,0,15.0,25.0,0,20.0,1.5,0,15.0,25.0,0,20.0,1.5,0,server-1,,,False,server-1,48.534,48.534,True,200,NORMAL,,11369.8365713,11369.885105
p12_exp_02_low_lc_seen,phase12,low_load,low_load,least_connections,seen_configuration,train,False,43,p12_exp_02_low_lc_seen_4,1788873254.1311586,process,0.02,3,8.0,15.0,25.0,1,20.0,1.5,0,15.0,25.0,0,20.0,1.5,0,15.0,25.0,0,20.0,1.5,0,server-1,,,False,server-1,60.723,60.723,True,200,NORMAL,,11369.9619244,11370.0226472
p12_exp_02_low_lc_seen,phase12,low_load,low_load,least_connections,seen_configuration,train,False,43,p12_exp_02_low_lc_seen_5,1788873254.256543,process,0.02,3,8.0,15.0,25.0,1,20.0,1.5,0,15.0,25.0,0,20.0,1.5,0,15.0,25.0,0,20.0,1.5,0,server-1,,,False,server-1,59.582,59.582,True,200,NORMAL,,11370.0872796,11370.1468618
p12_exp_02_low_lc_seen,phase12,low_load,low_load,least_connections,seen_configuration,train,False,43,p12_exp_02_low_lc_seen_6,1788873254.3821466,process,0.02,3,8.0,15.0,25.0,1,20.0,1.5,0,15.0,25.0,0,20.0,1.5,0,15.0,25.0,0,20.0,1.5,0,server-1,,,False,server-1,49.834,49.834,True,200,NORMAL,,11370.2128807,11370.2627145
p12_exp_02_low_lc_seen,phase12,low_load,low_load,least_connections,seen_configuration,train,False,43,p12_exp_02_low_lc_seen_7,1788873254.5078688,process,0.02,3,8.0,15.0,25.0,1,20.0,1.5,0,15.0,25.0,0,20.0,1.5,0,15.0,25.0,0,20.0,1.5,0,server-1,,,False,server-1,59.407,59.407,True,200,NORMAL,,11370.3386508,11370.3980581
p12_exp_02_low_lc_seen,phase12,low_load,low_load,least_connections,seen_configuration,train,False,43,p12_exp_02_low_lc_seen_8,1788873254.6331544,process,0.02,3,8.0,15.0,25.0,1,20.0,1.5,0,15.0,25.0,0,20.0,1.5,0,15.0,25.0,0,20.0,1.5,0,server-1,,,False,server-1,58.632,58.632,True,200,NORMAL,,11370.4638907,11370.5225226
p12_exp_02_low_lc_seen,phase12,low_load,low_load,least_connections,seen_configuration,train,False,43,p12_exp_02_low_lc_seen_9,1788873254.758528,process,0.02,3,8.0,15.0,25.0,1,20.0,1.5,0,15.0,25.0,0,20.0,1.5,0,15.0,25.0,0,20.0,1.5,0,server-1,,,False,server-1,65.916,65.916,True,200,NORMAL,,11370.5893621,11370.6552782
p12_exp_02_low_lc_seen,phase12,low_load,low_load,least_connections,seen_configuration,train,False,43,p12_exp_02_low_lc_seen_10,1788873254.883917,process,0.02,3,8.0,15.0,25.0,1,20.0,1.5,0,15.0,25.0,0,20.0,1.5,0,15.0,25.0,0,20.0,1.5,0,server-1,,,False,server-1,62.59,62.59,True,200,NORMAL,,11370.7146469,11370.7772366
p12_exp_02_low_lc_seen,phase12,low_load,low_load,least_connections,seen_configuration,train,False,43,p12_exp_02_low_lc_seen_11,1788873255.0091958,process,0.02,3,8.0,15.0,25.0,1,20.0,1.5,0,15.0,25.0,0,20.0,1.5,0,15.0,25.0,0,20.0,1.5,0,server-1,,,False,server-1,52.644,52.644,True,200,NORMAL,,11370.8398956,11370.8925393
p12_exp_02_low_lc_seen,phase12,low_load,low_load,least_connections,seen_configuration,train,False,43,p12_exp_02_low_lc_seen_12,1788873255.134815,process,0.02,3,8.0,15.0,25.0,1,20.0,1.5,0,15.0,25.0,0,20.0,1.5,0,15.0,25.0,0,20.0,1.5,0,server-1,,,False,server-1,52.705,52.705,True,200,NORMAL,,11370.9655512,11371.0182566
p12_exp_02_low_lc_seen,phase12,low_load,low_load,least_connections,seen_configuration,train,False,43,p12_exp_02_low_lc_seen_13,1788873255.2602313,process,0.02,3,8.0,15.0,25.0,1,20.0,1.5,0,15.0,25.0,0,20.0,1.5,0,15.0,25.0,0,20.0,1.5,0,server-1,,,False,server-1,40.466,40.466,True,200,NORMAL,,11371.0909613,11371.1314268
p12_exp_02_low_lc_seen,phase12,low_load,low_load,least_connections,seen_configuration,train,False,43,p12_exp_02_low_lc_seen_14,1788873255.38585,process,0.02,3,8.0,15.0,25.0,1,20.0,1.5,0,15.0,25.0,0,20.0,1.5,0,15.0,25.0,0,20.0,1.5,0,server-1,,,False,server-1,27.729,27.729,True,200,NORMAL,,11371.2166713,11371.2444002
p12_exp_02_low_lc_seen,phase12,low_load,low_load,least_connections,seen_configuration,train,False,43,p12_exp_02_low_lc_seen_15,1788873255.5113842,process,0.02,3,8.0,15.0,25.0,1,20.0,1.5,0,15.0,25.0,0,20.0,1.5,0,15.0,25.0,0,20.0,1.5,0,server-1,,,False,server-1,47.565,47.565,True,200,NORMAL,,11371.3421248,11371.3896894
p12_exp_02_low_lc_seen,phase12,low_load,low_load,least_connections,seen_configuration,train,False,43,p12_exp_02_low_lc_seen_16,1788873255.6368403,process,0.02,3,8.0,15.0,25.0,1,20.0,1.5,0,15.0,25.0,0,20.0,1.5,0,15.0,25.0,0,20.0,1.5,0,server-1,,,False,server-1,42.479,42.479,True,200,NORMAL,,11371.4675309,11371.5100103
p12_exp_02_low_lc_seen,phase12,low_load,low_load,least_connections,seen_configuration,train,False,43,p12_exp_02_low_lc_seen_17,1788873255.7619772,process,0.02,3,8.0,15.0,25.0,1,20.0,1.5,0,15.0,25.0,0,20.0,1.5,0,15.0,25.0,0,20.0,1.5,0,server-1,,,False,server-1,55.584,55.584,True,200,NORMAL,,11371.5926771,11371.6482616
p12_exp_02_low_lc_seen,phase12,low_load,low_load,least_connections,seen_configuration,train,False,43,p12_exp_02_low_lc_seen_18,1788873255.887379,process,0.02,3,8.0,15.0,25.0,1,20.0,1.5,0,15.0,25.0,0,20.0,1.5,0,15.0,25.0,0,20.0,1.5,0,server-1,,,False,server-1,34.341,34.341,True,200,NORMAL,,11371.7183302,11371.7526709
p12_exp_02_low_lc_seen,phase12,low_load,low_load,least_connections,seen_configuration,train,False,43,p12_exp_02_low_lc_seen_19,1788873256.013168,process,0.02,3,8.0,15.0,25.0,1,20.0,1.5,0,15.0,25.0,0,20.0,1.5,0,15.0,25.0,0,20.0,1.5,0,server-1,,,False,server-1,59.322,59.322,True,200,NORMAL,,11371.8438968,11371.9032192
p12_exp_02_low_lc_seen,phase12,low_load,low_load,least_connections,seen_configuration,train,False,43,p12_exp_02_low_lc_seen_20,1788873256.1385176,process,0.02,3,8.0,15.0,25.0,1,20.0,1.5,0,15.0,25.0,0,20.0,1.5,0,15.0,25.0,0,20.0,1.5,0,server-1,,,False,server-1,61.756,61.756,True,200,NORMAL,,11371.9692194,11372.0309759
p12_exp_02_low_lc_seen,phase12,low_load,low_load,least_connections,seen_configuration,train,False,43,p12_exp_02_low_lc_seen_21,1788873256.264135,process,0.02,3,8.0,15.0,25.0,1,20.0,1.5,0,15.0,25.0,0,20.0,1.5,0,15.0,25.0,0,20.0,1.5,0,server-1,,,False,server-1,59.327,59.327,True,200,NORMAL,,11372.0948507,11372.1541777
p12_exp_02_low_lc_seen,phase12,low_load,low_load,least_connections,seen_configuration,train,False,43,p12_exp_02_low_lc_seen_22,1788873256.3903403,process,0.02,3,8.0,15.0,25.0,1,20.0,1.5,0,15.0,25.0,0,20.0,1.5,0,15.0,25.0,0,20.0,1.5,0,server-1,,,False,server-1,55.983,55.983,True,200,NORMAL,,11372.2210551,11372.2770376
p12_exp_02_low_lc_seen,phase12,low_load,low_load,least_connections,seen_configuration,train,False,43,p12_exp_02_low_lc_seen_23,1788873256.51633,process,0.02,3,8.0,15.0,25.0,1,20.0,1.5,0,15.0,25.0,0,20.0,1.5,0,15.0,25.0,0,20.0,1.5,0,server-1,,,False,server-1,60.164,60.164,True,200,NORMAL,,11372.3471301,11372.407294
p12_exp_02_low_lc_seen,phase12,low_load,low_load,least_connections,seen_configuration,train,False,43,p12_exp_02_low_lc_seen_24,1788873256.641657,process,0.02,3,8.0,15.0,25.0,1,20.0,1.5,0,15.0,25.0,0,20.0,1.5,0,15.0,25.0,0,20.0,1.5,0,server-1,,,False,server-1,59.474,59.474,True,200,NORMAL,,11372.4723519,11372.5318263
p12_exp_02_low_lc_seen,phase12,low_load,low_load,least_connections,seen_configuration,train,False,43,p12_exp_02_low_lc_seen_25,1788873256.76712,process,0.02,3,8.0,15.0,25.0,1,20.0,1.5,0,15.0,25.0,0,20.0,1.5,0,15.0,25.0,0,20.0,1.5,0,server-1,,,False,server-1,41.825,41.825,True,200,NORMAL,,11372.5980104,11372.6398358
p12_exp_02_low_lc_seen,phase12,low_load,low_load,least_connections,seen_configuration,train,False,43,p12_exp_02_low_lc_seen_26,1788873256.8924837,process,0.02,3,8.0,15.0,25.0,1,20.0,1.5,0,15.0,25.0,0,20.0,1.5,0,15.0,25.0,0,20.0,1.5,0,server-1,,,False,server-1,53.604,53.604,True,200,NORMAL,,11372.7232873,11372.7768913
p12_exp_02_low_lc_seen,phase12,low_load,low_load,least_connections,seen_configuration,train,False,43,p12_exp_02_low_lc_seen_27,1788873257.0177293,process,0.02,3,8.0,15.0,25.0,1,20.0,1.5,0,15.0,25.0,0,20.0,1.5,0,15.0,25.0,0,20.0,1.5,0,server-1,,,False,server-1,44.673,44.673,True,200,NORMAL,,11372.8484176,11372.8930909
p12_exp_02_low_lc_seen,phase12,low_load,low_load,least_connections,seen_configuration,train,False,43,p12_exp_02_low_lc_seen_28,1788873257.1431253,process,0.02,3,8.0,15.0,25.0,1,20.0,1.5,0,15.0,25.0,0,20.0,1.5,0,15.0,25.0,0,20.0,1.5,0,server-1,,,False,server-1,59.889,59.889,True,200,NORMAL,,11372.9739545,11373.0338435
p12_exp_02_low_lc_seen,phase12,low_load,low_load,least_connections,seen_configuration,train,False,43,p12_exp_02_low_lc_seen_29,1788873257.2684078,process,0.02,3,8.0,15.0,25.0,1,20.0,1.5,0,15.0,25.0,0,20.0,1.5,0,15.0,25.0,0,20.0,1.5,0,server-1,,,False,server-1,58.538,58.538,True,200,NORMAL,,11373.0991952,11373.157733
p12_exp_02_low_lc_seen,phase12,low_load,low_load,least_connections,seen_configuration,train,False,43,p12_exp_02_low_lc_seen_30,1788873257.3940158,process,0.02,3,8.0,15.0,25.0,1,20.0,1.5,0,15.0,25.0,0,20.0,1.5,0,15.0,25.0,0,20.0,1.5,0,server-1,,,False,server-1,58.003,58.003,True,200,NORMAL,,11373.224725,11373.2827278
p12_exp_02_low_lc_seen,phase12,low_load,low_load,least_connections,seen_configuration,train,False,43,p12_exp_02_low_lc_seen_31,1788873257.519593,process,0.02,3,8.0,15.0,25.0,1,20.0,1.5,0,15.0,25.0,0,20.0,1.5,0,15.0,25.0,0,20.0,1.5,0,server-1,,,False,server-1,57.281,57.281,True,200,NORMAL,,11373.3503798,11373.4076612
p12_exp_02_low_lc_seen,phase12,low_load,low_load,least_connections,seen_configuration,train,False,43,p12_exp_02_low_lc_seen_32,1788873257.6450276,process,0.02,3,8.0,15.0,25.0,1,20.0,1.5,0,15.0,25.0,0,20.0,1.5,0,15.0,25.0,0,20.0,1.5,0,server-1,,,False,server-1,27.464,27.464,True,200,NORMAL,,11373.4757568,11373.503221
p12_exp_02_low_lc_seen,phase12,low_load,low_load,least_connections,seen_configuration,train,False,43,p12_exp_02_low_lc_seen_33,1788873257.7704475,process,0.02,3,8.0,15.0,25.0,1,20.0,1.5,0,15.0,25.0,0,20.0,1.5,0,15.0,25.0,0,20.0,1.5,0,server-1,,,False,server-1,31.645,31.645,True,200,NORMAL,,11373.6013321,11373.6329768
p12_exp_02_low_lc_seen,phase12,low_load,low_load,least_connections,seen_configuration,train,False,43,p12_exp_02_low_lc_seen_34,1788873257.895856,process,0.02,3,8.0,15.0,25.0,1,20.0,1.5,0,15.0,25.0,0,20.0,1.5,0,15.0,25.0,0,20.0,1.5,0,server-1,,,False,server-1,45.957,45.957,True,200,NORMAL,,11373.7265993,11373.7725558
p12_exp_02_low_lc_seen,phase12,low_load,low_load,least_connections,seen_configuration,train,False,43,p12_exp_02_low_lc_seen_35,1788873258.021193,process,0.02,3,8.0,15.0,25.0,1,20.0,1.5,0,15.0,25.0,0,20.0,1.5,0,15.0,25.0,0,20.0,1.5,0,server-1,,,False,server-1,30.935,30.935,True,200,NORMAL,,11373.8519527,11373.882888
p12_exp_03_low_iphash_unseen,phase12,low_load,low_load,ip_hash,unseen_configuration,test_unseen,False,44,p12_exp_03_low_iphash_unseen_1,1788873259.8302922,process,0.015,1,4.5,15.0,25.0,1,20.0,1.5,0,15.0,25.0,0,20.0,1.5,0,15.0,25.0,0,20.0,1.5,0,server-1,,,False,server-1,50.548,50.548,True,200,NORMAL,,11375.6619832,11375.7125314
p12_exp_03_low_iphash_unseen,phase12,low_load,low_load,ip_hash,unseen_configuration,test_unseen,False,44,p12_exp_03_low_iphash_unseen_2,1788873260.05431,process,0.015,1,4.5,15.0,25.0,1,20.0,1.5,0,15.0,25.0,0,20.0,1.5,0,15.0,25.0,0,20.0,1.5,0,server-1,,,False,server-1,38.854,38.854,True,200,NORMAL,,11375.8851225,11375.9239767
p12_exp_03_low_iphash_unseen,phase12,low_load,low_load,ip_hash,unseen_configuration,test_unseen,False,44,p12_exp_03_low_iphash_unseen_3,1788873260.2775111,process,0.015,1,4.5,15.0,25.0,1,20.0,1.5,0,15.0,25.0,0,20.0,1.5,0,15.0,25.0,0,20.0,1.5,0,server-1,,,False,server-1,47.109,47.109,True,200,NORMAL,,11376.1082476,11376.1553561
p12_exp_03_low_iphash_unseen,phase12,low_load,low_load,ip_hash,unseen_configuration,test_unseen,False,44,p12_exp_03_low_iphash_unseen_4,1788873260.5001578,process,0.015,1,4.5,15.0,25.0,1,20.0,1.5,0,15.0,25.0,0,20.0,1.5,0,15.0,25.0,0,20.0,1.5,0,server-1,,,False,server-1,31.73,31.73,True,200,NORMAL,,11376.3309534,11376.3626831
p12_exp_03_low_iphash_unseen,phase12,low_load,low_load,ip_hash,unseen_configuration,test_unseen,False,44,p12_exp_03_low_iphash_unseen_5,1788873260.723003,process,0.015,1,4.5,15.0,25.0,1,20.0,1.5,0,15.0,25.0,0,20.0,1.5,0,15.0,25.0,0,20.0,1.5,0,server-1,,,False,server-1,48.897,48.897,True,200,NORMAL,,11376.553727,11376.6026245
p12_exp_03_low_iphash_unseen,phase12,low_load,low_load,ip_hash,unseen_configuration,test_unseen,False,44,p12_exp_03_low_iphash_unseen_6,1788873260.945629,process,0.015,1,4.5,15.0,25.0,1,20.0,1.5,0,15.0,25.0,0,20.0,1.5,0,15.0,25.0,0,20.0,1.5,0,server-1,,,False,server-1,57.743,57.743,True,200,NORMAL,,11376.7764156,11376.834159
p12_exp_03_low_iphash_unseen,phase12,low_load,low_load,ip_hash,unseen_configuration,test_unseen,False,44,p12_exp_03_low_iphash_unseen_7,1788873261.168496,process,0.015,1,4.5,15.0,25.0,1,20.0,1.5,0,15.0,25.0,0,20.0,1.5,0,15.0,25.0,0,20.0,1.5,0,server-1,,,False,server-1,42.837,42.837,True,200,NORMAL,,11376.9992619,11377.0420991
p12_exp_03_low_iphash_unseen,phase12,low_load,low_load,ip_hash,unseen_configuration,test_unseen,False,44,p12_exp_03_low_iphash_unseen_8,1788873261.391445,process,0.015,1,4.5,15.0,25.0,1,20.0,1.5,0,15.0,25.0,0,20.0,1.5,0,15.0,25.0,0,20.0,1.5,0,server-1,,,False,server-1,47.265,47.265,True,200,NORMAL,,11377.2221384,11377.2694035
p12_exp_03_low_iphash_unseen,phase12,low_load,low_load,ip_hash,unseen_configuration,test_unseen,False,44,p12_exp_03_low_iphash_unseen_9,1788873261.6143718,process,0.015,1,4.5,15.0,25.0,1,20.0,1.5,0,15.0,25.0,0,20.0,1.5,0,15.0,25.0,0,20.0,1.5,0,server-1,,,False,server-1,49.005,49.005,True,200,NORMAL,,11377.4452807,11377.4942854
p12_exp_03_low_iphash_unseen,phase12,low_load,low_load,ip_hash,unseen_configuration,test_unseen,False,44,p12_exp_03_low_iphash_unseen_10,1788873261.8370717,process,0.015,1,4.5,15.0,25.0,1,20.0,1.5,0,15.0,25.0,0,20.0,1.5,0,15.0,25.0,0,20.0,1.5,0,server-1,,,False,server-1,58.828,58.828,True,200,NORMAL,,11377.6678129,11377.7266409
p12_exp_03_low_iphash_unseen,phase12,low_load,low_load,ip_hash,unseen_configuration,test_unseen,False,44,p12_exp_03_low_iphash_unseen_11,1788873262.059682,process,0.015,1,4.5,15.0,25.0,1,20.0,1.5,0,15.0,25.0,0,20.0,1.5,0,15.0,25.0,0,20.0,1.5,0,server-1,,,False,server-1,48.554,48.554,True,200,NORMAL,,11377.8904402,11377.938994
p12_exp_03_low_iphash_unseen,phase12,low_load,low_load,ip_hash,unseen_configuration,test_unseen,False,44,p12_exp_03_low_iphash_unseen_12,1788873262.2826035,process,0.015,1,4.5,15.0,25.0,1,20.0,1.5,0,15.0,25.0,0,20.0,1.5,0,15.0,25.0,0,20.0,1.5,0,server-1,,,False,server-1,39.629,39.629,True,200,NORMAL,,11378.1133184,11378.1529472
p12_exp_03_low_iphash_unseen,phase12,low_load,low_load,ip_hash,unseen_configuration,test_unseen,False,44,p12_exp_03_low_iphash_unseen_13,1788873262.5052457,process,0.015,1,4.5,15.0,25.0,1,20.0,1.5,0,15.0,25.0,0,20.0,1.5,0,15.0,25.0,0,20.0,1.5,0,server-1,,,False,server-1,36.419,36.419,True,200,NORMAL,,11378.3360569,11378.3724758
p12_exp_03_low_iphash_unseen,phase12,low_load,low_load,ip_hash,unseen_configuration,test_unseen,False,44,p12_exp_03_low_iphash_unseen_14,1788873262.728089,process,0.015,1,4.5,15.0,25.0,1,20.0,1.5,0,15.0,25.0,0,20.0,1.5,0,15.0,25.0,0,20.0,1.5,0,server-1,,,False,server-1,23.351,23.351,True,200,NORMAL,,11378.5588239,11378.5821749
p12_exp_03_low_iphash_unseen,phase12,low_load,low_load,ip_hash,unseen_configuration,test_unseen,False,44,p12_exp_03_low_iphash_unseen_15,1788873262.9505148,process,0.015,1,4.5,15.0,25.0,1,20.0,1.5,0,15.0,25.0,0,20.0,1.5,0,15.0,25.0,0,20.0,1.5,0,server-1,,,False,server-1,36.098,36.098,True,200,NORMAL,,11378.7813016,11378.8173994
p12_exp_03_low_iphash_unseen,phase12,low_load,low_load,ip_hash,unseen_configuration,test_unseen,False,44,p12_exp_03_low_iphash_unseen_16,1788873263.173152,process,0.015,1,4.5,15.0,25.0,1,20.0,1.5,0,15.0,25.0,0,20.0,1.5,0,15.0,25.0,0,20.0,1.5,0,server-1,,,False,server-1,26.915,26.915,True,200,NORMAL,,11379.0039013,11379.030816
p12_exp_03_low_iphash_unseen,phase12,low_load,low_load,ip_hash,unseen_configuration,test_unseen,False,44,p12_exp_03_low_iphash_unseen_17,1788873263.3956425,process,0.015,1,4.5,15.0,25.0,1,20.0,1.5,0,15.0,25.0,0,20.0,1.5,0,15.0,25.0,0,20.0,1.5,0,server-1,,,False,server-1,27.935,27.935,True,200,NORMAL,,11379.2264648,11379.2543996
p12_exp_03_low_iphash_unseen,phase12,low_load,low_load,ip_hash,unseen_configuration,test_unseen,False,44,p12_exp_03_low_iphash_unseen_18,1788873263.618176,process,0.015,1,4.5,15.0,25.0,1,20.0,1.5,0,15.0,25.0,0,20.0,1.5,0,15.0,25.0,0,20.0,1.5,0,server-1,,,False,server-1,25.556,25.556,True,200,NORMAL,,11379.4489195,11379.4744753
p12_exp_03_low_iphash_unseen,phase12,low_load,low_load,ip_hash,unseen_configuration,test_unseen,False,44,p12_exp_03_low_iphash_unseen_19,1788873263.8410342,process,0.015,1,4.5,15.0,25.0,1,20.0,1.5,0,15.0,25.0,0,20.0,1.5,0,15.0,25.0,0,20.0,1.5,0,server-1,,,False,server-1,24.629,24.629,True,200,NORMAL,,11379.6719028,11379.6965314
p12_exp_03_low_iphash_unseen,phase12,low_load,low_load,ip_hash,unseen_configuration,test_unseen,False,44,p12_exp_03_low_iphash_unseen_20,1788873264.0637703,process,0.015,1,4.5,15.0,25.0,1,20.0,1.5,0,15.0,25.0,0,20.0,1.5,0,15.0,25.0,0,20.0,1.5,0,server-1,,,False,server-1,43.893,43.893,True,200,NORMAL,,11379.8944616,11379.9383544
p12_exp_03_low_iphash_unseen,phase12,low_load,low_load,ip_hash,unseen_configuration,test_unseen,False,44,p12_exp_03_low_iphash_unseen_21,1788873264.286577,process,0.015,1,4.5,15.0,25.0,1,20.0,1.5,0,15.0,25.0,0,20.0,1.5,0,15.0,25.0,0,20.0,1.5,0,server-1,,,False,server-1,48.926,48.926,True,200,NORMAL,,11380.1172837,11380.1662096
p12_exp_03_low_iphash_unseen,phase12,low_load,low_load,ip_hash,unseen_configuration,test_unseen,False,44,p12_exp_03_low_iphash_unseen_22,1788873264.5093796,process,0.015,1,4.5,15.0,25.0,1,20.0,1.5,0,15.0,25.0,0,20.0,1.5,0,15.0,25.0,0,20.0,1.5,0,server-1,,,False,server-1,53.375,53.375,True,200,NORMAL,,11380.3401173,11380.3934923
p12_exp_03_low_iphash_unseen,phase12,low_load,low_load,ip_hash,unseen_configuration,test_unseen,False,44,p12_exp_03_low_iphash_unseen_23,1788873264.73218,process,0.015,1,4.5,15.0,25.0,1,20.0,1.5,0,15.0,25.0,0,20.0,1.5,0,15.0,25.0,0,20.0,1.5,0,server-1,,,False,server-1,50.069,50.069,True,200,NORMAL,,11380.5629741,11380.6130433
p12_exp_03_low_iphash_unseen,phase12,low_load,low_load,ip_hash,unseen_configuration,test_unseen,False,44,p12_exp_03_low_iphash_unseen_24,1788873264.954791,process,0.015,1,4.5,15.0,25.0,1,20.0,1.5,0,15.0,25.0,0,20.0,1.5,0,15.0,25.0,0,20.0,1.5,0,server-1,,,False,server-1,43.292,43.292,True,200,NORMAL,,11380.7855629,11380.8288549
p12_exp_03_low_iphash_unseen,phase12,low_load,low_load,ip_hash,unseen_configuration,test_unseen,False,44,p12_exp_03_low_iphash_unseen_25,1788873265.1777122,process,0.015,1,4.5,15.0,25.0,1,20.0,1.5,0,15.0,25.0,0,20.0,1.5,0,15.0,25.0,0,20.0,1.5,0,server-1,,,False,server-1,38.071,38.071,True,200,NORMAL,,11381.0083772,11381.0464486
p12_exp_03_low_iphash_unseen,phase12,low_load,low_load,ip_hash,unseen_configuration,test_unseen,False,44,p12_exp_03_low_iphash_unseen_26,1788873265.4006329,process,0.015,1,4.5,15.0,25.0,1,20.0,1.5,0,15.0,25.0,0,20.0,1.5,0,15.0,25.0,0,20.0,1.5,0,server-1,,,False,server-1,60.01,60.01,True,200,NORMAL,,11381.2315121,11381.2915223
p12_exp_03_low_iphash_unseen,phase12,low_load,low_load,ip_hash,unseen_configuration,test_unseen,False,44,p12_exp_03_low_iphash_unseen_27,1788873265.623263,process,0.015,1,4.5,15.0,25.0,1,20.0,1.5,0,15.0,25.0,0,20.0,1.5,0,15.0,25.0,0,20.0,1.5,0,server-1,,,False,server-1,50.575,50.575,True,200,NORMAL,,11381.4540425,11381.5046173
p12_exp_03_low_iphash_unseen,phase12,low_load,low_load,ip_hash,unseen_configuration,test_unseen,False,44,p12_exp_03_low_iphash_unseen_28,1788873265.846346,process,0.015,1,4.5,15.0,25.0,1,20.0,1.5,0,15.0,25.0,0,20.0,1.5,0,15.0,25.0,0,20.0,1.5,0,server-1,,,False,server-1,40.684,40.684,True,200,NORMAL,,11381.677243,11381.7179269
p12_exp_03_low_iphash_unseen,phase12,low_load,low_load,ip_hash,unseen_configuration,test_unseen,False,44,p12_exp_03_low_iphash_unseen_29,1788873266.0695994,process,0.015,1,4.5,15.0,25.0,1,20.0,1.5,0,15.0,25.0,0,20.0,1.5,0,15.0,25.0,0,20.0,1.5,0,server-1,,,False,server-1,45.69,45.69,True,200,NORMAL,,11381.9004214,11381.9461117
p12_exp_03_low_iphash_unseen,phase12,low_load,low_load,ip_hash,unseen_configuration,test_unseen,False,44,p12_exp_03_low_iphash_unseen_30,1788873266.2922568,process,0.015,1,4.5,15.0,25.0,1,20.0,1.5,0,15.0,25.0,0,20.0,1.5,0,15.0,25.0,0,20.0,1.5,0,server-1,,,False,server-1,38.025,38.025,True,200,NORMAL,,11382.1229562,11382.1609812
p12_exp_03_low_iphash_unseen,phase12,low_load,low_load,ip_hash,unseen_configuration,test_unseen,False,44,p12_exp_03_low_iphash_unseen_31,1788873266.5149353,process,0.015,1,4.5,15.0,25.0,1,20.0,1.5,0,15.0,25.0,0,20.0,1.5,0,15.0,25.0,0,20.0,1.5,0,server-1,,,False,server-1,48.165,48.165,True,200,NORMAL,,11382.345793,11382.3939579
p12_exp_03_low_iphash_unseen,phase12,low_load,low_load,ip_hash,unseen_configuration,test_unseen,False,44,p12_exp_03_low_iphash_unseen_32,1788873266.7374637,process,0.015,1,4.5,15.0,25.0,1,20.0,1.5,0,15.0,25.0,0,20.0,1.5,0,15.0,25.0,0,20.0,1.5,0,server-1,,,False,server-1,45.916,45.916,True,200,NORMAL,,11382.5682263,11382.6141424
p12_exp_03_low_iphash_unseen,phase12,low_load,low_load,ip_hash,unseen_configuration,test_unseen,False,44,p12_exp_03_low_iphash_unseen_33,1788873266.9602249,process,0.015,1,4.5,15.0,25.0,1,20.0,1.5,0,15.0,25.0,0,20.0,1.5,0,15.0,25.0,0,20.0,1.5,0,server-1,,,False,server-1,51.917,51.917,True,200,NORMAL,,11382.7909792,11382.8428962
p12_exp_03_low_iphash_unseen,phase12,low_load,low_load,ip_hash,unseen_configuration,test_unseen,False,44,p12_exp_03_low_iphash_unseen_34,1788873267.1831384,process,0.015,1,4.5,15.0,25.0,1,20.0,1.5,0,15.0,25.0,0,20.0,1.5,0,15.0,25.0,0,20.0,1.5,0,server-1,,,False,server-1,36.965,36.965,True,200,NORMAL,,11383.0139403,11383.0509052
p12_exp_03_low_iphash_unseen,phase12,low_load,low_load,ip_hash,unseen_configuration,test_unseen,False,44,p12_exp_03_low_iphash_unseen_35,1788873267.405876,process,0.015,1,4.5,15.0,25.0,1,20.0,1.5,0,15.0,25.0,0,20.0,1.5,0,15.0,25.0,0,20.0,1.5,0,server-1,,,False,server-1,54.985,54.985,True,200,NORMAL,,11383.236644,11383.2916294
p12_exp_04_low_ml_unseen,phase12,low_load,low_load,ml,unseen_configuration,test_unseen,False,45,p12_exp_04_low_ml_unseen_1,1788873270.6927629,process,0.025,4,7.5,15.0,25.0,0,20.0,1.5,0,15.0,25.0,0,20.0,1.5,0,15.0,25.0,1,20.0,1.5,0,server-3,http://127.0.0.1:8003,1.0,False,server-3,104.93,104.93,True,200,NORMAL,,11386.5250399,11386.6299703
p12_exp_04_low_ml_unseen,phase12,low_load,low_load,ml,unseen_configuration,test_unseen,False,45,p12_exp_04_low_ml_unseen_2,1788873270.8287678,process,0.025,4,7.5,15.0,25.0,0,20.0,1.5,0,15.0,25.0,0,20.0,1.5,0,15.0,25.0,1,20.0,1.5,0,server-3,http://127.0.0.1:8003,1.0,False,server-3,106.763,106.763,True,200,NORMAL,,11386.6595663,11386.7663292
p12_exp_04_low_ml_unseen,phase12,low_load,low_load,ml,unseen_configuration,test_unseen,False,45,p12_exp_04_low_ml_unseen_3,1788873270.9625216,process,0.025,4,7.5,15.0,25.0,0,20.0,1.5,0,15.0,25.0,0,20.0,1.5,0,15.0,25.0,1,20.0,1.5,0,server-3,http://127.0.0.1:8003,1.0,False,server-3,82.37,82.37,True,200,NORMAL,,11386.7932463,11386.8756166
p12_exp_04_low_ml_unseen,phase12,low_load,low_load,ml,unseen_configuration,test_unseen,False,45,p12_exp_04_low_ml_unseen_4,1788873271.0960884,process,0.025,4,7.5,15.0,25.0,0,20.0,1.5,0,15.0,25.0,0,20.0,1.5,0,15.0,25.0,1,20.0,1.5,0,server-3,http://127.0.0.1:8003,1.0,False,server-3,85.407,85.407,True,200,NORMAL,,11386.9269123,11387.0123191
p12_exp_04_low_ml_unseen,phase12,low_load,low_load,ml,unseen_configuration,test_unseen,False,45,p12_exp_04_low_ml_unseen_5,1788873271.2297902,process,0.025,4,7.5,15.0,25.0,0,20.0,1.5,0,15.0,25.0,0,20.0,1.5,0,15.0,25.0,1,20.0,1.5,0,server-3,http://127.0.0.1:8003,1.0,False,server-3,53.843,53.843,True,200,NORMAL,,11387.0605153,11387.1143584
p12_exp_04_low_ml_unseen,phase12,low_load,low_load,ml,unseen_configuration,test_unseen,False,45,p12_exp_04_low_ml_unseen_6,1788873271.3634882,process,0.025,4,7.5,15.0,25.0,0,20.0,1.5,0,15.0,25.0,0,20.0,1.5,0,15.0,25.0,1,20.0,1.5,0,server-3,http://127.0.0.1:8003,1.0,False,server-3,94.367,94.367,True,200,NORMAL,,11387.1941953,11387.2885625
p12_exp_04_low_ml_unseen,phase12,low_load,low_load,ml,unseen_configuration,test_unseen,False,45,p12_exp_04_low_ml_unseen_7,1788873271.4974763,process,0.025,4,7.5,15.0,25.0,0,20.0,1.5,0,15.0,25.0,0,20.0,1.5,0,15.0,25.0,1,20.0,1.5,0,server-3,http://127.0.0.1:8003,1.0,False,server-3,83.956,83.956,True,200,NORMAL,,11387.3282407,11387.4121966
p12_exp_04_low_ml_unseen,phase12,low_load,low_load,ml,unseen_configuration,test_unseen,False,45,p12_exp_04_low_ml_unseen_8,1788873271.631132,process,0.025,4,7.5,15.0,25.0,0,20.0,1.5,0,15.0,25.0,0,20.0,1.5,0,15.0,25.0,1,20.0,1.5,0,server-3,http://127.0.0.1:8003,1.0,False,server-3,110.135,110.135,True,200,NORMAL,,11387.4619086,11387.5720434
p12_exp_04_low_ml_unseen,phase12,low_load,low_load,ml,unseen_configuration,test_unseen,False,45,p12_exp_04_low_ml_unseen_9,1788873271.7648706,process,0.025,4,7.5,15.0,25.0,0,20.0,1.5,0,15.0,25.0,0,20.0,1.5,0,15.0,25.0,1,20.0,1.5,0,server-3,http://127.0.0.1:8003,1.0,False,server-3,97.063,97.063,True,200,NORMAL,,11387.595575,11387.6926384
p12_exp_04_low_ml_unseen,phase12,low_load,low_load,ml,unseen_configuration,test_unseen,False,45,p12_exp_04_low_ml_unseen_10,1788873271.8984034,process,0.025,4,7.5,15.0,25.0,0,20.0,1.5,0,15.0,25.0,0,20.0,1.5,0,15.0,25.0,1,20.0,1.5,0,server-3,http://127.0.0.1:8003,1.0,False,server-3,101.854,101.854,True,200,NORMAL,,11387.7292404,11387.8310943
p12_exp_04_low_ml_unseen,phase12,low_load,low_load,ml,unseen_configuration,test_unseen,False,45,p12_exp_04_low_ml_unseen_11,1788873272.0324116,process,0.025,4,7.5,15.0,25.0,0,20.0,1.5,0,15.0,25.0,0,20.0,1.5,0,15.0,25.0,1,20.0,1.5,0,server-3,http://127.0.0.1:8003,1.0,False,server-3,110.083,110.083,True,200,NORMAL,,11387.8631416,11387.9732247
p12_exp_04_low_ml_unseen,phase12,low_load,low_load,ml,unseen_configuration,test_unseen,False,45,p12_exp_04_low_ml_unseen_12,1788873272.1661875,process,0.025,4,7.5,15.0,25.0,0,20.0,1.5,0,15.0,25.0,0,20.0,1.5,0,15.0,25.0,1,20.0,1.5,0,server-3,http://127.0.0.1:8003,1.0,False,server-3,107.791,107.791,True,200,NORMAL,,11387.9969146,11388.1047054
p12_exp_04_low_ml_unseen,phase12,low_load,low_load,ml,unseen_configuration,test_unseen,False,45,p12_exp_04_low_ml_unseen_13,1788873272.299851,process,0.025,4,7.5,15.0,25.0,0,20.0,1.5,0,15.0,25.0,0,20.0,1.5,0,15.0,25.0,1,20.0,1.5,0,server-3,http://127.0.0.1:8003,1.0,False,server-3,90.981,90.981,True,200,NORMAL,,11388.1306325,11388.2216135
p12_exp_04_low_ml_unseen,phase12,low_load,low_load,ml,unseen_configuration,test_unseen,False,45,p12_exp_04_low_ml_unseen_14,1788873272.4338355,process,0.025,4,7.5,15.0,25.0,0,20.0,1.5,0,15.0,25.0,0,20.0,1.5,0,15.0,25.0,1,20.0,1.5,0,server-3,http://127.0.0.1:8003,1.0,False,server-3,102.504,102.504,True,200,NORMAL,,11388.2645523,11388.3670562
p12_exp_04_low_ml_unseen,phase12,low_load,low_load,ml,unseen_configuration,test_unseen,False,45,p12_exp_04_low_ml_unseen_15,1788873272.567839,process,0.025,4,7.5,15.0,25.0,0,20.0,1.5,0,15.0,25.0,0,20.0,1.5,0,15.0,25.0,1,20.0,1.5,0,server-3,http://127.0.0.1:8003,1.0,False,server-3,44.289,44.289,True,200,NORMAL,,11388.3985328,11388.442822
p12_exp_04_low_ml_unseen,phase12,low_load,low_load,ml,unseen_configuration,test_unseen,False,45,p12_exp_04_low_ml_unseen_16,1788873272.70163,process,0.025,4,7.5,15.0,25.0,0,20.0,1.5,0,15.0,25.0,0,20.0,1.5,0,15.0,25.0,1,20.0,1.5,0,server-3,http://127.0.0.1:8003,1.0,False,server-3,75.959,75.959,True,200,NORMAL,,11388.5323038,11388.6082627
p12_exp_04_low_ml_unseen,phase12,low_load,low_load,ml,unseen_configuration,test_unseen,False,45,p12_exp_04_low_ml_unseen_17,1788873272.8353224,process,0.025,4,7.5,15.0,25.0,0,20.0,1.5,0,15.0,25.0,0,20.0,1.5,0,15.0,25.0,1,20.0,1.5,0,server-3,http://127.0.0.1:8003,1.0,False,server-3,86.027,86.027,True,200,NORMAL,,11388.6659875,11388.7520142
p12_exp_04_low_ml_unseen,phase12,low_load,low_load,ml,unseen_configuration,test_unseen,False,45,p12_exp_04_low_ml_unseen_18,1788873272.9687572,process,0.025,4,7.5,15.0,25.0,0,20.0,1.5,0,15.0,25.0,0,20.0,1.5,0,15.0,25.0,1,20.0,1.5,0,server-3,http://127.0.0.1:8003,1.0,False,server-3,56.563,56.563,True,200,NORMAL,,11388.7994644,11388.8560269
p12_exp_04_low_ml_unseen,phase12,low_load,low_load,ml,unseen_configuration,test_unseen,False,45,p12_exp_04_low_ml_unseen_19,1788873273.1024628,process,0.025,4,7.5,15.0,25.0,0,20.0,1.5,0,15.0,25.0,0,20.0,1.5,0,15.0,25.0,1,20.0,1.5,0,server-3,http://127.0.0.1:8003,1.0,False,server-3,80.948,80.948,True,200,NORMAL,,11388.933187,11389.0141353
p12_exp_04_low_ml_unseen,phase12,low_load,low_load,ml,unseen_configuration,test_unseen,False,45,p12_exp_04_low_ml_unseen_20,1788873273.236078,process,0.025,4,7.5,15.0,25.0,0,20.0,1.5,0,15.0,25.0,0,20.0,1.5,0,15.0,25.0,1,20.0,1.5,0,server-3,http://127.0.0.1:8003,1.0,False,server-3,80.112,80.112,True,200,NORMAL,,11389.0668222,11389.1469347
p12_exp_04_low_ml_unseen,phase12,low_load,low_load,ml,unseen_configuration,test_unseen,False,45,p12_exp_04_low_ml_unseen_21,1788873273.369854,process,0.025,4,7.5,15.0,25.0,0,20.0,1.5,0,15.0,25.0,0,20.0,1.5,0,15.0,25.0,1,20.0,1.5,0,server-3,http://127.0.0.1:8003,1.0,False,server-3,88.35,88.35,True,200,NORMAL,,11389.200674,11389.2890238
p12_exp_04_low_ml_unseen,phase12,low_load,low_load,ml,unseen_configuration,test_unseen,False,45,p12_exp_04_low_ml_unseen_22,1788873273.503618,process,0.025,4,7.5,15.0,25.0,0,20.0,1.5,0,15.0,25.0,0,20.0,1.5,0,15.0,25.0,1,20.0,1.5,0,server-3,http://127.0.0.1:8003,1.0,False,server-3,87.332,87.332,True,200,NORMAL,,11389.3344247,11389.4217572
p12_exp_04_low_ml_unseen,phase12,low_load,low_load,ml,unseen_configuration,test_unseen,False,45,p12_exp_04_low_ml_unseen_23,1788873273.6373415,process,0.025,4,7.5,15.0,25.0,0,20.0,1.5,0,15.0,25.0,0,20.0,1.5,0,15.0,25.0,1,20.0,1.5,0,server-3,http://127.0.0.1:8003,1.0,False,server-3,119.744,119.744,True,200,NORMAL,,11389.4680047,11389.587749
p12_exp_04_low_ml_unseen,phase12,low_load,low_load,ml,unseen_configuration,test_unseen,False,45,p12_exp_04_low_ml_unseen_24,1788873273.7711787,process,0.025,4,7.5,15.0,25.0,0,20.0,1.5,0,15.0,25.0,0,20.0,1.5,0,15.0,25.0,1,20.0,1.5,0,server-3,http://127.0.0.1:8003,1.0,False,server-3,96.962,96.962,True,200,NORMAL,,11389.601941,11389.6989028
p12_exp_04_low_ml_unseen,phase12,low_load,low_load,ml,unseen_configuration,test_unseen,False,45,p12_exp_04_low_ml_unseen_25,1788873273.905054,process,0.025,4,7.5,15.0,25.0,0,20.0,1.5,0,15.0,25.0,0,20.0,1.5,0,15.0,25.0,1,20.0,1.5,0,server-3,http://127.0.0.1:8003,1.0,False,server-3,95.938,95.938,True,200,NORMAL,,11389.7357928,11389.8317303
p12_exp_04_low_ml_unseen,phase12,low_load,low_load,ml,unseen_configuration,test_unseen,False,45,p12_exp_04_low_ml_unseen_26,1788873274.0389495,process,0.025,4,7.5,15.0,25.0,0,20.0,1.5,0,15.0,25.0,0,20.0,1.5,0,15.0,25.0,1,20.0,1.5,0,server-3,http://127.0.0.1:8003,1.0,False,server-3,160.029,160.029,True,200,NORMAL,,11389.8696327,11390.0296612
p12_exp_04_low_ml_unseen,phase12,low_load,low_load,ml,unseen_configuration,test_unseen,False,45,p12_exp_04_low_ml_unseen_27,1788873274.1724086,process,0.025,4,7.5,15.0,25.0,0,20.0,1.5,0,15.0,25.0,0,20.0,1.5,0,15.0,25.0,1,20.0,1.5,0,server-3,http://127.0.0.1:8003,1.0,False,server-3,83.259,83.259,True,200,NORMAL,,11390.0038209,11390.0870796
p12_exp_04_low_ml_unseen,phase12,low_load,low_load,ml,unseen_configuration,test_unseen,False,45,p12_exp_04_low_ml_unseen_28,1788873274.3070736,process,0.025,4,7.5,15.0,25.0,0,20.0,1.5,0,15.0,25.0,0,20.0,1.5,0,15.0,25.0,1,20.0,1.5,0,server-3,http://127.0.0.1:8003,1.0,False,server-3,131.616,131.616,True,200,NORMAL,,11390.137826,11390.2694418
p12_exp_04_low_ml_unseen,phase12,low_load,low_load,ml,unseen_configuration,test_unseen,False,45,p12_exp_04_low_ml_unseen_29,1788873274.4410546,process,0.025,4,7.5,15.0,25.0,0,20.0,1.5,0,15.0,25.0,0,20.0,1.5,0,15.0,25.0,1,20.0,1.5,0,server-3,http://127.0.0.1:8003,1.0,False,server-3,110.862,110.862,True,200,NORMAL,,11390.2718145,11390.3826766
p12_exp_04_low_ml_unseen,phase12,low_load,low_load,ml,unseen_configuration,test_unseen,False,45,p12_exp_04_low_ml_unseen_30,1788873274.5745566,process,0.025,4,7.5,15.0,25.0,0,20.0,1.5,0,15.0,25.0,0,20.0,1.5,0,15.0,25.0,1,20.0,1.5,0,server-3,http://127.0.0.1:8003,1.0,False,server-3,72.389,72.389,True,200,NORMAL,,11390.4053079,11390.4776968
p12_exp_04_low_ml_unseen,phase12,low_load,low_load,ml,unseen_configuration,test_unseen,False,45,p12_exp_04_low_ml_unseen_31,1788873274.7083216,process,0.025,4,7.5,15.0,25.0,0,20.0,1.5,0,15.0,25.0,0,20.0,1.5,0,15.0,25.0,1,20.0,1.5,0,server-3,http://127.0.0.1:8003,1.0,False,server-3,123.568,123.568,True,200,NORMAL,,11390.5390812,11390.6626493
p12_exp_04_low_ml_unseen,phase12,low_load,low_load,ml,unseen_configuration,test_unseen,False,45,p12_exp_04_low_ml_unseen_32,1788873274.842161,process,0.025,4,7.5,15.0,25.0,0,20.0,1.5,0,15.0,25.0,0,20.0,1.5,0,15.0,25.0,1,20.0,1.5,0,server-3,http://127.0.0.1:8003,1.0,False,server-3,89.83,89.83,True,200,NORMAL,,11390.6727502,11390.7625799
p12_exp_04_low_ml_unseen,phase12,low_load,low_load,ml,unseen_configuration,test_unseen,False,45,p12_exp_04_low_ml_unseen_33,1788873274.975601,process,0.025,4,7.5,15.0,25.0,0,20.0,1.5,0,15.0,25.0,0,20.0,1.5,0,15.0,25.0,1,20.0,1.5,0,server-3,http://127.0.0.1:8003,1.0,False,server-3,85.752,85.752,True,200,NORMAL,,11390.8062907,11390.892043
p12_exp_04_low_ml_unseen,phase12,low_load,low_load,ml,unseen_configuration,test_unseen,False,45,p12_exp_04_low_ml_unseen_34,1788873275.1092465,process,0.025,4,7.5,15.0,25.0,0,20.0,1.5,0,15.0,25.0,0,20.0,1.5,0,15.0,25.0,1,20.0,1.5,0,server-3,http://127.0.0.1:8003,1.0,False,server-3,152.936,152.936,True,200,NORMAL,,11390.9400262,11391.0929621
p12_exp_04_low_ml_unseen,phase12,low_load,low_load,ml,unseen_configuration,test_unseen,False,45,p12_exp_04_low_ml_unseen_35,1788873275.243196,process,0.025,4,7.5,15.0,25.0,0,20.0,1.5,0,15.0,25.0,0,20.0,1.5,0,15.0,25.0,1,20.0,1.5,0,server-3,http://127.0.0.1:8003,1.0,False,server-3,69.095,69.095,True,200,NORMAL,,11391.073931,11391.1430262
p12_exp_05_med_rr_seen,phase12,medium_load,medium_load,round_robin,seen_configuration,train,False,46,p12_exp_05_med_rr_seen_1,1788873276.5180082,process,0.03,5,15.0,15.0,25.0,0,20.0,1.5,0,15.0,25.0,1,20.0,1.5,0,15.0,25.0,0,20.0,1.5,0,server-2,,,False,server-2,56.702,56.702,True,200,NORMAL,,11392.348571,11392.4052729
p12_exp_05_med_rr_seen,phase12,medium_load,medium_load,round_robin,seen_configuration,train,False,46,p12_exp_05_med_rr_seen_2,1788873276.585318,process,0.03,5,15.0,15.0,25.0,0,20.0,1.5,0,15.0,25.0,0,20.0,1.5,0,15.0,25.0,1,20.0,1.5,0,server-3,,,False,server-3,81.358,81.358,True,200,NORMAL,,11392.4160993,11392.4974571
p12_exp_05_med_rr_seen,phase12,medium_load,medium_load,round_robin,seen_configuration,train,False,46,p12_exp_05_med_rr_seen_3,1788873276.652918,process,0.03,5,15.0,15.0,25.0,1,20.0,1.5,0,15.0,25.0,0,20.0,1.5,0,15.0,25.0,0,20.0,1.5,0,server-1,,,False,server-1,65.35,65.35,True,200,NORMAL,,11392.4839863,11392.5493359
p12_exp_05_med_rr_seen,phase12,medium_load,medium_load,round_robin,seen_configuration,train,False,46,p12_exp_05_med_rr_seen_4,1788873276.7207987,process,0.03,5,15.0,15.0,25.0,0,20.0,1.5,0,15.0,25.0,1,20.0,1.5,0,15.0,25.0,0,20.0,1.5,0,server-2,,,False,server-2,37.419,37.419,True,200,NORMAL,,11392.551477,11392.5888961
p12_exp_05_med_rr_seen,phase12,medium_load,medium_load,round_robin,seen_configuration,train,False,46,p12_exp_05_med_rr_seen_5,1788873276.7876663,process,0.03,5,15.0,15.0,25.0,0,20.0,1.5,0,15.0,25.0,0,20.0,1.5,0,15.0,25.0,1,20.0,1.5,0,server-3,,,False,server-3,61.916,61.916,True,200,NORMAL,,11392.6183771,11392.6802926
p12_exp_05_med_rr_seen,phase12,medium_load,medium_load,round_robin,seen_configuration,train,False,46,p12_exp_05_med_rr_seen_6,1788873276.854857,process,0.03,5,15.0,15.0,25.0,1,20.0,1.5,0,15.0,25.0,0,20.0,1.5,0,15.0,25.0,0,20.0,1.5,0,server-1,,,False,server-1,63.626,63.626,True,200,NORMAL,,11392.6856223,11392.7492486
p12_exp_05_med_rr_seen,phase12,medium_load,medium_load,round_robin,seen_configuration,train,False,46,p12_exp_05_med_rr_seen_7,1788873276.922243,process,0.03,5,15.0,15.0,25.0,0,20.0,1.5,0,15.0,25.0,1,20.0,1.5,0,15.0,25.0,0,20.0,1.5,0,server-2,,,False,server-2,65.559,65.559,True,200,NORMAL,,11392.7529871,11392.8185458
p12_exp_05_med_rr_seen,phase12,medium_load,medium_load,round_robin,seen_configuration,train,False,46,p12_exp_05_med_rr_seen_8,1788873276.9894912,process,0.03,5,15.0,15.0,25.0,0,20.0,1.5,0,15.0,25.0,0,20.0,1.5,0,15.0,25.0,1,20.0,1.5,0,server-3,,,False,server-3,51.608,51.608,True,200,NORMAL,,11392.8202814,11392.8718895
p12_exp_05_med_rr_seen,phase12,medium_load,medium_load,round_robin,seen_configuration,train,False,46,p12_exp_05_med_rr_seen_9,1788873277.0568445,process,0.03,5,15.0,15.0,25.0,1,20.0,1.5,0,15.0,25.0,0,20.0,1.5,0,15.0,25.0,0,20.0,1.5,0,server-1,,,False,server-1,72.755,72.755,True,200,NORMAL,,11392.8875601,11392.960315
p12_exp_05_med_rr_seen,phase12,medium_load,medium_load,round_robin,seen_configuration,train,False,46,p12_exp_05_med_rr_seen_10,1788873277.123957,process,0.03,5,15.0,15.0,25.0,0,20.0,1.5,0,15.0,25.0,1,20.0,1.5,0,15.0,25.0,0,20.0,1.5,0,server-2,,,False,server-2,40.052,40.052,True,200,NORMAL,,11392.9547344,11392.9947862
p12_exp_05_med_rr_seen,phase12,medium_load,medium_load,round_robin,seen_configuration,train,False,46,p12_exp_05_med_rr_seen_11,1788873277.1913562,process,0.03,5,15.0,15.0,25.0,0,20.0,1.5,0,15.0,25.0,0,20.0,1.5,0,15.0,25.0,1,20.0,1.5,0,server-3,,,False,server-3,70.039,70.039,True,200,NORMAL,,11393.0220813,11393.0921206
p12_exp_05_med_rr_seen,phase12,medium_load,medium_load,round_robin,seen_configuration,train,False,46,p12_exp_05_med_rr_seen_12,1788873277.258351,process,0.03,5,15.0,15.0,25.0,1,20.0,1.5,0,15.0,25.0,0,20.0,1.5,0,15.0,25.0,0,20.0,1.5,0,server-1,,,False,server-1,39.178,39.178,True,200,NORMAL,,11393.0891087,11393.1282867
p12_exp_05_med_rr_seen,phase12,medium_load,medium_load,round_robin,seen_configuration,train,False,46,p12_exp_05_med_rr_seen_13,1788873277.325397,process,0.03,5,15.0,15.0,25.0,0,20.0,1.5,0,15.0,25.0,1,20.0,1.5,0,15.0,25.0,0,20.0,1.5,0,server-2,,,False,server-2,71.563,71.563,True,200,NORMAL,,11393.1561186,11393.2276816
p12_exp_05_med_rr_seen,phase12,medium_load,medium_load,round_robin,seen_configuration,train,False,46,p12_exp_05_med_rr_seen_14,1788873277.392679,process,0.03,5,15.0,15.0,25.0,0,20.0,1.5,0,15.0,25.0,0,20.0,1.5,0,15.0,25.0,1,20.0,1.5,0,server-3,,,False,server-3,74.451,74.451,True,200,NORMAL,,11393.2234317,11393.2978826
p12_exp_05_med_rr_seen,phase12,medium_load,medium_load,round_robin,seen_configuration,train,False,46,p12_exp_05_med_rr_seen_15,1788873277.4597812,process,0.03,5,15.0,15.0,25.0,1,20.0,1.5,0,15.0,25.0,0,20.0,1.5,0,15.0,25.0,0,20.0,1.5,0,server-1,,,False,server-1,61.773,61.773,True,200,NORMAL,,11393.2905202,11393.352293
p12_exp_05_med_rr_seen,phase12,medium_load,medium_load,round_robin,seen_configuration,train,False,46,p12_exp_05_med_rr_seen_16,1788873277.5266926,process,0.03,5,15.0,15.0,25.0,0,20.0,1.5,0,15.0,25.0,1,20.0,1.5,0,15.0,25.0,0,20.0,1.5,0,server-2,,,False,server-2,61.754,61.754,True,200,NORMAL,,11393.3574286,11393.4191828
p12_exp_05_med_rr_seen,phase12,medium_load,medium_load,round_robin,seen_configuration,train,False,46,p12_exp_05_med_rr_seen_17,1788873277.5936992,process,0.03,5,15.0,15.0,25.0,0,20.0,1.5,0,15.0,25.0,0,20.0,1.5,0,15.0,25.0,1,20.0,1.5,0,server-3,,,False,server-3,71.372,71.372,True,200,NORMAL,,11393.424394,11393.4957664
p12_exp_05_med_rr_seen,phase12,medium_load,medium_load,round_robin,seen_configuration,train,False,46,p12_exp_05_med_rr_seen_18,1788873277.660872,process,0.03,5,15.0,15.0,25.0,1,20.0,1.5,0,15.0,25.0,0,20.0,1.5,0,15.0,25.0,0,20.0,1.5,0,server-1,,,False,server-1,62.782,62.782,True,200,NORMAL,,11393.4919757,11393.5547575
p12_exp_05_med_rr_seen,phase12,medium_load,medium_load,round_robin,seen_configuration,train,False,46,p12_exp_05_med_rr_seen_19,1788873277.7277813,process,0.03,5,15.0,15.0,25.0,0,20.0,1.5,0,15.0,25.0,1,20.0,1.5,0,15.0,25.0,0,20.0,1.5,0,server-2,,,False,server-2,49.624,49.624,True,200,NORMAL,,11393.5584866,11393.6081104
p12_exp_05_med_rr_seen,phase12,medium_load,medium_load,round_robin,seen_configuration,train,False,46,p12_exp_05_med_rr_seen_20,1788873277.794783,process,0.03,5,15.0,15.0,25.0,0,20.0,1.5,0,15.0,25.0,0,20.0,1.5,0,15.0,25.0,1,20.0,1.5,0,server-3,,,False,server-3,67.235,67.235,True,200,NORMAL,,11393.6254851,11393.6927203
p12_exp_05_med_rr_seen,phase12,medium_load,medium_load,round_robin,seen_configuration,train,False,46,p12_exp_05_med_rr_seen_21,1788873277.8622968,process,0.03,5,15.0,15.0,25.0,1,20.0,1.5,0,15.0,25.0,0,20.0,1.5,0,15.0,25.0,0,20.0,1.5,0,server-1,,,False,server-1,73.003,73.003,True,200,NORMAL,,11393.6930368,11393.7660393
p12_exp_05_med_rr_seen,phase12,medium_load,medium_load,round_robin,seen_configuration,train,False,46,p12_exp_05_med_rr_seen_22,1788873277.9295847,process,0.03,5,15.0,15.0,25.0,0,20.0,1.5,0,15.0,25.0,1,20.0,1.5,0,15.0,25.0,0,20.0,1.5,0,server-2,,,False,server-2,67.929,67.929,True,200,NORMAL,,11393.760347,11393.8282764
p12_exp_05_med_rr_seen,phase12,medium_load,medium_load,round_robin,seen_configuration,train,False,46,p12_exp_05_med_rr_seen_23,1788873277.9973512,process,0.03,5,15.0,15.0,25.0,0,20.0,1.5,0,15.0,25.0,0,20.0,1.5,0,15.0,25.0,1,20.0,1.5,0,server-3,,,False,server-3,60.388,60.388,True,200,NORMAL,,11393.8283345,11393.8887222
p12_exp_05_med_rr_seen,phase12,medium_load,medium_load,round_robin,seen_configuration,train,False,46,p12_exp_05_med_rr_seen_24,1788873278.064254,process,0.03,5,15.0,15.0,25.0,1,20.0,1.5,0,15.0,25.0,0,20.0,1.5,0,15.0,25.0,0,20.0,1.5,0,server-1,,,False,server-1,37.608,37.608,True,200,NORMAL,,11393.8949867,11393.9325948
p12_exp_05_med_rr_seen,phase12,medium_load,medium_load,round_robin,seen_configuration,train,False,46,p12_exp_05_med_rr_seen_25,1788873278.1314523,process,0.03,5,15.0,15.0,25.0,0,20.0,1.5,0,15.0,25.0,1,20.0,1.5,0,15.0,25.0,0,20.0,1.5,0,server-2,,,False,server-2,70.676,70.676,True,200,NORMAL,,11393.9622358,11394.0329115
p12_exp_05_med_rr_seen,phase12,medium_load,medium_load,round_robin,seen_configuration,train,False,46,p12_exp_05_med_rr_seen_26,1788873278.1993058,process,0.03,5,15.0,15.0,25.0,0,20.0,1.5,0,15.0,25.0,0,20.0,1.5,0,15.0,25.0,1,20.0,1.5,0,server-3,,,False,server-3,39.13,39.13,True,200,NORMAL,,11394.0300477,11394.0691779
p12_exp_05_med_rr_seen,phase12,medium_load,medium_load,round_robin,seen_configuration,train,False,46,p12_exp_05_med_rr_seen_27,1788873278.2674751,process,0.03,5,15.0,15.0,25.0,1,20.0,1.5,0,15.0,25.0,0,20.0,1.5,0,15.0,25.0,0,20.0,1.5,0,server-1,,,False,server-1,63.295,63.295,True,200,NORMAL,,11394.0981912,11394.1614863
p12_exp_05_med_rr_seen,phase12,medium_load,medium_load,round_robin,seen_configuration,train,False,46,p12_exp_05_med_rr_seen_28,1788873278.3349442,process,0.03,5,15.0,15.0,25.0,0,20.0,1.5,0,15.0,25.0,1,20.0,1.5,0,15.0,25.0,0,20.0,1.5,0,server-2,,,False,server-2,49.125,49.125,True,200,NORMAL,,11394.1656326,11394.2147578
p12_exp_05_med_rr_seen,phase12,medium_load,medium_load,round_robin,seen_configuration,train,False,46,p12_exp_05_med_rr_seen_29,1788873278.4018762,process,0.03,5,15.0,15.0,25.0,0,20.0,1.5,0,15.0,25.0,0,20.0,1.5,0,15.0,25.0,1,20.0,1.5,0,server-3,,,False,server-3,69.586,69.586,True,200,NORMAL,,11394.2326745,11394.3022606
p12_exp_05_med_rr_seen,phase12,medium_load,medium_load,round_robin,seen_configuration,train,False,46,p12_exp_05_med_rr_seen_30,1788873278.4692626,process,0.03,5,15.0,15.0,25.0,1,20.0,1.5,0,15.0,25.0,0,20.0,1.5,0,15.0,25.0,0,20.0,1.5,0,server-1,,,False,server-1,51.144,51.144,True,200,NORMAL,,11394.2999952,11394.351139
p12_exp_05_med_rr_seen,phase12,medium_load,medium_load,round_robin,seen_configuration,train,False,46,p12_exp_05_med_rr_seen_31,1788873278.5362315,process,0.03,5,15.0,15.0,25.0,0,20.0,1.5,0,15.0,25.0,1,20.0,1.5,0,15.0,25.0,0,20.0,1.5,0,server-2,,,False,server-2,59.468,59.468,True,200,NORMAL,,11394.367021,11394.4264893
p12_exp_05_med_rr_seen,phase12,medium_load,medium_load,round_robin,seen_configuration,train,False,46,p12_exp_05_med_rr_seen_32,1788873278.6035264,process,0.03,5,15.0,15.0,25.0,0,20.0,1.5,0,15.0,25.0,0,20.0,1.5,0,15.0,25.0,1,20.0,1.5,0,server-3,,,False,server-3,64.69,64.69,True,200,NORMAL,,11394.4343095,11394.4989993
p12_exp_05_med_rr_seen,phase12,medium_load,medium_load,round_robin,seen_configuration,train,False,46,p12_exp_05_med_rr_seen_33,1788873278.6703978,process,0.03,5,15.0,15.0,25.0,1,20.0,1.5,0,15.0,25.0,0,20.0,1.5,0,15.0,25.0,0,20.0,1.5,0,server-1,,,False,server-1,41.356,41.356,True,200,NORMAL,,11394.5011232,11394.5424796
p12_exp_05_med_rr_seen,phase12,medium_load,medium_load,round_robin,seen_configuration,train,False,46,p12_exp_05_med_rr_seen_34,1788873278.7372642,process,0.03,5,15.0,15.0,25.0,0,20.0,1.5,0,15.0,25.0,1,20.0,1.5,0,15.0,25.0,0,20.0,1.5,0,server-2,,,False,server-2,53.359,53.359,True,200,NORMAL,,11394.5680241,11394.6213826
p12_exp_05_med_rr_seen,phase12,medium_load,medium_load,round_robin,seen_configuration,train,False,46,p12_exp_05_med_rr_seen_35,1788873278.8041608,process,0.03,5,15.0,15.0,25.0,0,20.0,1.5,0,15.0,25.0,0,20.0,1.5,0,15.0,25.0,1,20.0,1.5,0,server-3,,,False,server-3,59.381,59.381,True,200,NORMAL,,11394.6348925,11394.6942735
p12_exp_05_med_rr_seen,phase12,medium_load,medium_load,round_robin,seen_configuration,train,False,46,p12_exp_05_med_rr_seen_36,1788873278.8712544,process,0.03,5,15.0,15.0,25.0,1,20.0,1.5,0,15.0,25.0,0,20.0,1.5,0,15.0,25.0,0,20.0,1.5,0,server-1,,,False,server-1,53.904,53.904,True,200,NORMAL,,11394.7020417,11394.755946
p12_exp_05_med_rr_seen,phase12,medium_load,medium_load,round_robin,seen_configuration,train,False,46,p12_exp_05_med_rr_seen_37,1788873278.938509,process,0.03,5,15.0,15.0,25.0,0,20.0,1.5,0,15.0,25.0,1,20.0,1.5,0,15.0,25.0,0,20.0,1.5,0,server-2,,,False,server-2,37.167,37.167,True,200,NORMAL,,11394.7692053,11394.8063719
p12_exp_05_med_rr_seen,phase12,medium_load,medium_load,round_robin,seen_configuration,train,False,46,p12_exp_05_med_rr_seen_38,1788873279.005767,process,0.03,5,15.0,15.0,25.0,0,20.0,1.5,0,15.0,25.0,0,20.0,1.5,0,15.0,25.0,1,20.0,1.5,0,server-3,,,False,server-3,47.945,47.945,True,200,NORMAL,,11394.8364509,11394.8843958
p12_exp_05_med_rr_seen,phase12,medium_load,medium_load,round_robin,seen_configuration,train,False,46,p12_exp_05_med_rr_seen_39,1788873279.0729303,process,0.03,5,15.0,15.0,25.0,1,20.0,1.5,0,15.0,25.0,0,20.0,1.5,0,15.0,25.0,0,20.0,1.5,0,server-1,,,False,server-1,69.767,69.767,True,200,NORMAL,,11394.9036348,11394.9734016
p12_exp_05_med_rr_seen,phase12,medium_load,medium_load,round_robin,seen_configuration,train,False,46,p12_exp_05_med_rr_seen_40,1788873279.1399524,process,0.03,5,15.0,15.0,25.0,0,20.0,1.5,0,15.0,25.0,1,20.0,1.5,0,15.0,25.0,0,20.0,1.5,0,server-2,,,False,server-2,50.649,50.649,True,200,NORMAL,,11394.9711786,11395.0218272
p12_exp_06_med_lc_seen,phase12,medium_load,medium_load,least_connections,seen_configuration,val,False,47,p12_exp_06_med_lc_seen_1,1788873280.7488425,process,0.03,6,14.0,15.0,25.0,1,20.0,1.5,0,15.0,25.0,0,20.0,1.5,0,15.0,25.0,0,20.0,1.5,0,server-1,,,False,server-1,71.198,71.198,True,200,NORMAL,,11396.5797694,11396.650967
p12_exp_06_med_lc_seen,phase12,medium_load,medium_load,least_connections,seen_configuration,val,False,47,p12_exp_06_med_lc_seen_2,1788873280.8214564,process,0.03,6,14.0,15.0,25.0,1,20.0,1.5,0,15.0,25.0,0,20.0,1.5,0,15.0,25.0,0,20.0,1.5,0,server-1,,,False,server-1,56.123,56.123,True,200,NORMAL,,11396.6522638,11396.7083868
p12_exp_06_med_lc_seen,phase12,medium_load,medium_load,least_connections,seen_configuration,val,False,47,p12_exp_06_med_lc_seen_3,1788873280.8935964,process,0.03,6,14.0,15.0,25.0,1,20.0,1.5,0,15.0,25.0,0,20.0,1.5,0,15.0,25.0,0,20.0,1.5,0,server-1,,,False,server-1,60.036,60.036,True,200,NORMAL,,11396.724304,11396.7843397
p12_exp_06_med_lc_seen,phase12,medium_load,medium_load,least_connections,seen_configuration,val,False,47,p12_exp_06_med_lc_seen_4,1788873280.9655948,process,0.03,6,14.0,15.0,25.0,1,20.0,1.5,0,15.0,25.0,0,20.0,1.5,0,15.0,25.0,0,20.0,1.5,0,server-1,,,False,server-1,70.827,70.827,True,200,NORMAL,,11396.7963624,11396.8671896
p12_exp_06_med_lc_seen,phase12,medium_load,medium_load,least_connections,seen_configuration,val,False,47,p12_exp_06_med_lc_seen_5,1788873281.0376031,process,0.03,6,14.0,15.0,25.0,1,20.0,1.5,0,15.0,25.0,0,20.0,1.5,0,15.0,25.0,0,20.0,1.5,0,server-1,,,False,server-1,51.552,51.552,True,200,NORMAL,,11396.8683359,11396.9198884
p12_exp_06_med_lc_seen,phase12,medium_load,medium_load,least_connections,seen_configuration,val,False,47,p12_exp_06_med_lc_seen_6,1788873281.1092334,process,0.03,6,14.0,15.0,25.0,1,20.0,1.5,0,15.0,25.0,0,20.0,1.5,0,15.0,25.0,0,20.0,1.5,0,server-1,,,False,server-1,63.697,63.697,True,200,NORMAL,,11396.9399683,11397.0036648
p12_exp_06_med_lc_seen,phase12,medium_load,medium_load,least_connections,seen_configuration,val,False,47,p12_exp_06_med_lc_seen_7,1788873281.1812062,process,0.03,6,14.0,15.0,25.0,1,20.0,1.5,0,15.0,25.0,0,20.0,1.5,0,15.0,25.0,0,20.0,1.5,0,server-1,,,False,server-1,67.987,67.987,True,200,NORMAL,,11397.011979,11397.0799664
p12_exp_06_med_lc_seen,phase12,medium_load,medium_load,least_connections,seen_configuration,val,False,47,p12_exp_06_med_lc_seen_8,1788873281.2530162,process,0.03,6,14.0,15.0,25.0,1,20.0,1.5,0,15.0,25.0,0,20.0,1.5,0,15.0,25.0,0,20.0,1.5,0,server-1,,,False,server-1,81.707,81.707,True,200,NORMAL,,11397.0836958,11397.1654033
p12_exp_06_med_lc_seen,phase12,medium_load,medium_load,least_connections,seen_configuration,val,False,47,p12_exp_06_med_lc_seen_9,1788873281.324726,process,0.03,6,14.0,15.0,25.0,1,20.0,1.5,0,15.0,25.0,0,20.0,1.5,0,15.0,25.0,0,20.0,1.5,0,server-1,,,False,server-1,54.641,54.641,True,200,NORMAL,,11397.156193,11397.210834
p12_exp_06_med_lc_seen,phase12,medium_load,medium_load,least_connections,seen_configuration,val,False,47,p12_exp_06_med_lc_seen_10,1788873281.3975155,process,0.03,6,14.0,15.0,25.0,1,20.0,1.5,0,15.0,25.0,0,20.0,1.5,0,15.0,25.0,0,20.0,1.5,0,server-1,,,False,server-1,36.551,36.551,True,200,NORMAL,,11397.2282045,11397.2647553
p12_exp_06_med_lc_seen,phase12,medium_load,medium_load,least_connections,seen_configuration,val,False,47,p12_exp_06_med_lc_seen_11,1788873281.4695082,process,0.03,6,14.0,15.0,25.0,1,20.0,1.5,0,15.0,25.0,0,20.0,1.5,0,15.0,25.0,0,20.0,1.5,0,server-1,,,False,server-1,38.612,38.612,True,200,NORMAL,,11397.3002778,11397.3388896
p12_exp_06_med_lc_seen,phase12,medium_load,medium_load,least_connections,seen_configuration,val,False,47,p12_exp_06_med_lc_seen_12,1788873281.541592,process,0.03,6,14.0,15.0,25.0,1,20.0,1.5,0,15.0,25.0,0,20.0,1.5,0,15.0,25.0,0,20.0,1.5,0,server-1,,,False,server-1,58.314,58.314,True,200,NORMAL,,11397.3723397,11397.4306539
p12_exp_06_med_lc_seen,phase12,medium_load,medium_load,least_connections,seen_configuration,val,False,47,p12_exp_06_med_lc_seen_13,1788873281.613211,process,0.03,6,14.0,15.0,25.0,1,20.0,1.5,0,15.0,25.0,0,20.0,1.5,0,15.0,25.0,0,20.0,1.5,0,server-1,,,False,server-1,78.028,78.028,True,200,NORMAL,,11397.4439615,11397.5219895
p12_exp_06_med_lc_seen,phase12,medium_load,medium_load,least_connections,seen_configuration,val,False,47,p12_exp_06_med_lc_seen_14,1788873281.6849892,process,0.03,6,14.0,15.0,25.0,0,20.0,1.5,0,15.0,25.0,1,20.0,1.5,0,15.0,25.0,0,20.0,1.5,0,server-2,,,False,server-2,55.58,55.58,True,200,NORMAL,,11397.5157783,11397.5713587
p12_exp_06_med_lc_seen,phase12,medium_load,medium_load,least_connections,seen_configuration,val,False,47,p12_exp_06_med_lc_seen_15,1788873281.7569673,process,0.03,6,14.0,15.0,25.0,1,20.0,1.5,0,15.0,25.0,0,20.0,1.5,0,15.0,25.0,0,20.0,1.5,0,server-1,,,False,server-1,61.378,61.378,True,200,NORMAL,,11397.5877777,11397.6491553
p12_exp_06_med_lc_seen,phase12,medium_load,medium_load,least_connections,seen_configuration,val,False,47,p12_exp_06_med_lc_seen_16,1788873281.8288088,process,0.03,6,14.0,15.0,25.0,1,20.0,1.5,0,15.0,25.0,0,20.0,1.5,0,15.0,25.0,0,20.0,1.5,0,server-1,,,False,server-1,38.483,38.483,True,200,NORMAL,,11397.6596366,11397.6981192
p12_exp_06_med_lc_seen,phase12,medium_load,medium_load,least_connections,seen_configuration,val,False,47,p12_exp_06_med_lc_seen_17,1788873281.9008522,process,0.03,6,14.0,15.0,25.0,1,20.0,1.5,0,15.0,25.0,0,20.0,1.5,0,15.0,25.0,0,20.0,1.5,0,server-1,,,False,server-1,63.784,63.784,True,200,NORMAL,,11397.7315179,11397.7953016
p12_exp_06_med_lc_seen,phase12,medium_load,medium_load,least_connections,seen_configuration,val,False,47,p12_exp_06_med_lc_seen_18,1788873281.972618,process,0.03,6,14.0,15.0,25.0,1,20.0,1.5,0,15.0,25.0,0,20.0,1.5,0,15.0,25.0,0,20.0,1.5,0,server-1,,,False,server-1,82.685,82.685,True,200,NORMAL,,11397.8033929,11397.8860781
p12_exp_06_med_lc_seen,phase12,medium_load,medium_load,least_connections,seen_configuration,val,False,47,p12_exp_06_med_lc_seen_19,1788873282.0447648,process,0.03,6,14.0,15.0,25.0,1,20.0,1.5,0,15.0,25.0,0,20.0,1.5,0,15.0,25.0,0,20.0,1.5,0,server-1,,,False,server-1,59.375,59.375,True,200,NORMAL,,11397.875536,11397.934911
p12_exp_06_med_lc_seen,phase12,medium_load,medium_load,least_connections,seen_configuration,val,False,47,p12_exp_06_med_lc_seen_20,1788873282.116407,process,0.03,6,14.0,15.0,25.0,1,20.0,1.5,0,15.0,25.0,0,20.0,1.5,0,15.0,25.0,0,20.0,1.5,0,server-1,,,False,server-1,72.879,72.879,True,200,NORMAL,,11397.9471383,11398.0200169
p12_exp_06_med_lc_seen,phase12,medium_load,medium_load,least_connections,seen_configuration,val,False,47,p12_exp_06_med_lc_seen_21,1788873282.1882827,process,0.03,6,14.0,15.0,25.0,1,20.0,1.5,0,15.0,25.0,0,20.0,1.5,0,15.0,25.0,0,20.0,1.5,0,server-1,,,False,server-1,66.025,66.025,True,200,NORMAL,,11398.0193038,11398.0853287
p12_exp_06_med_lc_seen,phase12,medium_load,medium_load,least_connections,seen_configuration,val,False,47,p12_exp_06_med_lc_seen_22,1788873282.2604156,process,0.03,6,14.0,15.0,25.0,1,20.0,1.5,0,15.0,25.0,0,20.0,1.5,0,15.0,25.0,0,20.0,1.5,0,server-1,,,False,server-1,62.167,62.167,True,200,NORMAL,,11398.0913731,11398.1535405
p12_exp_06_med_lc_seen,phase12,medium_load,medium_load,least_connections,seen_configuration,val,False,47,p12_exp_06_med_lc_seen_23,1788873282.332439,process,0.03,6,14.0,15.0,25.0,1,20.0,1.5,0,15.0,25.0,0,20.0,1.5,0,15.0,25.0,0,20.0,1.5,0,server-1,,,False,server-1,38.204,38.204,True,200,NORMAL,,11398.163161,11398.2013651
p12_exp_06_med_lc_seen,phase12,medium_load,medium_load,least_connections,seen_configuration,val,False,47,p12_exp_06_med_lc_seen_24,1788873282.4045212,process,0.03,6,14.0,15.0,25.0,1,20.0,1.5,0,15.0,25.0,0,20.0,1.5,0,15.0,25.0,0,20.0,1.5,0,server-1,,,False,server-1,60.712,60.712,True,200,NORMAL,,11398.2352591,11398.2959715
p12_exp_06_med_lc_seen,phase12,medium_load,medium_load,least_connections,seen_configuration,val,False,47,p12_exp_06_med_lc_seen_25,1788873282.476292,process,0.03,6,14.0,15.0,25.0,1,20.0,1.5,0,15.0,25.0,0,20.0,1.5,0,15.0,25.0,0,20.0,1.5,0,server-1,,,False,server-1,56.959,56.959,True,200,NORMAL,,11398.3069831,11398.3639418
p12_exp_06_med_lc_seen,phase12,medium_load,medium_load,least_connections,seen_configuration,val,False,47,p12_exp_06_med_lc_seen_26,1788873282.5483096,process,0.03,6,14.0,15.0,25.0,1,20.0,1.5,0,15.0,25.0,0,20.0,1.5,0,15.0,25.0,0,20.0,1.5,0,server-1,,,False,server-1,73.01,73.01,True,200,NORMAL,,11398.3790189,11398.452029
p12_exp_06_med_lc_seen,phase12,medium_load,medium_load,least_connections,seen_configuration,val,False,47,p12_exp_06_med_lc_seen_27,1788873282.6213975,process,0.03,6,14.0,15.0,25.0,1,20.0,1.5,0,15.0,25.0,0,20.0,1.5,0,15.0,25.0,0,20.0,1.5,0,server-1,,,False,server-1,37.722,37.722,True,200,NORMAL,,11398.4521032,11398.4898247
p12_exp_06_med_lc_seen,phase12,medium_load,medium_load,least_connections,seen_configuration,val,False,47,p12_exp_06_med_lc_seen_28,1788873282.693248,process,0.03,6,14.0,15.0,25.0,1,20.0,1.5,0,15.0,25.0,0,20.0,1.5,0,15.0,25.0,0,20.0,1.5,0,server-1,,,False,server-1,67.551,67.551,True,200,NORMAL,,11398.5239771,11398.5915283
p12_exp_06_med_lc_seen,phase12,medium_load,medium_load,least_connections,seen_configuration,val,False,47,p12_exp_06_med_lc_seen_29,1788873282.765071,process,0.03,6,14.0,15.0,25.0,1,20.0,1.5,0,15.0,25.0,0,20.0,1.5,0,15.0,25.0,0,20.0,1.5,0,server-1,,,False,server-1,76.28,76.28,True,200,NORMAL,,11398.5958389,11398.6721188
p12_exp_06_med_lc_seen,phase12,medium_load,medium_load,least_connections,seen_configuration,val,False,47,p12_exp_06_med_lc_seen_30,1788873282.8368092,process,0.03,6,14.0,15.0,25.0,1,20.0,1.5,0,15.0,25.0,0,20.0,1.5,0,15.0,25.0,0,20.0,1.5,0,server-1,,,False,server-1,39.91,39.91,True,200,NORMAL,,11398.6680419,11398.7079518
p12_exp_06_med_lc_seen,phase12,medium_load,medium_load,least_connections,seen_configuration,val,False,47,p12_exp_06_med_lc_seen_31,1788873282.9107122,process,0.03,6,14.0,15.0,25.0,1,20.0,1.5,0,15.0,25.0,0,20.0,1.5,0,15.0,25.0,0,20.0,1.5,0,server-1,,,False,server-1,64.984,64.984,True,200,NORMAL,,11398.7414236,11398.8064072
p12_exp_06_med_lc_seen,phase12,medium_load,medium_load,least_connections,seen_configuration,val,False,47,p12_exp_06_med_lc_seen_32,1788873282.9827447,process,0.03,6,14.0,15.0,25.0,1,20.0,1.5,0,15.0,25.0,0,20.0,1.5,0,15.0,25.0,0,20.0,1.5,0,server-1,,,False,server-1,74.987,74.987,True,200,NORMAL,,11398.813511,11398.8884981
p12_exp_06_med_lc_seen,phase12,medium_load,medium_load,least_connections,seen_configuration,val,False,47,p12_exp_06_med_lc_seen_33,1788873283.0548413,process,0.03,6,14.0,15.0,25.0,1,20.0,1.5,0,15.0,25.0,0,20.0,1.5,0,15.0,25.0,0,20.0,1.5,0,server-1,,,False,server-1,51.488,51.488,True,200,NORMAL,,11398.885659,11398.9371466
p12_exp_06_med_lc_seen,phase12,medium_load,medium_load,least_connections,seen_configuration,val,False,47,p12_exp_06_med_lc_seen_34,1788873283.126706,process,0.03,6,14.0,15.0,25.0,1,20.0,1.5,0,15.0,25.0,0,20.0,1.5,0,15.0,25.0,0,20.0,1.5,0,server-1,,,False,server-1,73.048,73.048,True,200,NORMAL,,11398.9574436,11399.0304915
p12_exp_06_med_lc_seen,phase12,medium_load,medium_load,least_connections,seen_configuration,val,False,47,p12_exp_06_med_lc_seen_35,1788873283.1984737,process,0.03,6,14.0,15.0,25.0,1,20.0,1.5,0,15.0,25.0,0,20.0,1.5,0,15.0,25.0,0,20.0,1.5,0,server-1,,,False,server-1,68.521,68.521,True,200,NORMAL,,11399.0295452,11399.0980665
p12_exp_06_med_lc_seen,phase12,medium_load,medium_load,least_connections,seen_configuration,val,False,47,p12_exp_06_med_lc_seen_36,1788873283.2705505,process,0.03,6,14.0,15.0,25.0,1,20.0,1.5,0,15.0,25.0,0,20.0,1.5,0,15.0,25.0,0,20.0,1.5,0,server-1,,,False,server-1,83.578,83.578,True,200,NORMAL,,11399.1012833,11399.1848611
p12_exp_06_med_lc_seen,phase12,medium_load,medium_load,least_connections,seen_configuration,val,False,47,p12_exp_06_med_lc_seen_37,1788873283.3426812,process,0.03,6,14.0,15.0,25.0,1,20.0,1.5,0,15.0,25.0,0,20.0,1.5,0,15.0,25.0,0,20.0,1.5,0,server-1,,,False,server-1,51.819,51.819,True,200,NORMAL,,11399.1733827,11399.2252015
p12_exp_06_med_lc_seen,phase12,medium_load,medium_load,least_connections,seen_configuration,val,False,47,p12_exp_06_med_lc_seen_38,1788873283.4142385,process,0.03,6,14.0,15.0,25.0,1,20.0,1.5,0,15.0,25.0,0,20.0,1.5,0,15.0,25.0,0,20.0,1.5,0,server-1,,,False,server-1,60.296,60.296,True,200,NORMAL,,11399.244929,11399.305225
p12_exp_06_med_lc_seen,phase12,medium_load,medium_load,least_connections,seen_configuration,val,False,47,p12_exp_06_med_lc_seen_39,1788873283.48609,process,0.03,6,14.0,15.0,25.0,1,20.0,1.5,0,15.0,25.0,0,20.0,1.5,0,15.0,25.0,0,20.0,1.5,0,server-1,,,False,server-1,66.521,66.521,True,200,NORMAL,,11399.3168851,11399.3834063
p12_exp_06_med_lc_seen,phase12,medium_load,medium_load,least_connections,seen_configuration,val,False,47,p12_exp_06_med_lc_seen_40,1788873283.5577705,process,0.03,6,14.0,15.0,25.0,1,20.0,1.5,0,15.0,25.0,0,20.0,1.5,0,15.0,25.0,0,20.0,1.5,0,server-1,,,False,server-1,68.931,68.931,True,200,NORMAL,,11399.3885401,11399.4574707
p12_exp_07_med_iphash_unseen,phase12,medium_load,medium_load,ip_hash,unseen_configuration,test_unseen,False,48,p12_exp_07_med_iphash_unseen_1,1788873284.8654244,process,0.035,7,18.0,15.0,25.0,1,20.0,1.5,0,15.0,25.0,0,20.0,1.5,0,15.0,25.0,0,20.0,1.5,0,server-1,,,False,server-1,81.408,81.408,True,200,NORMAL,,11400.6974895,11400.7788973
p12_exp_07_med_iphash_unseen,phase12,medium_load,medium_load,ip_hash,unseen_configuration,test_unseen,False,48,p12_exp_07_med_iphash_unseen_2,1788873284.923483,process,0.035,7,18.0,15.0,25.0,1,20.0,1.5,0,15.0,25.0,0,20.0,1.5,0,15.0,25.0,0,20.0,1.5,0,server-1,,,False,server-1,69.198,69.198,True,200,NORMAL,,11400.7553421,11400.8245404
p12_exp_07_med_iphash_unseen,phase12,medium_load,medium_load,ip_hash,unseen_configuration,test_unseen,False,48,p12_exp_07_med_iphash_unseen_3,1788873284.980935,process,0.035,7,18.0,15.0,25.0,1,20.0,1.5,0,15.0,25.0,0,20.0,1.5,0,15.0,25.0,0,20.0,1.5,0,server-1,,,False,server-1,77.471,77.471,True,200,NORMAL,,11400.8116657,11400.8891363
p12_exp_07_med_iphash_unseen,phase12,medium_load,medium_load,ip_hash,unseen_configuration,test_unseen,False,48,p12_exp_07_med_iphash_unseen_4,1788873285.0368423,process,0.035,7,18.0,15.0,25.0,1,20.0,1.5,0,15.0,25.0,0,20.0,1.5,0,15.0,25.0,0,20.0,1.5,0,server-1,,,False,server-1,60.152,60.152,True,200,NORMAL,,11400.8676807,11400.9278331
p12_exp_07_med_iphash_unseen,phase12,medium_load,medium_load,ip_hash,unseen_configuration,test_unseen,False,48,p12_exp_07_med_iphash_unseen_5,1788873285.0929732,process,0.035,7,18.0,15.0,25.0,1,20.0,1.5,0,15.0,25.0,0,20.0,1.5,0,15.0,25.0,0,20.0,1.5,0,server-1,,,False,server-1,61.025,61.025,True,200,NORMAL,,11400.9236571,11400.9846818
p12_exp_07_med_iphash_unseen,phase12,medium_load,medium_load,ip_hash,unseen_configuration,test_unseen,False,48,p12_exp_07_med_iphash_unseen_6,1788873285.1491635,process,0.035,7,18.0,15.0,25.0,1,20.0,1.5,0,15.0,25.0,0,20.0,1.5,0,15.0,25.0,0,20.0,1.5,0,server-1,,,False,server-1,78.597,78.597,True,200,NORMAL,,11400.9798697,11401.0584664
p12_exp_07_med_iphash_unseen,phase12,medium_load,medium_load,ip_hash,unseen_configuration,test_unseen,False,48,p12_exp_07_med_iphash_unseen_7,1788873285.2051227,process,0.035,7,18.0,15.0,25.0,1,20.0,1.5,0,15.0,25.0,0,20.0,1.5,0,15.0,25.0,0,20.0,1.5,0,server-1,,,False,server-1,67.656,67.656,True,200,NORMAL,,11401.0358741,11401.1035299
p12_exp_07_med_iphash_unseen,phase12,medium_load,medium_load,ip_hash,unseen_configuration,test_unseen,False,48,p12_exp_07_med_iphash_unseen_8,1788873285.2612708,process,0.035,7,18.0,15.0,25.0,1,20.0,1.5,0,15.0,25.0,0,20.0,1.5,0,15.0,25.0,0,20.0,1.5,0,server-1,,,False,server-1,73.061,73.061,True,200,NORMAL,,11401.0919844,11401.1650453
p12_exp_07_med_iphash_unseen,phase12,medium_load,medium_load,ip_hash,unseen_configuration,test_unseen,False,48,p12_exp_07_med_iphash_unseen_9,1788873285.3175597,process,0.035,7,18.0,15.0,25.0,1,20.0,1.5,0,15.0,25.0,0,20.0,1.5,0,15.0,25.0,0,20.0,1.5,0,server-1,,,False,server-1,50.096,50.096,True,200,NORMAL,,11401.1485166,11401.1986124
p12_exp_07_med_iphash_unseen,phase12,medium_load,medium_load,ip_hash,unseen_configuration,test_unseen,False,48,p12_exp_07_med_iphash_unseen_10,1788873285.3739223,process,0.035,7,18.0,15.0,25.0,1,20.0,1.5,0,15.0,25.0,0,20.0,1.5,0,15.0,25.0,0,20.0,1.5,0,server-1,,,False,server-1,93.466,93.466,True,200,NORMAL,,11401.2046338,11401.2981002
p12_exp_07_med_iphash_unseen,phase12,medium_load,medium_load,ip_hash,unseen_configuration,test_unseen,False,48,p12_exp_07_med_iphash_unseen_11,1788873285.4296849,process,0.035,7,18.0,15.0,25.0,1,20.0,1.5,0,15.0,25.0,0,20.0,1.5,0,15.0,25.0,0,20.0,1.5,0,server-1,,,False,server-1,59.539,59.539,True,200,NORMAL,,11401.2607154,11401.3202544
p12_exp_07_med_iphash_unseen,phase12,medium_load,medium_load,ip_hash,unseen_configuration,test_unseen,False,48,p12_exp_07_med_iphash_unseen_12,1788873285.4857445,process,0.035,7,18.0,15.0,25.0,1,20.0,1.5,0,15.0,25.0,0,20.0,1.5,0,15.0,25.0,0,20.0,1.5,0,server-1,,,False,server-1,75.899,75.899,True,200,NORMAL,,11401.3164939,11401.3923925
p12_exp_07_med_iphash_unseen,phase12,medium_load,medium_load,ip_hash,unseen_configuration,test_unseen,False,48,p12_exp_07_med_iphash_unseen_13,1788873285.5418282,process,0.035,7,18.0,15.0,25.0,1,20.0,1.5,0,15.0,25.0,0,20.0,1.5,0,15.0,25.0,0,20.0,1.5,0,server-1,,,False,server-1,67.961,67.961,True,200,NORMAL,,11401.3725731,11401.4405341
p12_exp_07_med_iphash_unseen,phase12,medium_load,medium_load,ip_hash,unseen_configuration,test_unseen,False,48,p12_exp_07_med_iphash_unseen_14,1788873285.5978596,process,0.035,7,18.0,15.0,25.0,1,20.0,1.5,0,15.0,25.0,0,20.0,1.5,0,15.0,25.0,0,20.0,1.5,0,server-1,,,False,server-1,57.214,57.214,True,200,NORMAL,,11401.4285741,11401.4857877
p12_exp_07_med_iphash_unseen,phase12,medium_load,medium_load,ip_hash,unseen_configuration,test_unseen,False,48,p12_exp_07_med_iphash_unseen_15,1788873285.6542904,process,0.035,7,18.0,15.0,25.0,1,20.0,1.5,0,15.0,25.0,0,20.0,1.5,0,15.0,25.0,0,20.0,1.5,0,server-1,,,False,server-1,67.9,67.9,True,200,NORMAL,,11401.4848462,11401.5527462
p12_exp_07_med_iphash_unseen,phase12,medium_load,medium_load,ip_hash,unseen_configuration,test_unseen,False,48,p12_exp_07_med_iphash_unseen_16,1788873285.7100675,process,0.035,7,18.0,15.0,25.0,1,20.0,1.5,0,15.0,25.0,0,20.0,1.5,0,15.0,25.0,0,20.0,1.5,0,server-1,,,False,server-1,66.239,66.239,True,200,NORMAL,,11401.5409027,11401.6071416
p12_exp_07_med_iphash_unseen,phase12,medium_load,medium_load,ip_hash,unseen_configuration,test_unseen,False,48,p12_exp_07_med_iphash_unseen_17,1788873285.7662778,process,0.035,7,18.0,15.0,25.0,1,20.0,1.5,0,15.0,25.0,0,20.0,1.5,0,15.0,25.0,0,20.0,1.5,0,server-1,,,False,server-1,52.826,52.826,True,200,NORMAL,,11401.5969791,11401.6498048
p12_exp_07_med_iphash_unseen,phase12,medium_load,medium_load,ip_hash,unseen_configuration,test_unseen,False,48,p12_exp_07_med_iphash_unseen_18,1788873285.8220031,process,0.035,7,18.0,15.0,25.0,1,20.0,1.5,0,15.0,25.0,0,20.0,1.5,0,15.0,25.0,0,20.0,1.5,0,server-1,,,False,server-1,55.247,55.247,True,200,NORMAL,,11401.652686,11401.7079325
p12_exp_07_med_iphash_unseen,phase12,medium_load,medium_load,ip_hash,unseen_configuration,test_unseen,False,48,p12_exp_07_med_iphash_unseen_19,1788873285.8781817,process,0.035,7,18.0,15.0,25.0,1,20.0,1.5,0,15.0,25.0,0,20.0,1.5,0,15.0,25.0,0,20.0,1.5,0,server-1,,,False,server-1,42.255,42.255,True,200,NORMAL,,11401.7088765,11401.751131
p12_exp_07_med_iphash_unseen,phase12,medium_load,medium_load,ip_hash,unseen_configuration,test_unseen,False,48,p12_exp_07_med_iphash_unseen_20,1788873285.9339943,process,0.035,7,18.0,15.0,25.0,1,20.0,1.5,0,15.0,25.0,0,20.0,1.5,0,15.0,25.0,0,20.0,1.5,0,server-1,,,False,server-1,62.418,62.418,True,200,NORMAL,,11401.7647035,11401.8271219
p12_exp_07_med_iphash_unseen,phase12,medium_load,medium_load,ip_hash,unseen_configuration,test_unseen,False,48,p12_exp_07_med_iphash_unseen_21,1788873285.990153,process,0.035,7,18.0,15.0,25.0,1,20.0,1.5,0,15.0,25.0,0,20.0,1.5,0,15.0,25.0,0,20.0,1.5,0,server-1,,,False,server-1,54.931,54.931,True,200,NORMAL,,11401.8208853,11401.8758158
p12_exp_07_med_iphash_unseen,phase12,medium_load,medium_load,ip_hash,unseen_configuration,test_unseen,False,48,p12_exp_07_med_iphash_unseen_22,1788873286.0464091,process,0.035,7,18.0,15.0,25.0,1,20.0,1.5,0,15.0,25.0,0,20.0,1.5,0,15.0,25.0,0,20.0,1.5,0,server-1,,,False,server-1,54.884,54.884,True,200,NORMAL,,11401.8770836,11401.9319677
p12_exp_07_med_iphash_unseen,phase12,medium_load,medium_load,ip_hash,unseen_configuration,test_unseen,False,48,p12_exp_07_med_iphash_unseen_23,1788873286.1023197,process,0.035,7,18.0,15.0,25.0,1,20.0,1.5,0,15.0,25.0,0,20.0,1.5,0,15.0,25.0,0,20.0,1.5,0,server-1,,,False,server-1,44.103,44.103,True,200,NORMAL,,11401.9330519,11401.9771544
p12_exp_07_med_iphash_unseen,phase12,medium_load,medium_load,ip_hash,unseen_configuration,test_unseen,False,48,p12_exp_07_med_iphash_unseen_24,1788873286.1580782,process,0.035,7,18.0,15.0,25.0,1,20.0,1.5,0,15.0,25.0,0,20.0,1.5,0,15.0,25.0,0,20.0,1.5,0,server-1,,,False,server-1,62.436,62.436,True,200,NORMAL,,11401.9889202,11402.0513559
p12_exp_07_med_iphash_unseen,phase12,medium_load,medium_load,ip_hash,unseen_configuration,test_unseen,False,48,p12_exp_07_med_iphash_unseen_25,1788873286.2141562,process,0.035,7,18.0,15.0,25.0,1,20.0,1.5,0,15.0,25.0,0,20.0,1.5,0,15.0,25.0,0,20.0,1.5,0,server-1,,,False,server-1,76.39,76.39,True,200,NORMAL,,11402.0448596,11402.1212498
p12_exp_07_med_iphash_unseen,phase12,medium_load,medium_load,ip_hash,unseen_configuration,test_unseen,False,48,p12_exp_07_med_iphash_unseen_26,1788873286.270234,process,0.035,7,18.0,15.0,25.0,1,20.0,1.5,0,15.0,25.0,0,20.0,1.5,0,15.0,25.0,0,20.0,1.5,0,server-1,,,False,server-1,63.247,63.247,True,200,NORMAL,,11402.1009405,11402.1641873
p12_exp_07_med_iphash_unseen,phase12,medium_load,medium_load,ip_hash,unseen_configuration,test_unseen,False,48,p12_exp_07_med_iphash_unseen_27,1788873286.326306,process,0.035,7,18.0,15.0,25.0,1,20.0,1.5,0,15.0,25.0,0,20.0,1.5,0,15.0,25.0,0,20.0,1.5,0,server-1,,,False,server-1,80.351,80.351,True,200,NORMAL,,11402.1570283,11402.237379
p12_exp_07_med_iphash_unseen,phase12,medium_load,medium_load,ip_hash,unseen_configuration,test_unseen,False,48,p12_exp_07_med_iphash_unseen_28,1788873286.3822029,process,0.035,7,18.0,15.0,25.0,1,20.0,1.5,0,15.0,25.0,0,20.0,1.5,0,15.0,25.0,0,20.0,1.5,0,server-1,,,False,server-1,70.735,70.735,True,200,NORMAL,,11402.2129185,11402.2836537
p12_exp_07_med_iphash_unseen,phase12,medium_load,medium_load,ip_hash,unseen_configuration,test_unseen,False,48,p12_exp_07_med_iphash_unseen_29,1788873286.438053,process,0.035,7,18.0,15.0,25.0,1,20.0,1.5,0,15.0,25.0,0,20.0,1.5,0,15.0,25.0,0,20.0,1.5,0,server-1,,,False,server-1,61.788,61.788,True,200,NORMAL,,11402.2688109,11402.3305985
p12_exp_07_med_iphash_unseen,phase12,medium_load,medium_load,ip_hash,unseen_configuration,test_unseen,False,48,p12_exp_07_med_iphash_unseen_30,1788873286.4942307,process,0.035,7,18.0,15.0,25.0,1,20.0,1.5,0,15.0,25.0,0,20.0,1.5,0,15.0,25.0,0,20.0,1.5,0,server-1,,,False,server-1,78.507,78.507,True,200,NORMAL,,11402.3250235,11402.4035304
p12_exp_07_med_iphash_unseen,phase12,medium_load,medium_load,ip_hash,unseen_configuration,test_unseen,False,48,p12_exp_07_med_iphash_unseen_31,1788873286.5501823,process,0.035,7,18.0,15.0,25.0,1,20.0,1.5,0,15.0,25.0,0,20.0,1.5,0,15.0,25.0,0,20.0,1.5,0,server-1,,,False,server-1,66.29,66.29,True,200,NORMAL,,11402.3810184,11402.4473088
p12_exp_07_med_iphash_unseen,phase12,medium_load,medium_load,ip_hash,unseen_configuration,test_unseen,False,48,p12_exp_07_med_iphash_unseen_32,1788873286.6061468,process,0.035,7,18.0,15.0,25.0,1,20.0,1.5,0,15.0,25.0,0,20.0,1.5,0,15.0,25.0,0,20.0,1.5,0,server-1,,,False,server-1,62.993,62.993,True,200,NORMAL,,11402.4368517,11402.4998446
p12_exp_07_med_iphash_unseen,phase12,medium_load,medium_load,ip_hash,unseen_configuration,test_unseen,False,48,p12_exp_07_med_iphash_unseen_33,1788873286.6622922,process,0.035,7,18.0,15.0,25.0,1,20.0,1.5,0,15.0,25.0,0,20.0,1.5,0,15.0,25.0,0,20.0,1.5,0,server-1,,,False,server-1,60.846,60.846,True,200,NORMAL,,11402.4932337,11402.5540795
p12_exp_07_med_iphash_unseen,phase12,medium_load,medium_load,ip_hash,unseen_configuration,test_unseen,False,48,p12_exp_07_med_iphash_unseen_34,1788873286.7186022,process,0.035,7,18.0,15.0,25.0,1,20.0,1.5,0,15.0,25.0,0,20.0,1.5,0,15.0,25.0,0,20.0,1.5,0,server-1,,,False,server-1,75.027,75.027,True,200,NORMAL,,11402.5493312,11402.6243578
p12_exp_07_med_iphash_unseen,phase12,medium_load,medium_load,ip_hash,unseen_configuration,test_unseen,False,48,p12_exp_07_med_iphash_unseen_35,1788873286.7746973,process,0.035,7,18.0,15.0,25.0,1,20.0,1.5,0,15.0,25.0,0,20.0,1.5,0,15.0,25.0,0,20.0,1.5,0,server-1,,,False,server-1,78.184,78.184,True,200,NORMAL,,11402.6054584,11402.6836424
p12_exp_07_med_iphash_unseen,phase12,medium_load,medium_load,ip_hash,unseen_configuration,test_unseen,False,48,p12_exp_07_med_iphash_unseen_36,1788873286.8307164,process,0.035,7,18.0,15.0,25.0,1,20.0,1.5,0,15.0,25.0,0,20.0,1.5,0,15.0,25.0,0,20.0,1.5,0,server-1,,,False,server-1,68.239,68.239,True,200,NORMAL,,11402.6614219,11402.7296609
p12_exp_07_med_iphash_unseen,phase12,medium_load,medium_load,ip_hash,unseen_configuration,test_unseen,False,48,p12_exp_07_med_iphash_unseen_37,1788873286.886414,process,0.035,7,18.0,15.0,25.0,1,20.0,1.5,0,15.0,25.0,0,20.0,1.5,0,15.0,25.0,0,20.0,1.5,0,server-1,,,False,server-1,73.074,73.074,True,200,NORMAL,,11402.7171328,11402.7902067
p12_exp_07_med_iphash_unseen,phase12,medium_load,medium_load,ip_hash,unseen_configuration,test_unseen,False,48,p12_exp_07_med_iphash_unseen_38,1788873286.942508,process,0.035,7,18.0,15.0,25.0,1,20.0,1.5,0,15.0,25.0,0,20.0,1.5,0,15.0,25.0,0,20.0,1.5,0,server-1,,,False,server-1,61.598,61.598,True,200,NORMAL,,11402.7732208,11402.8348189
p12_exp_07_med_iphash_unseen,phase12,medium_load,medium_load,ip_hash,unseen_configuration,test_unseen,False,48,p12_exp_07_med_iphash_unseen_39,1788873286.998422,process,0.035,7,18.0,15.0,25.0,1,20.0,1.5,0,15.0,25.0,0,20.0,1.5,0,15.0,25.0,0,20.0,1.5,0,server-1,,,False,server-1,43.759,43.759,True,200,NORMAL,,11402.8291722,11402.8729309
p12_exp_07_med_iphash_unseen,phase12,medium_load,medium_load,ip_hash,unseen_configuration,test_unseen,False,48,p12_exp_07_med_iphash_unseen_40,1788873287.0545597,process,0.035,7,18.0,15.0,25.0,1,20.0,1.5,0,15.0,25.0,0,20.0,1.5,0,15.0,25.0,0,20.0,1.5,0,server-1,,,False,server-1,59.318,59.318,True,200,NORMAL,,11402.8852736,11402.9445919
p12_exp_08_med_ml_unseen,phase12,medium_load,medium_load,ml,unseen_configuration,test_unseen,False,49,p12_exp_08_med_ml_unseen_1,1788873288.4439485,process,0.032,8,16.5,15.0,25.0,0,20.0,1.5,0,15.0,25.0,0,20.0,1.5,0,15.0,25.0,1,20.0,1.5,0,server-3,http://127.0.0.1:8003,1.0,False,server-3,105.12,105.12,True,200,NORMAL,,11404.2752343,11404.3803542
p12_exp_08_med_ml_unseen,phase12,medium_load,medium_load,ml,unseen_configuration,test_unseen,False,49,p12_exp_08_med_ml_unseen_2,1788873288.507303,process,0.032,8,16.5,15.0,25.0,0,20.0,1.5,0,15.0,25.0,0,20.0,1.5,0,15.0,25.0,1,20.0,1.5,0,server-3,http://127.0.0.1:8003,1.0,False,server-3,67.578,67.578,True,200,NORMAL,,11404.3379636,11404.4055414
p12_exp_08_med_ml_unseen,phase12,medium_load,medium_load,ml,unseen_configuration,test_unseen,False,49,p12_exp_08_med_ml_unseen_3,1788873288.5684311,process,0.032,8,16.5,15.0,25.0,0,20.0,1.5,0,15.0,25.0,0,20.0,1.5,0,15.0,25.0,1,20.0,1.5,0,server-3,http://127.0.0.1:8003,1.0,False,server-3,52.269,52.269,True,200,NORMAL,,11404.3991279,11404.4513967
p12_exp_08_med_ml_unseen,phase12,medium_load,medium_load,ml,unseen_configuration,test_unseen,False,49,p12_exp_08_med_ml_unseen_4,1788873288.629475,process,0.032,8,16.5,15.0,25.0,0,20.0,1.5,0,15.0,25.0,0,20.0,1.5,0,15.0,25.0,1,20.0,1.5,0,server-3,http://127.0.0.1:8003,1.0,False,server-3,88.119,88.119,True,200,NORMAL,,11404.4601946,11404.5483139
p12_exp_08_med_ml_unseen,phase12,medium_load,medium_load,ml,unseen_configuration,test_unseen,False,49,p12_exp_08_med_ml_unseen_5,1788873288.6906793,process,0.032,8,16.5,15.0,25.0,0,20.0,1.5,0,15.0,25.0,0,20.0,1.5,0,15.0,25.0,1,20.0,1.5,0,server-3,http://127.0.0.1:8003,1.0,False,server-3,52.861,52.861,True,200,NORMAL,,11404.5213785,11404.5742398
p12_exp_08_med_ml_unseen,phase12,medium_load,medium_load,ml,unseen_configuration,test_unseen,False,49,p12_exp_08_med_ml_unseen_6,1788873288.75153,process,0.032,8,16.5,15.0,25.0,0,20.0,1.5,0,15.0,25.0,0,20.0,1.5,0,15.0,25.0,1,20.0,1.5,0,server-3,http://127.0.0.1:8003,1.0,False,server-3,113.395,113.395,True,200,NORMAL,,11404.5822422,11404.6956369
p12_exp_08_med_ml_unseen,phase12,medium_load,medium_load,ml,unseen_configuration,test_unseen,False,49,p12_exp_08_med_ml_unseen_7,1788873288.8128872,process,0.032,8,16.5,15.0,25.0,0,20.0,1.5,0,15.0,25.0,0,20.0,1.5,0,15.0,25.0,1,20.0,1.5,0,server-3,http://127.0.0.1:8003,1.0,False,server-3,77.226,77.226,True,200,NORMAL,,11404.6435289,11404.7207549
p12_exp_08_med_ml_unseen,phase12,medium_load,medium_load,ml,unseen_configuration,test_unseen,False,49,p12_exp_08_med_ml_unseen_8,1788873288.873886,process,0.032,8,16.5,15.0,25.0,0,20.0,1.5,0,15.0,25.0,0,20.0,1.5,0,15.0,25.0,1,20.0,1.5,0,server-3,http://127.0.0.1:8003,1.0,False,server-3,103.535,103.535,True,200,NORMAL,,11404.7046232,11404.808158
p12_exp_08_med_ml_unseen,phase12,medium_load,medium_load,ml,unseen_configuration,test_unseen,False,49,p12_exp_08_med_ml_unseen_9,1788873288.939808,process,0.032,8,16.5,15.0,25.0,0,20.0,1.5,0,15.0,25.0,0,20.0,1.5,0,15.0,25.0,1,20.0,1.5,0,server-3,http://127.0.0.1:8003,1.0,False,server-3,66.561,66.561,True,200,NORMAL,,11404.7706296,11404.8371905
p12_exp_08_med_ml_unseen,phase12,medium_load,medium_load,ml,unseen_configuration,test_unseen,False,49,p12_exp_08_med_ml_unseen_10,1788873289.000907,process,0.032,8,16.5,15.0,25.0,0,20.0,1.5,0,15.0,25.0,0,20.0,1.5,0,15.0,25.0,1,20.0,1.5,0,server-3,http://127.0.0.1:8003,1.0,False,server-3,52.543,52.543,True,200,NORMAL,,11404.8315616,11404.8841045
p12_exp_08_med_ml_unseen,phase12,medium_load,medium_load,ml,unseen_configuration,test_unseen,False,49,p12_exp_08_med_ml_unseen_11,1788873289.0617187,process,0.032,8,16.5,15.0,25.0,0,20.0,1.5,0,15.0,25.0,0,20.0,1.5,0,15.0,25.0,1,20.0,1.5,0,server-3,http://127.0.0.1:8003,1.0,False,server-3,150.357,150.357,True,200,NORMAL,,11404.8923963,11405.0427536
p12_exp_08_med_ml_unseen,phase12,medium_load,medium_load,ml,unseen_configuration,test_unseen,False,49,p12_exp_08_med_ml_unseen_12,1788873289.122681,process,0.032,8,16.5,15.0,25.0,0,20.0,1.5,0,15.0,25.0,0,20.0,1.5,0,15.0,25.0,1,20.0,1.5,0,server-3,http://127.0.0.1:8003,1.0,False,server-3,192.319,192.319,True,200,NORMAL,,11404.9533793,11405.1456983
p12_exp_08_med_ml_unseen,phase12,medium_load,medium_load,ml,unseen_configuration,test_unseen,False,49,p12_exp_08_med_ml_unseen_13,1788873289.207243,process,0.032,8,16.5,15.0,25.0,0,20.0,1.5,0,15.0,25.0,0,20.0,1.5,0,15.0,25.0,1,20.0,1.5,0,server-3,http://127.0.0.1:8003,1.0,False,server-3,138.276,138.276,True,200,NORMAL,,11405.0383685,11405.1766448
p12_exp_08_med_ml_unseen,phase12,medium_load,medium_load,ml,unseen_configuration,test_unseen,False,49,p12_exp_08_med_ml_unseen_14,1788873289.2700057,process,0.032,8,16.5,15.0,25.0,0,20.0,1.5,0,15.0,25.0,0,20.0,1.5,0,15.0,25.0,1,20.0,1.5,0,server-3,http://127.0.0.1:8003,1.0,False,server-3,120.55,120.55,True,200,NORMAL,,11405.1007112,11405.2212612
p12_exp_08_med_ml_unseen,phase12,medium_load,medium_load,ml,unseen_configuration,test_unseen,False,49,p12_exp_08_med_ml_unseen_15,1788873289.3311992,process,0.032,8,16.5,15.0,25.0,0,20.0,1.5,0,15.0,25.0,0,20.0,1.5,0,15.0,25.0,1,20.0,1.5,0,server-3,http://127.0.0.1:8003,1.0,False,server-3,105.467,105.467,True,200,NORMAL,,11405.1621842,11405.267651
p12_exp_08_med_ml_unseen,phase12,medium_load,medium_load,ml,unseen_configuration,test_unseen,False,49,p12_exp_08_med_ml_unseen_16,1788873289.3922956,process,0.032,8,16.5,15.0,25.0,0,20.0,1.5,0,15.0,25.0,0,20.0,1.5,0,15.0,25.0,1,20.0,1.5,0,server-3,http://127.0.0.1:8003,1.0,False,server-3,70.609,70.609,True,200,NORMAL,,11405.2229676,11405.2935765
p12_exp_08_med_ml_unseen,phase12,medium_load,medium_load,ml,unseen_configuration,test_unseen,False,49,p12_exp_08_med_ml_unseen_17,1788873289.4534836,process,0.032,8,16.5,15.0,25.0,0,20.0,1.5,0,15.0,25.0,0,20.0,1.5,0,15.0,25.0,1,20.0,1.5,0,server-3,http://127.0.0.1:8003,1.0,False,server-3,98.506,98.506,True,200,NORMAL,,11405.2841989,11405.3827046
p12_exp_08_med_ml_unseen,phase12,medium_load,medium_load,ml,unseen_configuration,test_unseen,False,49,p12_exp_08_med_ml_unseen_18,1788873289.51474,process,0.032,8,16.5,15.0,25.0,0,20.0,1.5,0,15.0,25.0,0,20.0,1.5,0,15.0,25.0,1,20.0,1.5,0,server-3,http://127.0.0.1:8003,1.0,False,server-3,63.849,63.849,True,200,NORMAL,,11405.3454529,11405.4093015
p12_exp_08_med_ml_unseen,phase12,medium_load,medium_load,ml,unseen_configuration,test_unseen,False,49,p12_exp_08_med_ml_unseen_19,1788873289.5758622,process,0.032,8,16.5,15.0,25.0,0,20.0,1.5,0,15.0,25.0,0,20.0,1.5,0,15.0,25.0,1,20.0,1.5,0,server-3,http://127.0.0.1:8003,1.0,False,server-3,87.693,87.693,True,200,NORMAL,,11405.4065854,11405.4942786
p12_exp_08_med_ml_unseen,phase12,medium_load,medium_load,ml,unseen_configuration,test_unseen,False,49,p12_exp_08_med_ml_unseen_20,1788873289.6370218,process,0.032,8,16.5,15.0,25.0,0,20.0,1.5,0,15.0,25.0,0,20.0,1.5,0,15.0,25.0,1,20.0,1.5,0,server-3,http://127.0.0.1:8003,1.0,False,server-3,113.148,113.148,True,200,NORMAL,,11405.4677133,11405.580861
p12_exp_08_med_ml_unseen,phase12,medium_load,medium_load,ml,unseen_configuration,test_unseen,False,49,p12_exp_08_med_ml_unseen_21,1788873289.697755,process,0.032,8,16.5,15.0,25.0,0,20.0,1.5,0,15.0,25.0,0,20.0,1.5,0,15.0,25.0,1,20.0,1.5,0,server-3,http://127.0.0.1:8003,1.0,False,server-3,103.414,103.414,True,200,NORMAL,,11405.5284022,11405.6318159
p12_exp_08_med_ml_unseen,phase12,medium_load,medium_load,ml,unseen_configuration,test_unseen,False,49,p12_exp_08_med_ml_unseen_22,1788873289.7589352,process,0.032,8,16.5,15.0,25.0,0,20.0,1.5,0,15.0,25.0,0,20.0,1.5,0,15.0,25.0,1,20.0,1.5,0,server-3,http://127.0.0.1:8003,1.0,False,server-3,56.25,56.25,True,200,NORMAL,,11405.5896077,11405.6458578
p12_exp_08_med_ml_unseen,phase12,medium_load,medium_load,ml,unseen_configuration,test_unseen,False,49,p12_exp_08_med_ml_unseen_23,1788873289.8199031,process,0.032,8,16.5,15.0,25.0,0,20.0,1.5,0,15.0,25.0,0,20.0,1.5,0,15.0,25.0,1,20.0,1.5,0,server-3,http://127.0.0.1:8003,1.0,False,server-3,93.704,93.704,True,200,NORMAL,,11405.6506443,11405.7443487
p12_exp_08_med_ml_unseen,phase12,medium_load,medium_load,ml,unseen_configuration,test_unseen,False,49,p12_exp_08_med_ml_unseen_24,1788873289.8809752,process,0.032,8,16.5,15.0,25.0,0,20.0,1.5,0,15.0,25.0,0,20.0,1.5,0,15.0,25.0,1,20.0,1.5,0,server-3,http://127.0.0.1:8003,1.0,False,server-3,90.579,90.579,True,200,NORMAL,,11405.7116197,11405.8021992
p12_exp_08_med_ml_unseen,phase12,medium_load,medium_load,ml,unseen_configuration,test_unseen,False,49,p12_exp_08_med_ml_unseen_25,1788873289.9418354,process,0.032,8,16.5,15.0,25.0,0,20.0,1.5,0,15.0,25.0,0,20.0,1.5,0,15.0,25.0,1,20.0,1.5,0,server-3,http://127.0.0.1:8003,1.0,False,server-3,111.658,111.658,True,200,NORMAL,,11405.7725112,11405.8841697
p12_exp_08_med_ml_unseen,phase12,medium_load,medium_load,ml,unseen_configuration,test_unseen,False,49,p12_exp_08_med_ml_unseen_26,1788873290.0029037,process,0.032,8,16.5,15.0,25.0,0,20.0,1.5,0,15.0,25.0,0,20.0,1.5,0,15.0,25.0,1,20.0,1.5,0,server-3,http://127.0.0.1:8003,1.0,False,server-3,128.279,128.279,True,200,NORMAL,,11405.8337146,11405.9619934
p12_exp_08_med_ml_unseen,phase12,medium_load,medium_load,ml,unseen_configuration,test_unseen,False,49,p12_exp_08_med_ml_unseen_27,1788873290.063974,process,0.032,8,16.5,15.0,25.0,0,20.0,1.5,0,15.0,25.0,0,20.0,1.5,0,15.0,25.0,1,20.0,1.5,0,server-3,http://127.0.0.1:8003,1.0,False,server-3,55.698,55.698,True,200,NORMAL,,11405.8947656,11405.9504635
p12_exp_08_med_ml_unseen,phase12,medium_load,medium_load,ml,unseen_configuration,test_unseen,False,49,p12_exp_08_med_ml_unseen_28,1788873290.124968,process,0.032,8,16.5,15.0,25.0,0,20.0,1.5,0,15.0,25.0,0,20.0,1.5,0,15.0,25.0,1,20.0,1.5,0,server-3,http://127.0.0.1:8003,1.0,False,server-3,75.611,75.611,True,200,NORMAL,,11405.9556577,11406.0312688
p12_exp_08_med_ml_unseen,phase12,medium_load,medium_load,ml,unseen_configuration,test_unseen,False,49,p12_exp_08_med_ml_unseen_29,1788873290.1859603,process,0.032,8,16.5,15.0,25.0,0,20.0,1.5,0,15.0,25.0,0,20.0,1.5,0,15.0,25.0,1,20.0,1.5,0,server-3,http://127.0.0.1:8003,1.0,False,server-3,114.903,114.903,True,200,NORMAL,,11406.0166343,11406.1315371
p12_exp_08_med_ml_unseen,phase12,medium_load,medium_load,ml,unseen_configuration,test_unseen,False,49,p12_exp_08_med_ml_unseen_30,1788873290.2468994,process,0.032,8,16.5,15.0,25.0,0,20.0,1.5,0,15.0,25.0,0,20.0,1.5,0,15.0,25.0,1,20.0,1.5,0,server-3,http://127.0.0.1:8003,1.0,False,server-3,91.065,91.065,True,200,NORMAL,,11406.0775649,11406.1686301
p12_exp_08_med_ml_unseen,phase12,medium_load,medium_load,ml,unseen_configuration,test_unseen,False,49,p12_exp_08_med_ml_unseen_31,1788873290.3080575,process,0.032,8,16.5,15.0,25.0,0,20.0,1.5,0,15.0,25.0,0,20.0,1.5,0,15.0,25.0,1,20.0,1.5,0,server-3,http://127.0.0.1:8003,1.0,False,server-3,79.591,79.591,True,200,NORMAL,,11406.1387475,11406.2183382
p12_exp_08_med_ml_unseen,phase12,medium_load,medium_load,ml,unseen_configuration,test_unseen,False,49,p12_exp_08_med_ml_unseen_32,1788873290.3691063,process,0.032,8,16.5,15.0,25.0,0,20.0,1.5,0,15.0,25.0,0,20.0,1.5,0,15.0,25.0,1,20.0,1.5,0,server-3,http://127.0.0.1:8003,1.0,False,server-3,121.434,121.434,True,200,NORMAL,,11406.1998166,11406.321251
p12_exp_08_med_ml_unseen,phase12,medium_load,medium_load,ml,unseen_configuration,test_unseen,False,49,p12_exp_08_med_ml_unseen_33,1788873290.429896,process,0.032,8,16.5,15.0,25.0,0,20.0,1.5,0,15.0,25.0,0,20.0,1.5,0,15.0,25.0,1,20.0,1.5,0,server-3,http://127.0.0.1:8003,1.0,False,server-3,104.654,104.654,True,200,NORMAL,,11406.2606087,11406.3652632
p12_exp_08_med_ml_unseen,phase12,medium_load,medium_load,ml,unseen_configuration,test_unseen,False,49,p12_exp_08_med_ml_unseen_34,1788873290.4907694,process,0.032,8,16.5,15.0,25.0,0,20.0,1.5,0,15.0,25.0,0,20.0,1.5,0,15.0,25.0,1,20.0,1.5,0,server-3,http://127.0.0.1:8003,1.0,False,server-3,57.618,57.618,True,200,NORMAL,,11406.3215577,11406.3791761
p12_exp_08_med_ml_unseen,phase12,medium_load,medium_load,ml,unseen_configuration,test_unseen,False,49,p12_exp_08_med_ml_unseen_35,1788873290.5517929,process,0.032,8,16.5,15.0,25.0,0,20.0,1.5,0,15.0,25.0,0,20.0,1.5,0,15.0,25.0,1,20.0,1.5,0,server-3,http://127.0.0.1:8003,1.0,False,server-3,89.833,89.833,True,200,NORMAL,,11406.3824656,11406.4722987
p12_exp_08_med_ml_unseen,phase12,medium_load,medium_load,ml,unseen_configuration,test_unseen,False,49,p12_exp_08_med_ml_unseen_36,1788873290.612856,process,0.032,8,16.5,15.0,25.0,0,20.0,1.5,0,15.0,25.0,0,20.0,1.5,0,15.0,25.0,1,20.0,1.5,0,server-3,http://127.0.0.1:8003,1.0,False,server-3,92.294,92.294,True,200,NORMAL,,11406.4435207,11406.5358145
p12_exp_08_med_ml_unseen,phase12,medium_load,medium_load,ml,unseen_configuration,test_unseen,False,49,p12_exp_08_med_ml_unseen_37,1788873290.6737535,process,0.032,8,16.5,15.0,25.0,0,20.0,1.5,0,15.0,25.0,0,20.0,1.5,0,15.0,25.0,1,20.0,1.5,0,server-3,http://127.0.0.1:8003,1.0,False,server-3,104.721,104.721,True,200,NORMAL,,11406.5044161,11406.6091368
p12_exp_08_med_ml_unseen,phase12,medium_load,medium_load,ml,unseen_configuration,test_unseen,False,49,p12_exp_08_med_ml_unseen_38,1788873290.7347093,process,0.032,8,16.5,15.0,25.0,0,20.0,1.5,0,15.0,25.0,0,20.0,1.5,0,15.0,25.0,1,20.0,1.5,0,server-3,http://127.0.0.1:8003,1.0,False,server-3,87.865,87.865,True,200,NORMAL,,11406.5656102,11406.6534755
p12_exp_08_med_ml_unseen,phase12,medium_load,medium_load,ml,unseen_configuration,test_unseen,False,49,p12_exp_08_med_ml_unseen_39,1788873290.7961502,process,0.032,8,16.5,15.0,25.0,0,20.0,1.5,0,15.0,25.0,0,20.0,1.5,0,15.0,25.0,1,20.0,1.5,0,server-3,http://127.0.0.1:8003,1.0,False,server-3,107.955,107.955,True,200,NORMAL,,11406.6268102,11406.7347657
p12_exp_08_med_ml_unseen,phase12,medium_load,medium_load,ml,unseen_configuration,test_unseen,False,49,p12_exp_08_med_ml_unseen_40,1788873290.8572032,process,0.032,8,16.5,15.0,25.0,0,20.0,1.5,0,15.0,25.0,0,20.0,1.5,0,15.0,25.0,1,20.0,1.5,0,server-3,http://127.0.0.1:8003,1.0,False,server-3,59.802,59.802,True,200,NORMAL,,11406.6879827,11406.7477847
p12_exp_09_high_rr_seen,phase12,high_load,high_load,round_robin,seen_configuration,train,False,50,p12_exp_09_high_rr_seen_1,1788873292.1636484,process,0.04,10,0.0,15.0,25.0,0,20.0,1.5,0,15.0,25.0,1,20.0,1.5,0,15.0,25.0,0,20.0,1.5,0,server-2,,,False,server-2,54.972,54.972,True,200,NORMAL,,11407.9947433,11408.049715
p12_exp_09_high_rr_seen,phase12,high_load,high_load,round_robin,seen_configuration,train,False,50,p12_exp_09_high_rr_seen_2,1788873292.16475,process,0.04,10,0.0,15.0,25.0,0,20.0,1.5,0,15.0,25.0,0,20.0,1.5,0,15.0,25.0,1,20.0,1.5,0,server-3,,,False,server-3,59.927,59.927,True,200,NORMAL,,11407.9963993,11408.0563264
p12_exp_09_high_rr_seen,phase12,high_load,high_load,round_robin,seen_configuration,train,False,50,p12_exp_09_high_rr_seen_3,1788873292.1666105,process,0.04,10,0.0,15.0,25.0,0,20.0,1.5,0,15.0,25.0,1,20.0,1.5,0,15.0,25.0,0,20.0,1.5,0,server-2,,,False,server-2,64.843,64.843,True,200,NORMAL,,11407.9983016,11408.0631449
p12_exp_09_high_rr_seen,phase12,high_load,high_load,round_robin,seen_configuration,train,False,50,p12_exp_09_high_rr_seen_4,1788873292.1666105,process,0.04,10,0.0,15.0,25.0,1,20.0,1.5,0,15.0,25.0,0,20.0,1.5,0,15.0,25.0,0,20.0,1.5,0,server-1,,,False,server-1,73.526,73.526,True,200,NORMAL,,11408.0002725,11408.0737982
p12_exp_09_high_rr_seen,phase12,high_load,high_load,round_robin,seen_configuration,train,False,50,p12_exp_09_high_rr_seen_5,1788873292.1666105,process,0.04,10,0.0,15.0,25.0,0,20.0,1.5,0,15.0,25.0,0,20.0,1.5,0,15.0,25.0,1,20.0,1.5,0,server-3,,,False,server-3,69.716,69.716,True,200,NORMAL,,11408.0020047,11408.0717207
p12_exp_09_high_rr_seen,phase12,high_load,high_load,round_robin,seen_configuration,train,False,50,p12_exp_09_high_rr_seen_6,1788873292.1733153,process,0.04,10,0.0,15.0,25.0,1,20.0,1.5,0,15.0,25.0,0,20.0,1.5,0,15.0,25.0,0,20.0,1.5,0,server-1,,,False,server-1,73.47,73.47,True,200,NORMAL,,11408.0044769,11408.0779471
p12_exp_09_high_rr_seen,phase12,high_load,high_load,round_robin,seen_configuration,train,False,50,p12_exp_09_high_rr_seen_7,1788873292.1765635,process,0.04,10,0.0,15.0,25.0,0,20.0,1.5,0,15.0,25.0,1,20.0,1.5,0,15.0,25.0,0,20.0,1.5,0,server-2,,,False,server-2,78.032,78.032,True,200,NORMAL,,11408.0076837,11408.0857158
p12_exp_09_high_rr_seen,phase12,high_load,high_load,round_robin,seen_configuration,train,False,50,p12_exp_09_high_rr_seen_8,1788873292.1772585,process,0.04,10,0.0,15.0,25.0,0,20.0,1.5,0,15.0,25.0,0,20.0,1.5,0,15.0,25.0,1,20.0,1.5,0,server-3,,,False,server-3,74.838,74.838,True,200,NORMAL,,11408.0124784,11408.0873159
p12_exp_09_high_rr_seen,phase12,high_load,high_load,round_robin,seen_configuration,train,False,50,p12_exp_09_high_rr_seen_9,1788873292.184523,process,0.04,10,0.0,15.0,25.0,1,20.0,1.5,0,15.0,25.0,0,20.0,1.5,0,15.0,25.0,0,20.0,1.5,0,server-1,,,False,server-1,73.198,73.198,True,200,NORMAL,,11408.0151666,11408.0883642
p12_exp_09_high_rr_seen,phase12,high_load,high_load,round_robin,seen_configuration,train,False,50,p12_exp_09_high_rr_seen_10,1788873292.1867678,process,0.04,10,0.0,15.0,25.0,0,20.0,1.5,0,15.0,25.0,1,20.0,1.5,0,15.0,25.0,0,20.0,1.5,0,server-2,,,False,server-2,84.758,84.758,True,200,NORMAL,,11408.017701,11408.1024586
p12_exp_09_high_rr_seen,phase12,high_load,high_load,round_robin,seen_configuration,train,False,50,p12_exp_09_high_rr_seen_11,1788873292.2189524,process,0.04,10,0.0,15.0,25.0,0,20.0,1.5,0,15.0,25.0,0,20.0,1.5,0,15.0,25.0,1,20.0,1.5,0,server-3,,,False,server-3,53.349,53.349,True,200,NORMAL,,11408.0498267,11408.103176
p12_exp_09_high_rr_seen,phase12,high_load,high_load,round_robin,seen_configuration,train,False,50,p12_exp_09_high_rr_seen_12,1788873292.225382,process,0.04,10,0.0,15.0,25.0,1,20.0,1.5,0,15.0,25.0,0,20.0,1.5,0,15.0,25.0,0,20.0,1.5,0,server-1,,,False,server-1,54.065,54.065,True,200,NORMAL,,11408.0564193,11408.1104844
p12_exp_09_high_rr_seen,phase12,high_load,high_load,round_robin,seen_configuration,train,False,50,p12_exp_09_high_rr_seen_13,1788873292.2322009,process,0.04,10,0.0,15.0,25.0,0,20.0,1.5,0,15.0,25.0,1,20.0,1.5,0,15.0,25.0,0,20.0,1.5,0,server-2,,,False,server-2,59.582,59.582,True,200,NORMAL,,11408.0632395,11408.1228216
p12_exp_09_high_rr_seen,phase12,high_load,high_load,round_robin,seen_configuration,train,False,50,p12_exp_09_high_rr_seen_14,1788873292.2408607,process,0.04,10,0.0,15.0,25.0,0,20.0,1.5,0,15.0,25.0,0,20.0,1.5,0,15.0,25.0,1,20.0,1.5,0,server-3,,,False,server-3,64.58,64.58,True,200,NORMAL,,11408.0718065,11408.1363864
p12_exp_09_high_rr_seen,phase12,high_load,high_load,round_robin,seen_configuration,train,False,50,p12_exp_09_high_rr_seen_15,1788873292.2429912,process,0.04,10,0.0,15.0,25.0,1,20.0,1.5,0,15.0,25.0,0,20.0,1.5,0,15.0,25.0,0,20.0,1.5,0,server-1,,,False,server-1,61.711,61.711,True,200,NORMAL,,11408.07388,11408.1355908
p12_exp_09_high_rr_seen,phase12,high_load,high_load,round_robin,seen_configuration,train,False,50,p12_exp_09_high_rr_seen_16,1788873292.2472234,process,0.04,10,0.0,15.0,25.0,0,20.0,1.5,0,15.0,25.0,1,20.0,1.5,0,15.0,25.0,0,20.0,1.5,0,server-2,,,False,server-2,61.455,61.455,True,200,NORMAL,,11408.0780429,11408.1394984
p12_exp_09_high_rr_seen,phase12,high_load,high_load,round_robin,seen_configuration,train,False,50,p12_exp_09_high_rr_seen_17,1788873292.254914,process,0.04,10,0.0,15.0,25.0,0,20.0,1.5,0,15.0,25.0,0,20.0,1.5,0,15.0,25.0,1,20.0,1.5,0,server-3,,,False,server-3,58.707,58.707,True,200,NORMAL,,11408.0858036,11408.1445109
p12_exp_09_high_rr_seen,phase12,high_load,high_load,round_robin,seen_configuration,train,False,50,p12_exp_09_high_rr_seen_18,1788873292.2561214,process,0.04,10,0.0,15.0,25.0,1,20.0,1.5,0,15.0,25.0,0,20.0,1.5,0,15.0,25.0,0,20.0,1.5,0,server-1,,,False,server-1,58.938,58.938,True,200,NORMAL,,11408.0873825,11408.1463204
p12_exp_09_high_rr_seen,phase12,high_load,high_load,round_robin,seen_configuration,train,False,50,p12_exp_09_high_rr_seen_19,1788873292.2571456,process,0.04,10,0.0,15.0,25.0,0,20.0,1.5,0,15.0,25.0,1,20.0,1.5,0,15.0,25.0,0,20.0,1.5,0,server-2,,,False,server-2,57.61,57.61,True,200,NORMAL,,11408.0884262,11408.1460359
p12_exp_09_high_rr_seen,phase12,high_load,high_load,round_robin,seen_configuration,train,False,50,p12_exp_09_high_rr_seen_20,1788873292.271036,process,0.04,10,0.0,15.0,25.0,0,20.0,1.5,0,15.0,25.0,0,20.0,1.5,0,15.0,25.0,1,20.0,1.5,0,server-3,,,False,server-3,50.81,50.81,True,200,NORMAL,,11408.1025254,11408.1533351
p12_exp_09_high_rr_seen,phase12,high_load,high_load,round_robin,seen_configuration,train,False,50,p12_exp_09_high_rr_seen_21,1788873292.2720416,process,0.04,10,0.0,15.0,25.0,1,20.0,1.5,0,15.0,25.0,0,20.0,1.5,0,15.0,25.0,0,20.0,1.5,0,server-1,,,False,server-1,51.415,51.415,True,200,NORMAL,,11408.1032646,11408.1546792
p12_exp_09_high_rr_seen,phase12,high_load,high_load,round_robin,seen_configuration,train,False,50,p12_exp_09_high_rr_seen_22,1788873292.2790575,process,0.04,10,0.0,15.0,25.0,0,20.0,1.5,0,15.0,25.0,1,20.0,1.5,0,15.0,25.0,0,20.0,1.5,0,server-2,,,False,server-2,46.939,46.939,True,200,NORMAL,,11408.1105371,11408.1574762
p12_exp_09_high_rr_seen,phase12,high_load,high_load,round_robin,seen_configuration,train,False,50,p12_exp_09_high_rr_seen_23,1788873292.2923207,process,0.04,10,0.0,15.0,25.0,0,20.0,1.5,0,15.0,25.0,0,20.0,1.5,0,15.0,25.0,1,20.0,1.5,0,server-3,,,False,server-3,46.486,46.486,True,200,NORMAL,,11408.1229003,11408.1693864
p12_exp_09_high_rr_seen,phase12,high_load,high_load,round_robin,seen_configuration,train,False,50,p12_exp_09_high_rr_seen_24,1788873292.304683,process,0.04,10,0.0,15.0,25.0,1,20.0,1.5,0,15.0,25.0,0,20.0,1.5,0,15.0,25.0,0,20.0,1.5,0,server-1,,,False,server-1,50.133,50.133,True,200,NORMAL,,11408.13564,11408.1857735
p12_exp_09_high_rr_seen,phase12,high_load,high_load,round_robin,seen_configuration,train,False,50,p12_exp_09_high_rr_seen_25,1788873292.305734,process,0.04,10,0.0,15.0,25.0,0,20.0,1.5,0,15.0,25.0,1,20.0,1.5,0,15.0,25.0,0,20.0,1.5,0,server-2,,,False,server-2,52.681,52.681,True,200,NORMAL,,11408.1364251,11408.1891061
p12_exp_09_high_rr_seen,phase12,high_load,high_load,round_robin,seen_configuration,train,False,50,p12_exp_09_high_rr_seen_26,1788873292.3087149,process,0.04,10,0.0,15.0,25.0,0,20.0,1.5,0,15.0,25.0,0,20.0,1.5,0,15.0,25.0,1,20.0,1.5,0,server-3,,,False,server-3,52.825,52.825,True,200,NORMAL,,11408.1395467,11408.1923714
p12_exp_09_high_rr_seen,phase12,high_load,high_load,round_robin,seen_configuration,train,False,50,p12_exp_09_high_rr_seen_27,1788873292.314015,process,0.04,10,0.0,15.0,25.0,1,20.0,1.5,0,15.0,25.0,0,20.0,1.5,0,15.0,25.0,0,20.0,1.5,0,server-1,,,False,server-1,51.981,51.981,True,200,NORMAL,,11408.144578,11408.1965587
p12_exp_09_high_rr_seen,phase12,high_load,high_load,round_robin,seen_configuration,train,False,50,p12_exp_09_high_rr_seen_28,1788873292.3150623,process,0.04,10,0.0,15.0,25.0,0,20.0,1.5,0,15.0,25.0,0,20.0,1.5,0,15.0,25.0,1,20.0,1.5,0,server-3,,,False,server-3,52.463,52.463,True,200,NORMAL,,11408.1460779,11408.1985413
p12_exp_09_high_rr_seen,phase12,high_load,high_load,round_robin,seen_configuration,train,False,50,p12_exp_09_high_rr_seen_29,1788873292.315594,process,0.04,10,0.0,15.0,25.0,0,20.0,1.5,0,15.0,25.0,1,20.0,1.5,0,15.0,25.0,0,20.0,1.5,0,server-2,,,False,server-2,52.602,52.602,True,200,NORMAL,,11408.146354,11408.1989564
p12_exp_09_high_rr_seen,phase12,high_load,high_load,round_robin,seen_configuration,train,False,50,p12_exp_09_high_rr_seen_30,1788873292.322428,process,0.04,10,0.0,15.0,25.0,1,20.0,1.5,0,15.0,25.0,0,20.0,1.5,0,15.0,25.0,0,20.0,1.5,0,server-1,,,False,server-1,50.581,50.581,True,200,NORMAL,,11408.1533823,11408.2039638
p12_exp_09_high_rr_seen,phase12,high_load,high_load,round_robin,seen_configuration,train,False,50,p12_exp_09_high_rr_seen_31,1788873292.324016,process,0.04,10,0.0,15.0,25.0,0,20.0,1.5,0,15.0,25.0,1,20.0,1.5,0,15.0,25.0,0,20.0,1.5,0,server-2,,,False,server-2,50.982,50.982,True,200,NORMAL,,11408.1547237,11408.2057055
p12_exp_09_high_rr_seen,phase12,high_load,high_load,round_robin,seen_configuration,train,False,50,p12_exp_09_high_rr_seen_32,1788873292.3262212,process,0.04,10,0.0,15.0,25.0,0,20.0,1.5,0,15.0,25.0,0,20.0,1.5,0,15.0,25.0,1,20.0,1.5,0,server-3,,,False,server-3,59.723,59.723,True,200,NORMAL,,11408.1575238,11408.2172472
p12_exp_09_high_rr_seen,phase12,high_load,high_load,round_robin,seen_configuration,train,False,50,p12_exp_09_high_rr_seen_33,1788873292.3368757,process,0.04,10,0.0,15.0,25.0,1,20.0,1.5,0,15.0,25.0,0,20.0,1.5,0,15.0,25.0,0,20.0,1.5,0,server-1,,,False,server-1,63.393,63.393,True,200,NORMAL,,11408.1694475,11408.2328407
p12_exp_09_high_rr_seen,phase12,high_load,high_load,round_robin,seen_configuration,train,False,50,p12_exp_09_high_rr_seen_34,1788873292.3551526,process,0.04,10,0.0,15.0,25.0,0,20.0,1.5,0,15.0,25.0,1,20.0,1.5,0,15.0,25.0,0,20.0,1.5,0,server-2,,,False,server-2,48.823,48.823,True,200,NORMAL,,11408.1858228,11408.234646
p12_exp_09_high_rr_seen,phase12,high_load,high_load,round_robin,seen_configuration,train,False,50,p12_exp_09_high_rr_seen_35,1788873292.358364,process,0.04,10,0.0,15.0,25.0,0,20.0,1.5,0,15.0,25.0,0,20.0,1.5,0,15.0,25.0,1,20.0,1.5,0,server-3,,,False,server-3,50.998,50.998,True,200,NORMAL,,11408.1891549,11408.2401533
p12_exp_09_high_rr_seen,phase12,high_load,high_load,round_robin,seen_configuration,train,False,50,p12_exp_09_high_rr_seen_36,1788873292.361565,process,0.04,10,0.0,15.0,25.0,1,20.0,1.5,0,15.0,25.0,0,20.0,1.5,0,15.0,25.0,0,20.0,1.5,0,server-1,,,False,server-1,53.129,53.129,True,200,NORMAL,,11408.1924261,11408.2455554
p12_exp_09_high_rr_seen,phase12,high_load,high_load,round_robin,seen_configuration,train,False,50,p12_exp_09_high_rr_seen_37,1788873292.365736,process,0.04,10,0.0,15.0,25.0,0,20.0,1.5,0,15.0,25.0,1,20.0,1.5,0,15.0,25.0,0,20.0,1.5,0,server-2,,,False,server-2,55.245,55.245,True,200,NORMAL,,11408.1966089,11408.2518535
p12_exp_09_high_rr_seen,phase12,high_load,high_load,round_robin,seen_configuration,train,False,50,p12_exp_09_high_rr_seen_38,1788873292.3678818,process,0.04,10,0.0,15.0,25.0,0,20.0,1.5,0,15.0,25.0,0,20.0,1.5,0,15.0,25.0,1,20.0,1.5,0,server-3,,,False,server-3,52.024,52.024,True,200,NORMAL,,11408.1986105,11408.2506347
p12_exp_09_high_rr_seen,phase12,high_load,high_load,round_robin,seen_configuration,train,False,50,p12_exp_09_high_rr_seen_39,1788873292.3684363,process,0.04,10,0.0,15.0,25.0,1,20.0,1.5,0,15.0,25.0,0,20.0,1.5,0,15.0,25.0,0,20.0,1.5,0,server-1,,,False,server-1,54.577,54.577,True,200,NORMAL,,11408.199001,11408.2535779
p12_exp_09_high_rr_seen,phase12,high_load,high_load,round_robin,seen_configuration,train,False,50,p12_exp_09_high_rr_seen_40,1788873292.3731086,process,0.04,10,0.0,15.0,25.0,0,20.0,1.5,0,15.0,25.0,1,20.0,1.5,0,15.0,25.0,0,20.0,1.5,0,server-2,,,False,server-2,51.48,51.48,True,200,NORMAL,,11408.2040163,11408.2554967
p12_exp_09_high_rr_seen,phase12,high_load,high_load,round_robin,seen_configuration,train,False,50,p12_exp_09_high_rr_seen_41,1788873292.374686,process,0.04,10,0.0,15.0,25.0,0,20.0,1.5,0,15.0,25.0,0,20.0,1.5,0,15.0,25.0,1,20.0,1.5,0,server-3,,,False,server-3,49.837,49.837,True,200,NORMAL,,11408.2057593,11408.2555959
p12_exp_09_high_rr_seen,phase12,high_load,high_load,round_robin,seen_configuration,train,False,50,p12_exp_09_high_rr_seen_42,1788873292.3853166,process,0.04,10,0.0,15.0,25.0,1,20.0,1.5,0,15.0,25.0,0,20.0,1.5,0,15.0,25.0,0,20.0,1.5,0,server-1,,,False,server-1,45.922,45.922,True,200,NORMAL,,11408.2172978,11408.2632203
p12_exp_09_high_rr_seen,phase12,high_load,high_load,round_robin,seen_configuration,train,False,50,p12_exp_09_high_rr_seen_43,1788873292.4006402,process,0.04,10,0.0,15.0,25.0,0,20.0,1.5,0,15.0,25.0,1,20.0,1.5,0,15.0,25.0,0,20.0,1.5,0,server-2,,,False,server-2,47.417,47.417,True,200,NORMAL,,11408.2328979,11408.280315
p12_exp_09_high_rr_seen,phase12,high_load,high_load,round_robin,seen_configuration,train,False,50,p12_exp_09_high_rr_seen_44,1788873292.4026563,process,0.04,10,0.0,15.0,25.0,0,20.0,1.5,0,15.0,25.0,0,20.0,1.5,0,15.0,25.0,1,20.0,1.5,0,server-3,,,False,server-3,46.785,46.785,True,200,NORMAL,,11408.2346971,11408.2814817
p12_exp_09_high_rr_seen,phase12,high_load,high_load,round_robin,seen_configuration,train,False,50,p12_exp_09_high_rr_seen_45,1788873292.409337,process,0.04,10,0.0,15.0,25.0,1,20.0,1.5,0,15.0,25.0,0,20.0,1.5,0,15.0,25.0,0,20.0,1.5,0,server-1,,,False,server-1,46.052,46.052,True,200,NORMAL,,11408.2402085,11408.286261
p12_exp_10_high_lc_seen,phase12,high_load,high_load,least_connections,seen_configuration,val,False,51,p12_exp_10_high_lc_seen_1,1788873294.6634333,process,0.04,10,0.0,15.0,25.0,1,20.0,1.5,0,15.0,25.0,0,20.0,1.5,0,15.0,25.0,0,20.0,1.5,0,server-1,,,False,server-1,56.005,56.005,True,200,NORMAL,,11410.4948481,11410.5508534
p12_exp_10_high_lc_seen,phase12,high_load,high_load,least_connections,seen_configuration,val,False,51,p12_exp_10_high_lc_seen_2,1788873294.6634333,process,0.04,10,0.0,15.0,25.0,0,20.0,1.5,0,15.0,25.0,1,20.0,1.5,0,15.0,25.0,0,20.0,1.5,0,server-2,,,False,server-2,61.494,61.494,True,200,NORMAL,,11410.4965148,11410.5580083
p12_exp_10_high_lc_seen,phase12,high_load,high_load,least_connections,seen_configuration,val,False,51,p12_exp_10_high_lc_seen_3,1788873294.6634333,process,0.04,10,0.0,15.0,25.0,0,20.0,1.5,0,15.0,25.0,0,20.0,1.5,0,15.0,25.0,1,20.0,1.5,0,server-3,,,False,server-3,64.129,64.129,True,200,NORMAL,,11410.498422,11410.5625505
p12_exp_10_high_lc_seen,phase12,high_load,high_load,least_connections,seen_configuration,val,False,51,p12_exp_10_high_lc_seen_4,1788873294.6634333,process,0.04,10,0.0,15.0,25.0,1,20.0,1.5,0,15.0,25.0,0,20.0,1.5,0,15.0,25.0,0,20.0,1.5,0,server-1,,,False,server-1,60.965,60.965,True,200,NORMAL,,11410.5010286,11410.5619933
p12_exp_10_high_lc_seen,phase12,high_load,high_load,least_connections,seen_configuration,val,False,51,p12_exp_10_high_lc_seen_5,1788873294.6634333,process,0.04,10,0.0,15.0,25.0,0,20.0,1.5,0,15.0,25.0,1,20.0,1.5,0,15.0,25.0,0,20.0,1.5,0,server-2,,,False,server-2,70.727,70.727,True,200,NORMAL,,11410.5038982,11410.5746249
p12_exp_10_high_lc_seen,phase12,high_load,high_load,least_connections,seen_configuration,val,False,51,p12_exp_10_high_lc_seen_6,1788873294.6740322,process,0.04,10,0.0,15.0,25.0,0,20.0,1.5,0,15.0,25.0,0,20.0,1.5,0,15.0,25.0,1,20.0,1.5,0,server-3,,,False,server-3,68.522,68.522,True,200,NORMAL,,11410.5075629,11410.5760851
p12_exp_10_high_lc_seen,phase12,high_load,high_load,least_connections,seen_configuration,val,False,51,p12_exp_10_high_lc_seen_7,1788873294.6740322,process,0.04,10,0.0,15.0,25.0,1,20.0,1.5,0,15.0,25.0,0,20.0,1.5,0,15.0,25.0,0,20.0,1.5,0,server-1,,,False,server-1,82.177,82.177,True,200,NORMAL,,11410.5105457,11410.5927227
p12_exp_10_high_lc_seen,phase12,high_load,high_load,least_connections,seen_configuration,val,False,51,p12_exp_10_high_lc_seen_8,1788873294.6803713,process,0.04,10,0.0,15.0,25.0,0,20.0,1.5,0,15.0,25.0,1,20.0,1.5,0,15.0,25.0,0,20.0,1.5,0,server-2,,,False,server-2,72.691,72.691,True,200,NORMAL,,11410.513307,11410.5859979
p12_exp_10_high_lc_seen,phase12,high_load,high_load,least_connections,seen_configuration,val,False,51,p12_exp_10_high_lc_seen_9,1788873294.6851122,process,0.04,10,0.0,15.0,25.0,1,20.0,1.5,0,15.0,25.0,0,20.0,1.5,0,15.0,25.0,0,20.0,1.5,0,server-1,,,False,server-1,81.058,81.058,True,200,NORMAL,,11410.518439,11410.5994965
p12_exp_10_high_lc_seen,phase12,high_load,high_load,least_connections,seen_configuration,val,False,51,p12_exp_10_high_lc_seen_10,1788873294.6851122,process,0.04,10,0.0,15.0,25.0,0,20.0,1.5,0,15.0,25.0,0,20.0,1.5,0,15.0,25.0,1,20.0,1.5,0,server-3,,,False,server-3,76.043,76.043,True,200,NORMAL,,11410.5209468,11410.5969893
p12_exp_10_high_lc_seen,phase12,high_load,high_load,least_connections,seen_configuration,val,False,51,p12_exp_10_high_lc_seen_11,1788873294.7203672,process,0.04,10,0.0,15.0,25.0,0,20.0,1.5,0,15.0,25.0,1,20.0,1.5,0,15.0,25.0,0,20.0,1.5,0,server-2,,,False,server-2,76.615,76.615,True,200,NORMAL,,11410.5509485,11410.6275636
p12_exp_10_high_lc_seen,phase12,high_load,high_load,least_connections,seen_configuration,val,False,51,p12_exp_10_high_lc_seen_12,1788873294.7274866,process,0.04,10,0.0,15.0,25.0,1,20.0,1.5,0,15.0,25.0,0,20.0,1.5,0,15.0,25.0,0,20.0,1.5,0,server-1,,,False,server-1,64.597,64.597,True,200,NORMAL,,11410.5581039,11410.6227007
p12_exp_10_high_lc_seen,phase12,high_load,high_load,least_connections,seen_configuration,val,False,51,p12_exp_10_high_lc_seen_13,1788873294.7313502,process,0.04,10,0.0,15.0,25.0,0,20.0,1.5,0,15.0,25.0,0,20.0,1.5,0,15.0,25.0,1,20.0,1.5,0,server-3,,,False,server-3,73.298,73.298,True,200,NORMAL,,11410.5620927,11410.6353903
p12_exp_10_high_lc_seen,phase12,high_load,high_load,least_connections,seen_configuration,val,False,51,p12_exp_10_high_lc_seen_14,1788873294.7318945,process,0.04,10,0.0,15.0,25.0,0,20.0,1.5,0,15.0,25.0,1,20.0,1.5,0,15.0,25.0,0,20.0,1.5,0,server-2,,,False,server-2,71.766,71.766,True,200,NORMAL,,11410.5626238,11410.6343896
p12_exp_10_high_lc_seen,phase12,high_load,high_load,least_connections,seen_configuration,val,False,51,p12_exp_10_high_lc_seen_15,1788873294.7439208,process,0.04,10,0.0,15.0,25.0,0,20.0,1.5,0,15.0,25.0,1,20.0,1.5,0,15.0,25.0,0,20.0,1.5,0,server-2,,,False,server-2,72.671,72.671,True,200,NORMAL,,11410.5747141,11410.6473849
p12_exp_10_high_lc_seen,phase12,high_load,high_load,least_connections,seen_configuration,val,False,51,p12_exp_10_high_lc_seen_16,1788873294.7455862,process,0.04,10,0.0,15.0,25.0,0,20.0,1.5,0,15.0,25.0,0,20.0,1.5,0,15.0,25.0,1,20.0,1.5,0,server-3,,,False,server-3,67.708,67.708,True,200,NORMAL,,11410.5761616,11410.6438698
p12_exp_10_high_lc_seen,phase12,high_load,high_load,least_connections,seen_configuration,val,False,51,p12_exp_10_high_lc_seen_17,1788873294.755398,process,0.04,10,0.0,15.0,25.0,1,20.0,1.5,0,15.0,25.0,0,20.0,1.5,0,15.0,25.0,0,20.0,1.5,0,server-1,,,False,server-1,65.831,65.831,True,200,NORMAL,,11410.5860914,11410.6519227
p12_exp_10_high_lc_seen,phase12,high_load,high_load,least_connections,seen_configuration,val,False,51,p12_exp_10_high_lc_seen_18,1788873294.7617855,process,0.04,10,0.0,15.0,25.0,1,20.0,1.5,0,15.0,25.0,0,20.0,1.5,0,15.0,25.0,0,20.0,1.5,0,server-1,,,False,server-1,65.625,65.625,True,200,NORMAL,,11410.5928242,11410.6584495
p12_exp_10_high_lc_seen,phase12,high_load,high_load,least_connections,seen_configuration,val,False,51,p12_exp_10_high_lc_seen_19,1788873294.7663004,process,0.04,10,0.0,15.0,25.0,0,20.0,1.5,0,15.0,25.0,0,20.0,1.5,0,15.0,25.0,1,20.0,1.5,0,server-3,,,False,server-3,61.653,61.653,True,200,NORMAL,,11410.5970936,11410.6587464
p12_exp_10_high_lc_seen,phase12,high_load,high_load,least_connections,seen_configuration,val,False,51,p12_exp_10_high_lc_seen_20,1788873294.7689629,process,0.04,10,0.0,15.0,25.0,1,20.0,1.5,0,15.0,25.0,0,20.0,1.5,0,15.0,25.0,0,20.0,1.5,0,server-1,,,False,server-1,59.682,59.682,True,200,NORMAL,,11410.5995979,11410.6592802
p12_exp_10_high_lc_seen,phase12,high_load,high_load,least_connections,seen_configuration,val,False,51,p12_exp_10_high_lc_seen_21,1788873294.7920864,process,0.04,10,0.0,15.0,25.0,0,20.0,1.5,0,15.0,25.0,1,20.0,1.5,0,15.0,25.0,0,20.0,1.5,0,server-2,,,False,server-2,61.976,61.976,True,200,NORMAL,,11410.6228037,11410.6847796
p12_exp_10_high_lc_seen,phase12,high_load,high_load,least_connections,seen_configuration,val,False,51,p12_exp_10_high_lc_seen_22,1788873294.796985,process,0.04,10,0.0,15.0,25.0,0,20.0,1.5,0,15.0,25.0,1,20.0,1.5,0,15.0,25.0,0,20.0,1.5,0,server-2,,,False,server-2,46.754,46.754,True,200,NORMAL,,11410.6276108,11410.6743643
p12_exp_10_high_lc_seen,phase12,high_load,high_load,least_connections,seen_configuration,val,False,51,p12_exp_10_high_lc_seen_23,1788873294.8037496,process,0.04,10,0.0,15.0,25.0,0,20.0,1.5,0,15.0,25.0,0,20.0,1.5,0,15.0,25.0,1,20.0,1.5,0,server-3,,,False,server-3,50.555,50.555,True,200,NORMAL,,11410.6344548,11410.6850101
p12_exp_10_high_lc_seen,phase12,high_load,high_load,least_connections,seen_configuration,val,False,51,p12_exp_10_high_lc_seen_24,1788873294.804863,process,0.04,10,0.0,15.0,25.0,1,20.0,1.5,0,15.0,25.0,0,20.0,1.5,0,15.0,25.0,0,20.0,1.5,0,server-1,,,False,server-1,50.577,50.577,True,200,NORMAL,,11410.6354801,11410.6860569
p12_exp_10_high_lc_seen,phase12,high_load,high_load,least_connections,seen_configuration,val,False,51,p12_exp_10_high_lc_seen_25,1788873294.8132217,process,0.04,10,0.0,15.0,25.0,0,20.0,1.5,0,15.0,25.0,0,20.0,1.5,0,15.0,25.0,1,20.0,1.5,0,server-3,,,False,server-3,49.172,49.172,True,200,NORMAL,,11410.6439191,11410.6930909
p12_exp_10_high_lc_seen,phase12,high_load,high_load,least_connections,seen_configuration,val,False,51,p12_exp_10_high_lc_seen_26,1788873294.816497,process,0.04,10,0.0,15.0,25.0,0,20.0,1.5,0,15.0,25.0,1,20.0,1.5,0,15.0,25.0,0,20.0,1.5,0,server-2,,,False,server-2,49.331,49.331,True,200,NORMAL,,11410.6474427,11410.6967738
p12_exp_10_high_lc_seen,phase12,high_load,high_load,least_connections,seen_configuration,val,False,51,p12_exp_10_high_lc_seen_27,1788873294.821051,process,0.04,10,0.0,15.0,25.0,1,20.0,1.5,0,15.0,25.0,0,20.0,1.5,0,15.0,25.0,0,20.0,1.5,0,server-1,,,False,server-1,52.02,52.02,True,200,NORMAL,,11410.6520111,11410.7040308
p12_exp_10_high_lc_seen,phase12,high_load,high_load,least_connections,seen_configuration,val,False,51,p12_exp_10_high_lc_seen_28,1788873294.8274052,process,0.04,10,0.0,15.0,25.0,1,20.0,1.5,0,15.0,25.0,0,20.0,1.5,0,15.0,25.0,0,20.0,1.5,0,server-1,,,False,server-1,52.651,52.651,True,200,NORMAL,,11410.658505,11410.711156
p12_exp_10_high_lc_seen,phase12,high_load,high_load,least_connections,seen_configuration,val,False,51,p12_exp_10_high_lc_seen_29,1788873294.8274052,process,0.04,10,0.0,15.0,25.0,0,20.0,1.5,0,15.0,25.0,0,20.0,1.5,0,15.0,25.0,1,20.0,1.5,0,server-3,,,False,server-3,51.081,51.081,True,200,NORMAL,,11410.6587839,11410.7098652
p12_exp_10_high_lc_seen,phase12,high_load,high_load,least_connections,seen_configuration,val,False,51,p12_exp_10_high_lc_seen_30,1788873294.8274052,process,0.04,10,0.0,15.0,25.0,1,20.0,1.5,0,15.0,25.0,0,20.0,1.5,0,15.0,25.0,0,20.0,1.5,0,server-1,,,False,server-1,50.067,50.067,True,200,NORMAL,,11410.6593219,11410.709389
p12_exp_10_high_lc_seen,phase12,high_load,high_load,least_connections,seen_configuration,val,False,51,p12_exp_10_high_lc_seen_31,1788873294.8438668,process,0.04,10,0.0,15.0,25.0,0,20.0,1.5,0,15.0,25.0,1,20.0,1.5,0,15.0,25.0,0,20.0,1.5,0,server-2,,,False,server-2,46.627,46.627,True,200,NORMAL,,11410.674419,11410.7210456
p12_exp_10_high_lc_seen,phase12,high_load,high_load,least_connections,seen_configuration,val,False,51,p12_exp_10_high_lc_seen_32,1788873294.8541389,process,0.04,10,0.0,15.0,25.0,0,20.0,1.5,0,15.0,25.0,1,20.0,1.5,0,15.0,25.0,0,20.0,1.5,0,server-2,,,False,server-2,49.406,49.406,True,200,NORMAL,,11410.6848247,11410.7342305
p12_exp_10_high_lc_seen,phase12,high_load,high_load,least_connections,seen_configuration,val,False,51,p12_exp_10_high_lc_seen_33,1788873294.8541389,process,0.04,10,0.0,15.0,25.0,0,20.0,1.5,0,15.0,25.0,0,20.0,1.5,0,15.0,25.0,1,20.0,1.5,0,server-3,,,False,server-3,50.267,50.267,True,200,NORMAL,,11410.6850383,11410.7353053
p12_exp_10_high_lc_seen,phase12,high_load,high_load,least_connections,seen_configuration,val,False,51,p12_exp_10_high_lc_seen_34,1788873294.8552058,process,0.04,10,0.0,15.0,25.0,1,20.0,1.5,0,15.0,25.0,0,20.0,1.5,0,15.0,25.0,0,20.0,1.5,0,server-1,,,False,server-1,50.397,50.397,True,200,NORMAL,,11410.6861008,11410.7364982
p12_exp_10_high_lc_seen,phase12,high_load,high_load,least_connections,seen_configuration,val,False,51,p12_exp_10_high_lc_seen_35,1788873294.862011,process,0.04,10,0.0,15.0,25.0,0,20.0,1.5,0,15.0,25.0,0,20.0,1.5,0,15.0,25.0,1,20.0,1.5,0,server-3,,,False,server-3,49.911,49.911,True,200,NORMAL,,11410.6931365,11410.7430472
p12_exp_10_high_lc_seen,phase12,high_load,high_load,least_connections,seen_configuration,val,False,51,p12_exp_10_high_lc_seen_36,1788873294.8660295,process,0.04,10,0.0,15.0,25.0,0,20.0,1.5,0,15.0,25.0,1,20.0,1.5,0,15.0,25.0,0,20.0,1.5,0,server-2,,,False,server-2,49.96,49.96,True,200,NORMAL,,11410.696833,11410.746793
p12_exp_10_high_lc_seen,phase12,high_load,high_load,least_connections,seen_configuration,val,False,51,p12_exp_10_high_lc_seen_37,1788873294.8732271,process,0.04,10,0.0,15.0,25.0,1,20.0,1.5,0,15.0,25.0,0,20.0,1.5,0,15.0,25.0,0,20.0,1.5,0,server-1,,,False,server-1,48.405,48.405,True,200,NORMAL,,11410.7040942,11410.7524993
p12_exp_10_high_lc_seen,phase12,high_load,high_load,least_connections,seen_configuration,val,False,51,p12_exp_10_high_lc_seen_38,1788873294.8784676,process,0.04,10,0.0,15.0,25.0,1,20.0,1.5,0,15.0,25.0,0,20.0,1.5,0,15.0,25.0,0,20.0,1.5,0,server-1,,,False,server-1,48.54,48.54,True,200,NORMAL,,11410.7094407,11410.7579811
p12_exp_10_high_lc_seen,phase12,high_load,high_load,least_connections,seen_configuration,val,False,51,p12_exp_10_high_lc_seen_39,1788873294.8789887,process,0.04,10,0.0,15.0,25.0,0,20.0,1.5,0,15.0,25.0,0,20.0,1.5,0,15.0,25.0,1,20.0,1.5,0,server-3,,,False,server-3,48.554,48.554,True,200,NORMAL,,11410.7098991,11410.7584536
p12_exp_10_high_lc_seen,phase12,high_load,high_load,least_connections,seen_configuration,val,False,51,p12_exp_10_high_lc_seen_40,1788873294.88008,process,0.04,10,0.0,15.0,25.0,1,20.0,1.5,0,15.0,25.0,0,20.0,1.5,0,15.0,25.0,0,20.0,1.5,0,server-1,,,False,server-1,48.447,48.447,True,200,NORMAL,,11410.7112046,11410.7596517
p12_exp_10_high_lc_seen,phase12,high_load,high_load,least_connections,seen_configuration,val,False,51,p12_exp_10_high_lc_seen_41,1788873294.8902452,process,0.04,10,0.0,15.0,25.0,0,20.0,1.5,0,15.0,25.0,1,20.0,1.5,0,15.0,25.0,0,20.0,1.5,0,server-2,,,False,server-2,62.0,62.0,True,200,NORMAL,,11410.7211098,11410.7831101
p12_exp_10_high_lc_seen,phase12,high_load,high_load,least_connections,seen_configuration,val,False,51,p12_exp_10_high_lc_seen_42,1788873294.9030282,process,0.04,10,0.0,15.0,25.0,0,20.0,1.5,0,15.0,25.0,1,20.0,1.5,0,15.0,25.0,0,20.0,1.5,0,server-2,,,False,server-2,54.406,54.406,True,200,NORMAL,,11410.7343058,11410.7887119
p12_exp_10_high_lc_seen,phase12,high_load,high_load,least_connections,seen_configuration,val,False,51,p12_exp_10_high_lc_seen_43,1788873294.9040873,process,0.04,10,0.0,15.0,25.0,0,20.0,1.5,0,15.0,25.0,0,20.0,1.5,0,15.0,25.0,1,20.0,1.5,0,server-3,,,False,server-3,54.513,54.513,True,200,NORMAL,,11410.7353699,11410.7898829
p12_exp_10_high_lc_seen,phase12,high_load,high_load,least_connections,seen_configuration,val,False,51,p12_exp_10_high_lc_seen_44,1788873294.905092,process,0.04,10,0.0,15.0,25.0,0,20.0,1.5,0,15.0,25.0,1,20.0,1.5,0,15.0,25.0,0,20.0,1.5,0,server-2,,,False,server-2,56.734,56.734,True,200,NORMAL,,11410.7365786,11410.7933122
p12_exp_10_high_lc_seen,phase12,high_load,high_load,least_connections,seen_configuration,val,False,51,p12_exp_10_high_lc_seen_45,1788873294.9120028,process,0.04,10,0.0,15.0,25.0,0,20.0,1.5,0,15.0,25.0,0,20.0,1.5,0,15.0,25.0,1,20.0,1.5,0,server-3,,,False,server-3,50.483,50.483,True,200,NORMAL,,11410.7430966,11410.7935791
p12_exp_11_high_iphash_unseen,phase12,high_load,high_load,ip_hash,unseen_configuration,test_high_load,False,52,p12_exp_11_high_iphash_unseen_1,1788873296.681142,process,0.045,12,0.0,15.0,25.0,1,20.0,1.5,0,15.0,25.0,0,20.0,1.5,0,15.0,25.0,0,20.0,1.5,0,server-1,,,False,server-1,57.748,57.748,True,200,NORMAL,,11412.5118875,11412.569636
p12_exp_11_high_iphash_unseen,phase12,high_load,high_load,ip_hash,unseen_configuration,test_high_load,False,52,p12_exp_11_high_iphash_unseen_2,1788873296.6822524,process,0.045,12,0.0,15.0,25.0,1,20.0,1.5,0,15.0,25.0,0,20.0,1.5,0,15.0,25.0,0,20.0,1.5,0,server-1,,,False,server-1,60.443,60.443,True,200,NORMAL,,11412.5130057,11412.5734488
p12_exp_11_high_iphash_unseen,phase12,high_load,high_load,ip_hash,unseen_configuration,test_high_load,False,52,p12_exp_11_high_iphash_unseen_3,1788873296.6833618,process,0.045,12,0.0,15.0,25.0,1,20.0,1.5,0,15.0,25.0,0,20.0,1.5,0,15.0,25.0,0,20.0,1.5,0,server-1,,,False,server-1,63.653,63.653,True,200,NORMAL,,11412.5145495,11412.5782028
p12_exp_11_high_iphash_unseen,phase12,high_load,high_load,ip_hash,unseen_configuration,test_high_load,False,52,p12_exp_11_high_iphash_unseen_4,1788873296.685451,process,0.045,12,0.0,15.0,25.0,1,20.0,1.5,0,15.0,25.0,0,20.0,1.5,0,15.0,25.0,0,20.0,1.5,0,server-1,,,False,server-1,71.545,71.545,True,200,NORMAL,,11412.5167413,11412.5882861
p12_exp_11_high_iphash_unseen,phase12,high_load,high_load,ip_hash,unseen_configuration,test_high_load,False,52,p12_exp_11_high_iphash_unseen_5,1788873296.6887348,process,0.045,12,0.0,15.0,25.0,1,20.0,1.5,0,15.0,25.0,0,20.0,1.5,0,15.0,25.0,0,20.0,1.5,0,server-1,,,False,server-1,71.324,71.324,True,200,NORMAL,,11412.5196135,11412.5909374
p12_exp_11_high_iphash_unseen,phase12,high_load,high_load,ip_hash,unseen_configuration,test_high_load,False,52,p12_exp_11_high_iphash_unseen_6,1788873296.6920445,process,0.045,12,0.0,15.0,25.0,1,20.0,1.5,0,15.0,25.0,0,20.0,1.5,0,15.0,25.0,0,20.0,1.5,0,server-1,,,False,server-1,74.753,74.753,True,200,NORMAL,,11412.5232211,11412.5979737
p12_exp_11_high_iphash_unseen,phase12,high_load,high_load,ip_hash,unseen_configuration,test_high_load,False,52,p12_exp_11_high_iphash_unseen_7,1788873296.6943076,process,0.045,12,0.0,15.0,25.0,1,20.0,1.5,0,15.0,25.0,0,20.0,1.5,0,15.0,25.0,0,20.0,1.5,0,server-1,,,False,server-1,75.368,75.368,True,200,NORMAL,,11412.5253387,11412.6007069
p12_exp_11_high_iphash_unseen,phase12,high_load,high_load,ip_hash,unseen_configuration,test_high_load,False,52,p12_exp_11_high_iphash_unseen_8,1788873296.698553,process,0.045,12,0.0,15.0,25.0,1,20.0,1.5,0,15.0,25.0,0,20.0,1.5,0,15.0,25.0,0,20.0,1.5,0,server-1,,,False,server-1,79.798,79.798,True,200,NORMAL,,11412.5296541,11412.6094522
p12_exp_11_high_iphash_unseen,phase12,high_load,high_load,ip_hash,unseen_configuration,test_high_load,False,52,p12_exp_11_high_iphash_unseen_9,1788873296.7018,process,0.045,12,0.0,15.0,25.0,1,20.0,1.5,0,15.0,25.0,0,20.0,1.5,0,15.0,25.0,0,20.0,1.5,0,server-1,,,False,server-1,75.024,75.024,True,200,NORMAL,,11412.5326083,11412.6076323
p12_exp_11_high_iphash_unseen,phase12,high_load,high_load,ip_hash,unseen_configuration,test_high_load,False,52,p12_exp_11_high_iphash_unseen_10,1788873296.7018,process,0.045,12,0.0,15.0,25.0,1,20.0,1.5,0,15.0,25.0,0,20.0,1.5,0,15.0,25.0,0,20.0,1.5,0,server-1,,,False,server-1,79.062,79.062,True,200,NORMAL,,11412.535516,11412.6145775
p12_exp_11_high_iphash_unseen,phase12,high_load,high_load,ip_hash,unseen_configuration,test_high_load,False,52,p12_exp_11_high_iphash_unseen_11,1788873296.7078347,process,0.045,12,0.0,15.0,25.0,1,20.0,1.5,0,15.0,25.0,0,20.0,1.5,0,15.0,25.0,0,20.0,1.5,0,server-1,,,False,server-1,83.182,83.182,True,200,NORMAL,,11412.5384179,11412.6215998
p12_exp_11_high_iphash_unseen,phase12,high_load,high_load,ip_hash,unseen_configuration,test_high_load,False,52,p12_exp_11_high_iphash_unseen_12,1788873296.71023,process,0.045,12,0.0,15.0,25.0,1,20.0,1.5,0,15.0,25.0,0,20.0,1.5,0,15.0,25.0,0,20.0,1.5,0,server-1,,,False,server-1,79.182,79.182,True,200,NORMAL,,11412.5411232,11412.6203052
p12_exp_11_high_iphash_unseen,phase12,high_load,high_load,ip_hash,unseen_configuration,test_high_load,False,52,p12_exp_11_high_iphash_unseen_13,1788873296.7386954,process,0.045,12,0.0,15.0,25.0,1,20.0,1.5,0,15.0,25.0,0,20.0,1.5,0,15.0,25.0,0,20.0,1.5,0,server-1,,,False,server-1,61.633,61.633,True,200,NORMAL,,11412.5697228,11412.6313562
p12_exp_11_high_iphash_unseen,phase12,high_load,high_load,ip_hash,unseen_configuration,test_high_load,False,52,p12_exp_11_high_iphash_unseen_14,1788873296.7427464,process,0.045,12,0.0,15.0,25.0,1,20.0,1.5,0,15.0,25.0,0,20.0,1.5,0,15.0,25.0,0,20.0,1.5,0,server-1,,,False,server-1,65.84,65.84,True,200,NORMAL,,11412.5735389,11412.6393787
p12_exp_11_high_iphash_unseen,phase12,high_load,high_load,ip_hash,unseen_configuration,test_high_load,False,52,p12_exp_11_high_iphash_unseen_15,1788873296.747368,process,0.045,12,0.0,15.0,25.0,1,20.0,1.5,0,15.0,25.0,0,20.0,1.5,0,15.0,25.0,0,20.0,1.5,0,server-1,,,False,server-1,63.261,63.261,True,200,NORMAL,,11412.5782854,11412.641546
p12_exp_11_high_iphash_unseen,phase12,high_load,high_load,ip_hash,unseen_configuration,test_high_load,False,52,p12_exp_11_high_iphash_unseen_16,1788873296.7575572,process,0.045,12,0.0,15.0,25.0,1,20.0,1.5,0,15.0,25.0,0,20.0,1.5,0,15.0,25.0,0,20.0,1.5,0,server-1,,,False,server-1,61.84,61.84,True,200,NORMAL,,11412.5883795,11412.6502193
p12_exp_11_high_iphash_unseen,phase12,high_load,high_load,ip_hash,unseen_configuration,test_high_load,False,52,p12_exp_11_high_iphash_unseen_17,1788873296.7602746,process,0.045,12,0.0,15.0,25.0,1,20.0,1.5,0,15.0,25.0,0,20.0,1.5,0,15.0,25.0,0,20.0,1.5,0,server-1,,,False,server-1,64.473,64.473,True,200,NORMAL,,11412.5910191,11412.655492
p12_exp_11_high_iphash_unseen,phase12,high_load,high_load,ip_hash,unseen_configuration,test_high_load,False,52,p12_exp_11_high_iphash_unseen_18,1788873296.76717,process,0.045,12,0.0,15.0,25.0,1,20.0,1.5,0,15.0,25.0,0,20.0,1.5,0,15.0,25.0,0,20.0,1.5,0,server-1,,,False,server-1,71.426,71.426,True,200,NORMAL,,11412.598063,11412.6694886
p12_exp_11_high_iphash_unseen,phase12,high_load,high_load,ip_hash,unseen_configuration,test_high_load,False,52,p12_exp_11_high_iphash_unseen_19,1788873296.7692451,process,0.045,12,0.0,15.0,25.0,1,20.0,1.5,0,15.0,25.0,0,20.0,1.5,0,15.0,25.0,0,20.0,1.5,0,server-1,,,False,server-1,72.931,72.931,True,200,NORMAL,,11412.6007715,11412.6737025
p12_exp_11_high_iphash_unseen,phase12,high_load,high_load,ip_hash,unseen_configuration,test_high_load,False,52,p12_exp_11_high_iphash_unseen_20,1788873296.776676,process,0.045,12,0.0,15.0,25.0,1,20.0,1.5,0,15.0,25.0,0,20.0,1.5,0,15.0,25.0,0,20.0,1.5,0,server-1,,,False,server-1,68.298,68.298,True,200,NORMAL,,11412.6077241,11412.6760224
p12_exp_11_high_iphash_unseen,phase12,high_load,high_load,ip_hash,unseen_configuration,test_high_load,False,52,p12_exp_11_high_iphash_unseen_21,1788873296.7787051,process,0.045,12,0.0,15.0,25.0,1,20.0,1.5,0,15.0,25.0,0,20.0,1.5,0,15.0,25.0,0,20.0,1.5,0,server-1,,,False,server-1,69.809,69.809,True,200,NORMAL,,11412.6095379,11412.6793467
p12_exp_11_high_iphash_unseen,phase12,high_load,high_load,ip_hash,unseen_configuration,test_high_load,False,52,p12_exp_11_high_iphash_unseen_22,1788873296.7821517,process,0.045,12,0.0,15.0,25.0,1,20.0,1.5,0,15.0,25.0,0,20.0,1.5,0,15.0,25.0,0,20.0,1.5,0,server-1,,,False,server-1,68.918,68.918,True,200,NORMAL,,11412.6146748,11412.683593
p12_exp_11_high_iphash_unseen,phase12,high_load,high_load,ip_hash,unseen_configuration,test_high_load,False,52,p12_exp_11_high_iphash_unseen_23,1788873296.7889428,process,0.045,12,0.0,15.0,25.0,1,20.0,1.5,0,15.0,25.0,0,20.0,1.5,0,15.0,25.0,0,20.0,1.5,0,server-1,,,False,server-1,68.165,68.165,True,200,NORMAL,,11412.6203916,11412.6885565
p12_exp_11_high_iphash_unseen,phase12,high_load,high_load,ip_hash,unseen_configuration,test_high_load,False,52,p12_exp_11_high_iphash_unseen_24,1788873296.7903533,process,0.045,12,0.0,15.0,25.0,1,20.0,1.5,0,15.0,25.0,0,20.0,1.5,0,15.0,25.0,0,20.0,1.5,0,server-1,,,False,server-1,65.346,65.346,True,200,NORMAL,,11412.6216567,11412.6870025
p12_exp_11_high_iphash_unseen,phase12,high_load,high_load,ip_hash,unseen_configuration,test_high_load,False,52,p12_exp_11_high_iphash_unseen_25,1788873296.799929,process,0.045,12,0.0,15.0,25.0,1,20.0,1.5,0,15.0,25.0,0,20.0,1.5,0,15.0,25.0,0,20.0,1.5,0,server-1,,,False,server-1,61.319,61.319,True,200,NORMAL,,11412.6314123,11412.6927308
p12_exp_11_high_iphash_unseen,phase12,high_load,high_load,ip_hash,unseen_configuration,test_high_load,False,52,p12_exp_11_high_iphash_unseen_26,1788873296.8085432,process,0.045,12,0.0,15.0,25.0,1,20.0,1.5,0,15.0,25.0,0,20.0,1.5,0,15.0,25.0,0,20.0,1.5,0,server-1,,,False,server-1,56.996,56.996,True,200,NORMAL,,11412.6394751,11412.6964711
p12_exp_11_high_iphash_unseen,phase12,high_load,high_load,ip_hash,unseen_configuration,test_high_load,False,52,p12_exp_11_high_iphash_unseen_27,1788873296.810053,process,0.045,12,0.0,15.0,25.0,1,20.0,1.5,0,15.0,25.0,0,20.0,1.5,0,15.0,25.0,0,20.0,1.5,0,server-1,,,False,server-1,53.999,53.999,True,200,NORMAL,,11412.6416269,11412.6956257
p12_exp_11_high_iphash_unseen,phase12,high_load,high_load,ip_hash,unseen_configuration,test_high_load,False,52,p12_exp_11_high_iphash_unseen_28,1788873296.8192914,process,0.045,12,0.0,15.0,25.0,1,20.0,1.5,0,15.0,25.0,0,20.0,1.5,0,15.0,25.0,0,20.0,1.5,0,server-1,,,False,server-1,51.744,51.744,True,200,NORMAL,,11412.6502702,11412.7020145
p12_exp_11_high_iphash_unseen,phase12,high_load,high_load,ip_hash,unseen_configuration,test_high_load,False,52,p12_exp_11_high_iphash_unseen_29,1788873296.8246572,process,0.045,12,0.0,15.0,25.0,1,20.0,1.5,0,15.0,25.0,0,20.0,1.5,0,15.0,25.0,0,20.0,1.5,0,server-1,,,False,server-1,51.28,51.28,True,200,NORMAL,,11412.6555516,11412.7068318
p12_exp_11_high_iphash_unseen,phase12,high_load,high_load,ip_hash,unseen_configuration,test_high_load,False,52,p12_exp_11_high_iphash_unseen_30,1788873296.838868,process,0.045,12,0.0,15.0,25.0,1,20.0,1.5,0,15.0,25.0,0,20.0,1.5,0,15.0,25.0,0,20.0,1.5,0,server-1,,,False,server-1,53.484,53.484,True,200,NORMAL,,11412.6695539,11412.7230377
p12_exp_11_high_iphash_unseen,phase12,high_load,high_load,ip_hash,unseen_configuration,test_high_load,False,52,p12_exp_11_high_iphash_unseen_31,1788873296.8421347,process,0.045,12,0.0,15.0,25.0,1,20.0,1.5,0,15.0,25.0,0,20.0,1.5,0,15.0,25.0,0,20.0,1.5,0,server-1,,,False,server-1,55.124,55.124,True,200,NORMAL,,11412.6737781,11412.7289018
p12_exp_11_high_iphash_unseen,phase12,high_load,high_load,ip_hash,unseen_configuration,test_high_load,False,52,p12_exp_11_high_iphash_unseen_32,1788873296.845417,process,0.045,12,0.0,15.0,25.0,1,20.0,1.5,0,15.0,25.0,0,20.0,1.5,0,15.0,25.0,0,20.0,1.5,0,server-1,,,False,server-1,55.196,55.196,True,200,NORMAL,,11412.676102,11412.7312984
p12_exp_11_high_iphash_unseen,phase12,high_load,high_load,ip_hash,unseen_configuration,test_high_load,False,52,p12_exp_11_high_iphash_unseen_33,1788873296.8484178,process,0.045,12,0.0,15.0,25.0,1,20.0,1.5,0,15.0,25.0,0,20.0,1.5,0,15.0,25.0,0,20.0,1.5,0,server-1,,,False,server-1,53.506,53.506,True,200,NORMAL,,11412.6793868,11412.7328926
p12_exp_11_high_iphash_unseen,phase12,high_load,high_load,ip_hash,unseen_configuration,test_high_load,False,52,p12_exp_11_high_iphash_unseen_34,1788873296.8526444,process,0.045,12,0.0,15.0,25.0,1,20.0,1.5,0,15.0,25.0,0,20.0,1.5,0,15.0,25.0,0,20.0,1.5,0,server-1,,,False,server-1,53.348,53.348,True,200,NORMAL,,11412.6836438,11412.7369922
p12_exp_11_high_iphash_unseen,phase12,high_load,high_load,ip_hash,unseen_configuration,test_high_load,False,52,p12_exp_11_high_iphash_unseen_35,1788873296.855886,process,0.045,12,0.0,15.0,25.0,1,20.0,1.5,0,15.0,25.0,0,20.0,1.5,0,15.0,25.0,0,20.0,1.5,0,server-1,,,False,server-1,52.127,52.127,True,200,NORMAL,,11412.6870487,11412.7391757
p12_exp_11_high_iphash_unseen,phase12,high_load,high_load,ip_hash,unseen_configuration,test_high_load,False,52,p12_exp_11_high_iphash_unseen_36,1788873296.8579714,process,0.045,12,0.0,15.0,25.0,1,20.0,1.5,0,15.0,25.0,0,20.0,1.5,0,15.0,25.0,0,20.0,1.5,0,server-1,,,False,server-1,51.919,51.919,True,200,NORMAL,,11412.6886032,11412.7405222
p12_exp_11_high_iphash_unseen,phase12,high_load,high_load,ip_hash,unseen_configuration,test_high_load,False,52,p12_exp_11_high_iphash_unseen_37,1788873296.8620076,process,0.045,12,0.0,15.0,25.0,1,20.0,1.5,0,15.0,25.0,0,20.0,1.5,0,15.0,25.0,0,20.0,1.5,0,server-1,,,False,server-1,53.895,53.895,True,200,NORMAL,,11412.6927741,11412.7466696
p12_exp_11_high_iphash_unseen,phase12,high_load,high_load,ip_hash,unseen_configuration,test_high_load,False,52,p12_exp_11_high_iphash_unseen_38,1788873296.8643394,process,0.045,12,0.0,15.0,25.0,1,20.0,1.5,0,15.0,25.0,0,20.0,1.5,0,15.0,25.0,0,20.0,1.5,0,server-1,,,False,server-1,52.477,52.477,True,200,NORMAL,,11412.6956765,11412.7481531
p12_exp_11_high_iphash_unseen,phase12,high_load,high_load,ip_hash,unseen_configuration,test_high_load,False,52,p12_exp_11_high_iphash_unseen_39,1788873296.8653443,process,0.045,12,0.0,15.0,25.0,1,20.0,1.5,0,15.0,25.0,0,20.0,1.5,0,15.0,25.0,0,20.0,1.5,0,server-1,,,False,server-1,53.074,53.074,True,200,NORMAL,,11412.6965083,11412.7495821
p12_exp_11_high_iphash_unseen,phase12,high_load,high_load,ip_hash,unseen_configuration,test_high_load,False,52,p12_exp_11_high_iphash_unseen_40,1788873296.8714926,process,0.045,12,0.0,15.0,25.0,1,20.0,1.5,0,15.0,25.0,0,20.0,1.5,0,15.0,25.0,0,20.0,1.5,0,server-1,,,False,server-1,49.562,49.562,True,200,NORMAL,,11412.7020634,11412.7516257
p12_exp_11_high_iphash_unseen,phase12,high_load,high_load,ip_hash,unseen_configuration,test_high_load,False,52,p12_exp_11_high_iphash_unseen_41,1788873296.875926,process,0.045,12,0.0,15.0,25.0,1,20.0,1.5,0,15.0,25.0,0,20.0,1.5,0,15.0,25.0,0,20.0,1.5,0,server-1,,,False,server-1,50.118,50.118,True,200,NORMAL,,11412.706881,11412.7569988
p12_exp_11_high_iphash_unseen,phase12,high_load,high_load,ip_hash,unseen_configuration,test_high_load,False,52,p12_exp_11_high_iphash_unseen_42,1788873296.8922524,process,0.045,12,0.0,15.0,25.0,1,20.0,1.5,0,15.0,25.0,0,20.0,1.5,0,15.0,25.0,0,20.0,1.5,0,server-1,,,False,server-1,51.669,51.669,True,200,NORMAL,,11412.7230899,11412.7747589
p12_exp_11_high_iphash_unseen,phase12,high_load,high_load,ip_hash,unseen_configuration,test_high_load,False,52,p12_exp_11_high_iphash_unseen_43,1788873296.8981297,process,0.045,12,0.0,15.0,25.0,1,20.0,1.5,0,15.0,25.0,0,20.0,1.5,0,15.0,25.0,0,20.0,1.5,0,server-1,,,False,server-1,75.163,75.163,True,200,NORMAL,,11412.7289502,11412.8041129
p12_exp_11_high_iphash_unseen,phase12,high_load,high_load,ip_hash,unseen_configuration,test_high_load,False,52,p12_exp_11_high_iphash_unseen_44,1788873296.900421,process,0.045,12,0.0,15.0,25.0,1,20.0,1.5,0,15.0,25.0,0,20.0,1.5,0,15.0,25.0,0,20.0,1.5,0,server-1,,,False,server-1,51.471,51.471,True,200,NORMAL,,11412.7313478,11412.7828188
p12_exp_11_high_iphash_unseen,phase12,high_load,high_load,ip_hash,unseen_configuration,test_high_load,False,52,p12_exp_11_high_iphash_unseen_45,1788873296.9019983,process,0.045,12,0.0,15.0,25.0,1,20.0,1.5,0,15.0,25.0,0,20.0,1.5,0,15.0,25.0,0,20.0,1.5,0,server-1,,,False,server-1,51.261,51.261,True,200,NORMAL,,11412.7329427,11412.7842032
p12_exp_12_high_ml_unseen,phase12,high_load,high_load,ml,unseen_configuration,test_high_load,False,53,p12_exp_12_high_ml_unseen_1,1788873297.7672286,process,0.045,14,0.0,15.0,25.0,0,20.0,1.5,0,15.0,25.0,0,20.0,1.5,0,15.0,25.0,1,20.0,1.5,0,server-3,http://127.0.0.1:8003,1.0,False,server-3,98.637,98.637,True,200,NORMAL,,11413.5993729,11413.6980097
p12_exp_12_high_ml_unseen,phase12,high_load,high_load,ml,unseen_configuration,test_high_load,False,53,p12_exp_12_high_ml_unseen_2,1788873297.7672286,process,0.045,14,0.0,15.0,25.0,0,20.0,1.5,0,15.0,25.0,0,20.0,1.5,0,15.0,25.0,1,20.0,1.5,0,server-3,http://127.0.0.1:8003,1.0,False,server-3,131.59,131.59,True,200,NORMAL,,11413.600652,11413.7322416
p12_exp_12_high_ml_unseen,phase12,high_load,high_load,ml,unseen_configuration,test_high_load,False,53,p12_exp_12_high_ml_unseen_3,1788873297.7672286,process,0.045,14,0.0,15.0,25.0,0,20.0,1.5,0,15.0,25.0,0,20.0,1.5,0,15.0,25.0,1,20.0,1.5,0,server-3,http://127.0.0.1:8003,1.0,False,server-3,159.406,159.406,True,200,NORMAL,,11413.6019082,11413.7613139
p12_exp_12_high_ml_unseen,phase12,high_load,high_load,ml,unseen_configuration,test_high_load,False,53,p12_exp_12_high_ml_unseen_4,1788873297.7672286,process,0.045,14,0.0,15.0,25.0,0,20.0,1.5,0,15.0,25.0,0,20.0,1.5,0,15.0,25.0,1,20.0,1.5,0,server-3,http://127.0.0.1:8003,1.0,False,server-3,171.924,171.924,True,200,NORMAL,,11413.6037818,11413.7757059
p12_exp_12_high_ml_unseen,phase12,high_load,high_load,ml,unseen_configuration,test_high_load,False,53,p12_exp_12_high_ml_unseen_5,1788873297.7746716,process,0.045,14,0.0,15.0,25.0,0,20.0,1.5,0,15.0,25.0,0,20.0,1.5,0,15.0,25.0,1,20.0,1.5,0,server-3,http://127.0.0.1:8003,1.0,False,server-3,183.98,183.98,True,200,NORMAL,,11413.6061413,11413.790121
p12_exp_12_high_ml_unseen,phase12,high_load,high_load,ml,unseen_configuration,test_high_load,False,53,p12_exp_12_high_ml_unseen_6,1788873297.7767928,process,0.045,14,0.0,15.0,25.0,0,20.0,1.5,0,15.0,25.0,0,20.0,1.5,0,15.0,25.0,1,20.0,1.5,0,server-3,http://127.0.0.1:8003,1.0,False,server-3,213.206,213.206,True,200,NORMAL,,11413.6080856,11413.821292
p12_exp_12_high_ml_unseen,phase12,high_load,high_load,ml,unseen_configuration,test_high_load,False,53,p12_exp_12_high_ml_unseen_7,1788873297.780146,process,0.045,14,0.0,15.0,25.0,0,20.0,1.5,0,15.0,25.0,0,20.0,1.5,0,15.0,25.0,1,20.0,1.5,0,server-3,http://127.0.0.1:8003,1.0,False,server-3,243.775,243.775,True,200,NORMAL,,11413.6113116,11413.8550869
p12_exp_12_high_ml_unseen,phase12,high_load,high_load,ml,unseen_configuration,test_high_load,False,53,p12_exp_12_high_ml_unseen_8,1788873297.7822783,process,0.045,14,0.0,15.0,25.0,0,20.0,1.5,0,15.0,25.0,0,20.0,1.5,0,15.0,25.0,1,20.0,1.5,0,server-3,http://127.0.0.1:8003,1.0,False,server-3,222.711,222.711,True,200,NORMAL,,11413.6130403,11413.8357508
p12_exp_12_high_ml_unseen,phase12,high_load,high_load,ml,unseen_configuration,test_high_load,False,53,p12_exp_12_high_ml_unseen_9,1788873297.784572,process,0.045,14,0.0,15.0,25.0,0,20.0,1.5,0,15.0,25.0,0,20.0,1.5,0,15.0,25.0,1,20.0,1.5,0,server-3,http://127.0.0.1:8003,1.0,False,server-3,262.69,262.69,True,200,NORMAL,,11413.6155807,11413.8782711
p12_exp_12_high_ml_unseen,phase12,high_load,high_load,ml,unseen_configuration,test_high_load,False,53,p12_exp_12_high_ml_unseen_10,1788873297.787773,process,0.045,14,0.0,15.0,25.0,0,20.0,1.5,0,15.0,25.0,0,20.0,1.5,0,15.0,25.0,1,20.0,1.5,0,server-3,http://127.0.0.1:8003,1.0,False,server-3,282.726,282.726,True,200,NORMAL,,11413.6184896,11413.9012153
p12_exp_12_high_ml_unseen,phase12,high_load,high_load,ml,unseen_configuration,test_high_load,False,53,p12_exp_12_high_ml_unseen_11,1788873297.7911918,process,0.045,14,0.0,15.0,25.0,0,20.0,1.5,0,15.0,25.0,0,20.0,1.5,0,15.0,25.0,1,20.0,1.5,0,server-3,http://127.0.0.1:8003,1.0,False,server-3,293.751,293.751,True,200,NORMAL,,11413.6220593,11413.9158103
p12_exp_12_high_ml_unseen,phase12,high_load,high_load,ml,unseen_configuration,test_high_load,False,53,p12_exp_12_high_ml_unseen_12,1788873297.79293,process,0.045,14,0.0,15.0,25.0,0,20.0,1.5,0,15.0,25.0,0,20.0,1.5,0,15.0,25.0,1,20.0,1.5,0,server-3,http://127.0.0.1:8003,1.0,False,server-3,325.298,325.298,True,200,NORMAL,,11413.6236933,11413.9489915
p12_exp_12_high_ml_unseen,phase12,high_load,high_load,ml,unseen_configuration,test_high_load,False,53,p12_exp_12_high_ml_unseen_13,1788873297.7958405,process,0.045,14,0.0,15.0,25.0,0,20.0,1.5,0,15.0,25.0,0,20.0,1.5,0,15.0,25.0,1,20.0,1.5,0,server-3,http://127.0.0.1:8003,1.0,False,server-3,367.789,367.789,True,200,NORMAL,,11413.6266383,11413.9944272
p12_exp_12_high_ml_unseen,phase12,high_load,high_load,ml,unseen_configuration,test_high_load,False,53,p12_exp_12_high_ml_unseen_14,1788873297.7982037,process,0.045,14,0.0,15.0,25.0,0,20.0,1.5,0,15.0,25.0,0,20.0,1.5,0,15.0,25.0,1,20.0,1.5,0,server-3,http://127.0.0.1:8003,1.0,False,server-3,379.702,379.702,True,200,NORMAL,,11413.6301909,11414.0098933
p12_exp_12_high_ml_unseen,phase12,high_load,high_load,ml,unseen_configuration,test_high_load,False,53,p12_exp_12_high_ml_unseen_15,1788873297.867203,process,0.045,14,0.0,15.0,25.0,0,20.0,1.5,0,15.0,25.0,0,20.0,1.5,0,15.0,25.0,1,20.0,1.5,0,server-3,http://127.0.0.1:8003,1.0,False,server-3,324.886,324.886,True,200,NORMAL,,11413.6980675,11414.0229537
p12_exp_12_high_ml_unseen,phase12,high_load,high_load,ml,unseen_configuration,test_high_load,False,53,p12_exp_12_high_ml_unseen_16,1788873297.9016168,process,0.045,14,0.0,15.0,25.0,0,20.0,1.5,0,15.0,25.0,0,20.0,1.5,0,15.0,25.0,1,20.0,1.5,0,server-3,http://127.0.0.1:8003,1.0,False,server-3,312.017,312.017,True,200,NORMAL,,11413.7322956,11414.0443131
p12_exp_12_high_ml_unseen,phase12,high_load,high_load,ml,unseen_configuration,test_high_load,False,53,p12_exp_12_high_ml_unseen_17,1788873297.930669,process,0.045,14,0.0,15.0,25.0,0,20.0,1.5,0,15.0,25.0,0,20.0,1.5,0,15.0,25.0,1,20.0,1.5,0,server-3,http://127.0.0.1:8003,1.0,False,server-3,295.804,295.804,True,200,NORMAL,,11413.7613844,11414.0571887
p12_exp_12_high_ml_unseen,phase12,high_load,high_load,ml,unseen_configuration,test_high_load,False,53,p12_exp_12_high_ml_unseen_18,1788873297.945095,process,0.045,14,0.0,15.0,25.0,0,20.0,1.5,0,15.0,25.0,0,20.0,1.5,0,15.0,25.0,1,20.0,1.5,0,server-3,http://127.0.0.1:8003,1.0,False,server-3,296.548,296.548,True,200,NORMAL,,11413.7757592,11414.0723074
p12_exp_12_high_ml_unseen,phase12,high_load,high_load,ml,unseen_configuration,test_high_load,False,53,p12_exp_12_high_ml_unseen_19,1788873297.9593968,process,0.045,14,0.0,15.0,25.0,0,20.0,1.5,0,15.0,25.0,0,20.0,1.5,0,15.0,25.0,1,20.0,1.5,0,server-3,http://127.0.0.1:8003,1.0,False,server-3,296.88,296.88,True,200,NORMAL,,11413.7901679,11414.087048
p12_exp_12_high_ml_unseen,phase12,high_load,high_load,ml,unseen_configuration,test_high_load,False,53,p12_exp_12_high_ml_unseen_20,1788873297.9904015,process,0.045,14,0.0,15.0,25.0,0,20.0,1.5,0,15.0,25.0,0,20.0,1.5,0,15.0,25.0,1,20.0,1.5,0,server-3,http://127.0.0.1:8003,1.0,False,server-3,285.628,285.628,True,200,NORMAL,,11413.821349,11414.1069768
p12_exp_12_high_ml_unseen,phase12,high_load,high_load,ml,unseen_configuration,test_high_load,False,53,p12_exp_12_high_ml_unseen_21,1788873298.0048757,process,0.045,14,0.0,15.0,25.0,0,20.0,1.5,0,15.0,25.0,0,20.0,1.5,0,15.0,25.0,1,20.0,1.5,0,server-3,http://127.0.0.1:8003,1.0,False,server-3,287.287,287.287,True,200,NORMAL,,11413.8358081,11414.1230953
p12_exp_12_high_ml_unseen,phase12,high_load,high_load,ml,unseen_configuration,test_high_load,False,53,p12_exp_12_high_ml_unseen_22,1788873298.0232155,process,0.045,14,0.0,15.0,25.0,0,20.0,1.5,0,15.0,25.0,0,20.0,1.5,0,15.0,25.0,1,20.0,1.5,0,server-3,http://127.0.0.1:8003,1.0,False,server-3,282.758,282.758,True,200,NORMAL,,11413.8551419,11414.1379003
p12_exp_12_high_ml_unseen,phase12,high_load,high_load,ml,unseen_configuration,test_high_load,False,53,p12_exp_12_high_ml_unseen_23,1788873298.0477204,process,0.045,14,0.0,15.0,25.0,0,20.0,1.5,0,15.0,25.0,0,20.0,1.5,0,15.0,25.0,1,20.0,1.5,0,server-3,http://127.0.0.1:8003,1.0,False,server-3,278.203,278.203,True,200,NORMAL,,11413.8783335,11414.1565364
p12_exp_12_high_ml_unseen,phase12,high_load,high_load,ml,unseen_configuration,test_high_load,False,53,p12_exp_12_high_ml_unseen_24,1788873298.0702777,process,0.045,14,0.0,15.0,25.0,0,20.0,1.5,0,15.0,25.0,0,20.0,1.5,0,15.0,25.0,1,20.0,1.5,0,server-3,http://127.0.0.1:8003,1.0,False,server-3,268.205,268.205,True,200,NORMAL,,11413.9012675,11414.1694729
p12_exp_12_high_ml_unseen,phase12,high_load,high_load,ml,unseen_configuration,test_high_load,False,53,p12_exp_12_high_ml_unseen_25,1788873298.0852458,process,0.045,14,0.0,15.0,25.0,0,20.0,1.5,0,15.0,25.0,0,20.0,1.5,0,15.0,25.0,1,20.0,1.5,0,server-3,http://127.0.0.1:8003,1.0,False,server-3,268.795,268.795,True,200,NORMAL,,11413.9158683,11414.1846636
p12_exp_12_high_ml_unseen,phase12,high_load,high_load,ml,unseen_configuration,test_high_load,False,53,p12_exp_12_high_ml_unseen_26,1788873298.1181123,process,0.045,14,0.0,15.0,25.0,0,20.0,1.5,0,15.0,25.0,0,20.0,1.5,0,15.0,25.0,1,20.0,1.5,0,server-3,http://127.0.0.1:8003,1.0,False,server-3,250.8,250.8,True,200,NORMAL,,11413.9490405,11414.1998402
p12_exp_12_high_ml_unseen,phase12,high_load,high_load,ml,unseen_configuration,test_high_load,False,53,p12_exp_12_high_ml_unseen_27,1788873298.1634524,process,0.045,14,0.0,15.0,25.0,0,20.0,1.5,0,15.0,25.0,0,20.0,1.5,0,15.0,25.0,1,20.0,1.5,0,server-3,http://127.0.0.1:8003,1.0,False,server-3,220.906,220.906,True,200,NORMAL,,11413.9944817,11414.2153879
p12_exp_12_high_ml_unseen,phase12,high_load,high_load,ml,unseen_configuration,test_high_load,False,53,p12_exp_12_high_ml_unseen_28,1788873298.1793623,process,0.045,14,0.0,15.0,25.0,0,20.0,1.5,0,15.0,25.0,0,20.0,1.5,0,15.0,25.0,1,20.0,1.5,0,server-3,http://127.0.0.1:8003,1.0,False,server-3,219.568,219.568,True,200,NORMAL,,11414.0099395,11414.2295073
p12_exp_12_high_ml_unseen,phase12,high_load,high_load,ml,unseen_configuration,test_high_load,False,53,p12_exp_12_high_ml_unseen_29,1788873298.191746,process,0.045,14,0.0,15.0,25.0,0,20.0,1.5,0,15.0,25.0,0,20.0,1.5,0,15.0,25.0,1,20.0,1.5,0,server-3,http://127.0.0.1:8003,1.0,False,server-3,225.001,225.001,True,200,NORMAL,,11414.0230528,11414.2480541
p12_exp_12_high_ml_unseen,phase12,high_load,high_load,ml,unseen_configuration,test_high_load,False,53,p12_exp_12_high_ml_unseen_30,1788873298.2129269,process,0.045,14,0.0,15.0,25.0,0,20.0,1.5,0,15.0,25.0,0,20.0,1.5,0,15.0,25.0,1,20.0,1.5,0,server-3,http://127.0.0.1:8003,1.0,False,server-3,219.689,219.689,True,200,NORMAL,,11414.0443905,11414.264079
p12_exp_12_high_ml_unseen,phase12,high_load,high_load,ml,unseen_configuration,test_high_load,False,53,p12_exp_12_high_ml_unseen_31,1788873298.2259965,process,0.045,14,0.0,15.0,25.0,0,20.0,1.5,0,15.0,25.0,0,20.0,1.5,0,15.0,25.0,1,20.0,1.5,0,server-3,http://127.0.0.1:8003,1.0,False,server-3,222.634,222.634,True,200,NORMAL,,11414.0572379,11414.2798715
p12_exp_12_high_ml_unseen,phase12,high_load,high_load,ml,unseen_configuration,test_high_load,False,53,p12_exp_12_high_ml_unseen_32,1788873298.2408676,process,0.045,14,0.0,15.0,25.0,0,20.0,1.5,0,15.0,25.0,0,20.0,1.5,0,15.0,25.0,1,20.0,1.5,0,server-3,http://127.0.0.1:8003,1.0,False,server-3,220.633,220.633,True,200,NORMAL,,11414.0723774,11414.2930099
p12_exp_12_high_ml_unseen,phase12,high_load,high_load,ml,unseen_configuration,test_high_load,False,53,p12_exp_12_high_ml_unseen_33,1788873298.2564597,process,0.045,14,0.0,15.0,25.0,0,20.0,1.5,0,15.0,25.0,0,20.0,1.5,0,15.0,25.0,1,20.0,1.5,0,server-3,http://127.0.0.1:8003,1.0,False,server-3,224.932,224.932,True,200,NORMAL,,11414.0871144,11414.312046
p12_exp_12_high_ml_unseen,phase12,high_load,high_load,ml,unseen_configuration,test_high_load,False,53,p12_exp_12_high_ml_unseen_34,1788873298.2763717,process,0.045,14,0.0,15.0,25.0,0,20.0,1.5,0,15.0,25.0,0,20.0,1.5,0,15.0,25.0,1,20.0,1.5,0,server-3,http://127.0.0.1:8003,1.0,False,server-3,242.012,242.012,True,200,NORMAL,,11414.1070289,11414.3490413
p12_exp_12_high_ml_unseen,phase12,high_load,high_load,ml,unseen_configuration,test_high_load,False,53,p12_exp_12_high_ml_unseen_35,1788873298.292042,process,0.045,14,0.0,15.0,25.0,0,20.0,1.5,0,15.0,25.0,0,20.0,1.5,0,15.0,25.0,1,20.0,1.5,0,server-3,http://127.0.0.1:8003,1.0,False,server-3,220.354,220.354,True,200,NORMAL,,11414.1231451,11414.3434994
p12_exp_12_high_ml_unseen,phase12,high_load,high_load,ml,unseen_configuration,test_high_load,False,53,p12_exp_12_high_ml_unseen_36,1788873298.3074374,process,0.045,14,0.0,15.0,25.0,0,20.0,1.5,0,15.0,25.0,0,20.0,1.5,0,15.0,25.0,1,20.0,1.5,0,server-3,http://127.0.0.1:8003,1.0,False,server-3,221.451,221.451,True,200,NORMAL,,11414.1379983,11414.3594496
p12_exp_12_high_ml_unseen,phase12,high_load,high_load,ml,unseen_configuration,test_high_load,False,53,p12_exp_12_high_ml_unseen_37,1788873298.3256962,process,0.045,14,0.0,15.0,25.0,0,20.0,1.5,0,15.0,25.0,0,20.0,1.5,0,15.0,25.0,1,20.0,1.5,0,server-3,http://127.0.0.1:8003,1.0,False,server-3,232.617,232.617,True,200,NORMAL,,11414.1565863,11414.389203
p12_exp_12_high_ml_unseen,phase12,high_load,high_load,ml,unseen_configuration,test_high_load,False,53,p12_exp_12_high_ml_unseen_38,1788873298.3382113,process,0.045,14,0.0,15.0,25.0,0,20.0,1.5,0,15.0,25.0,0,20.0,1.5,0,15.0,25.0,1,20.0,1.5,0,server-3,http://127.0.0.1:8003,1.0,False,server-3,221.425,221.425,True,200,NORMAL,,11414.1695192,11414.3909447
p12_exp_12_high_ml_unseen,phase12,high_load,high_load,ml,unseen_configuration,test_high_load,False,53,p12_exp_12_high_ml_unseen_39,1788873298.3540492,process,0.045,14,0.0,15.0,25.0,0,20.0,1.5,0,15.0,25.0,0,20.0,1.5,0,15.0,25.0,1,20.0,1.5,0,server-3,http://127.0.0.1:8003,1.0,False,server-3,223.322,223.322,True,200,NORMAL,,11414.1847168,11414.4080392
p12_exp_12_high_ml_unseen,phase12,high_load,high_load,ml,unseen_configuration,test_high_load,False,53,p12_exp_12_high_ml_unseen_40,1788873298.3693016,process,0.045,14,0.0,15.0,25.0,0,20.0,1.5,0,15.0,25.0,0,20.0,1.5,0,15.0,25.0,1,20.0,1.5,0,server-3,http://127.0.0.1:8003,1.0,False,server-3,238.766,238.766,True,200,NORMAL,,11414.1998861,11414.4386525
p12_exp_12_high_ml_unseen,phase12,high_load,high_load,ml,unseen_configuration,test_high_load,False,53,p12_exp_12_high_ml_unseen_41,1788873298.384236,process,0.045,14,0.0,15.0,25.0,0,20.0,1.5,0,15.0,25.0,0,20.0,1.5,0,15.0,25.0,1,20.0,1.5,0,server-3,http://127.0.0.1:8003,1.0,False,server-3,244.098,244.098,True,200,NORMAL,,11414.2154415,11414.4595398
p12_exp_12_high_ml_unseen,phase12,high_load,high_load,ml,unseen_configuration,test_high_load,False,53,p12_exp_12_high_ml_unseen_42,1788873298.3987007,process,0.045,14,0.0,15.0,25.0,0,20.0,1.5,0,15.0,25.0,0,20.0,1.5,0,15.0,25.0,1,20.0,1.5,0,server-3,http://127.0.0.1:8003,1.0,False,server-3,254.618,254.618,True,200,NORMAL,,11414.2295606,11414.4841789
p12_exp_12_high_ml_unseen,phase12,high_load,high_load,ml,unseen_configuration,test_high_load,False,53,p12_exp_12_high_ml_unseen_43,1788873298.4174123,process,0.045,14,0.0,15.0,25.0,0,20.0,1.5,0,15.0,25.0,0,20.0,1.5,0,15.0,25.0,1,20.0,1.5,0,server-3,http://127.0.0.1:8003,1.0,False,server-3,250.234,250.234,True,200,NORMAL,,11414.2481164,11414.4983509
p12_exp_12_high_ml_unseen,phase12,high_load,high_load,ml,unseen_configuration,test_high_load,False,53,p12_exp_12_high_ml_unseen_44,1788873298.4330432,process,0.045,14,0.0,15.0,25.0,0,20.0,1.5,0,15.0,25.0,0,20.0,1.5,0,15.0,25.0,1,20.0,1.5,0,server-3,http://127.0.0.1:8003,1.0,False,server-3,252.753,252.753,True,200,NORMAL,,11414.2641281,11414.516881
p12_exp_12_high_ml_unseen,phase12,high_load,high_load,ml,unseen_configuration,test_high_load,False,53,p12_exp_12_high_ml_unseen_45,1788873298.4492009,process,0.045,14,0.0,15.0,25.0,0,20.0,1.5,0,15.0,25.0,0,20.0,1.5,0,15.0,25.0,1,20.0,1.5,0,server-3,http://127.0.0.1:8003,1.0,False,server-3,252.398,252.398,True,200,NORMAL,,11414.2799307,11414.5323284
p12_exp_13_high_rr_unseen_bursty,phase12,high_load,high_load,round_robin,unseen_configuration,test_high_load,False,54,p12_exp_13_high_rr_unseen_bursty_1,1788873299.87823,process,0.04,15,0.0,15.0,25.0,0,20.0,1.5,0,15.0,25.0,1,20.0,1.5,0,15.0,25.0,0,20.0,1.5,0,server-2,,,False,server-2,52.787,52.787,True,200,NORMAL,,11415.7093468,11415.7621343
p12_exp_13_high_rr_unseen_bursty,phase12,high_load,high_load,round_robin,unseen_configuration,test_high_load,False,54,p12_exp_13_high_rr_unseen_bursty_2,1788873299.87823,process,0.04,15,0.0,15.0,25.0,0,20.0,1.5,0,15.0,25.0,0,20.0,1.5,0,15.0,25.0,1,20.0,1.5,0,server-3,,,False,server-3,63.652,63.652,True,200,NORMAL,,11415.7107831,11415.7744349
p12_exp_13_high_rr_unseen_bursty,phase12,high_load,high_load,round_robin,unseen_configuration,test_high_load,False,54,p12_exp_13_high_rr_unseen_bursty_3,1788873299.87823,process,0.04,15,0.0,15.0,25.0,1,20.0,1.5,0,15.0,25.0,0,20.0,1.5,0,15.0,25.0,0,20.0,1.5,0,server-1,,,False,server-1,60.144,60.144,True,200,NORMAL,,11415.7125662,11415.7727098
p12_exp_13_high_rr_unseen_bursty,phase12,high_load,high_load,round_robin,unseen_configuration,test_high_load,False,54,p12_exp_13_high_rr_unseen_bursty_4,1788873299.8846295,process,0.04,15,0.0,15.0,25.0,0,20.0,1.5,0,15.0,25.0,1,20.0,1.5,0,15.0,25.0,0,20.0,1.5,0,server-2,,,False,server-2,60.828,60.828,True,200,NORMAL,,11415.7154248,11415.7762525
p12_exp_13_high_rr_unseen_bursty,phase12,high_load,high_load,round_robin,unseen_configuration,test_high_load,False,54,p12_exp_13_high_rr_unseen_bursty_5,1788873299.8892467,process,0.04,15,0.0,15.0,25.0,0,20.0,1.5,0,15.0,25.0,0,20.0,1.5,0,15.0,25.0,1,20.0,1.5,0,server-3,,,False,server-3,64.904,64.904,True,200,NORMAL,,11415.7200551,11415.7849594
p12_exp_13_high_rr_unseen_bursty,phase12,high_load,high_load,round_robin,unseen_configuration,test_high_load,False,54,p12_exp_13_high_rr_unseen_bursty_6,1788873299.891511,process,0.04,15,0.0,15.0,25.0,1,20.0,1.5,0,15.0,25.0,0,20.0,1.5,0,15.0,25.0,0,20.0,1.5,0,server-1,,,False,server-1,63.102,63.102,True,200,NORMAL,,11415.7225625,11415.785664
p12_exp_13_high_rr_unseen_bursty,phase12,high_load,high_load,round_robin,unseen_configuration,test_high_load,False,54,p12_exp_13_high_rr_unseen_bursty_7,1788873299.894361,process,0.04,15,0.0,15.0,25.0,0,20.0,1.5,0,15.0,25.0,1,20.0,1.5,0,15.0,25.0,0,20.0,1.5,0,server-2,,,False,server-2,59.813,59.813,True,200,NORMAL,,11415.7255215,11415.7853341
p12_exp_13_high_rr_unseen_bursty,phase12,high_load,high_load,round_robin,unseen_configuration,test_high_load,False,54,p12_exp_13_high_rr_unseen_bursty_8,1788873299.8957622,process,0.04,15,0.0,15.0,25.0,0,20.0,1.5,0,15.0,25.0,0,20.0,1.5,0,15.0,25.0,1,20.0,1.5,0,server-3,,,False,server-3,68.739,68.739,True,200,NORMAL,,11415.7273387,11415.7960773
p12_exp_13_high_rr_unseen_bursty,phase12,high_load,high_load,round_robin,unseen_configuration,test_high_load,False,54,p12_exp_13_high_rr_unseen_bursty_9,1788873299.8979073,process,0.04,15,0.0,15.0,25.0,1,20.0,1.5,0,15.0,25.0,0,20.0,1.5,0,15.0,25.0,0,20.0,1.5,0,server-1,,,False,server-1,70.892,70.892,True,200,NORMAL,,11415.7289594,11415.7998514
p12_exp_13_high_rr_unseen_bursty,phase12,high_load,high_load,round_robin,unseen_configuration,test_high_load,False,54,p12_exp_13_high_rr_unseen_bursty_10,1788873299.900054,process,0.04,15,0.0,15.0,25.0,0,20.0,1.5,0,15.0,25.0,1,20.0,1.5,0,15.0,25.0,0,20.0,1.5,0,server-2,,,False,server-2,68.132,68.132,True,200,NORMAL,,11415.7308393,11415.7989712
p12_exp_13_high_rr_unseen_bursty,phase12,high_load,high_load,round_robin,unseen_configuration,test_high_load,False,54,p12_exp_13_high_rr_unseen_bursty_11,1788873299.9020717,process,0.04,15,0.0,15.0,25.0,0,20.0,1.5,0,15.0,25.0,0,20.0,1.5,0,15.0,25.0,1,20.0,1.5,0,server-3,,,False,server-3,74.182,74.182,True,200,NORMAL,,11415.7327904,11415.8069723
p12_exp_13_high_rr_unseen_bursty,phase12,high_load,high_load,round_robin,unseen_configuration,test_high_load,False,54,p12_exp_13_high_rr_unseen_bursty_12,1788873299.9030747,process,0.04,15,0.0,15.0,25.0,1,20.0,1.5,0,15.0,25.0,0,20.0,1.5,0,15.0,25.0,0,20.0,1.5,0,server-1,,,False,server-1,69.951,69.951,True,200,NORMAL,,11415.734386,11415.8043372
p12_exp_13_high_rr_unseen_bursty,phase12,high_load,high_load,round_robin,unseen_configuration,test_high_load,False,54,p12_exp_13_high_rr_unseen_bursty_13,1788873299.9050794,process,0.04,15,0.0,15.0,25.0,0,20.0,1.5,0,15.0,25.0,1,20.0,1.5,0,15.0,25.0,0,20.0,1.5,0,server-2,,,False,server-2,71.644,71.644,True,200,NORMAL,,11415.7356956,11415.8073392
p12_exp_13_high_rr_unseen_bursty,phase12,high_load,high_load,round_robin,unseen_configuration,test_high_load,False,54,p12_exp_13_high_rr_unseen_bursty_14,1788873299.906084,process,0.04,15,0.0,15.0,25.0,0,20.0,1.5,0,15.0,25.0,0,20.0,1.5,0,15.0,25.0,1,20.0,1.5,0,server-3,,,False,server-3,70.713,70.713,True,200,NORMAL,,11415.7369333,11415.8076461
p12_exp_13_high_rr_unseen_bursty,phase12,high_load,high_load,round_robin,unseen_configuration,test_high_load,False,54,p12_exp_13_high_rr_unseen_bursty_15,1788873299.9086576,process,0.04,15,0.0,15.0,25.0,1,20.0,1.5,0,15.0,25.0,0,20.0,1.5,0,15.0,25.0,0,20.0,1.5,0,server-1,,,False,server-1,69.844,69.844,True,200,NORMAL,,11415.739475,11415.8093191
p12_exp_13_high_rr_unseen_bursty,phase12,high_load,high_load,round_robin,unseen_configuration,test_high_load,False,54,p12_exp_13_high_rr_unseen_bursty_16,1788873299.93128,process,0.04,15,0.0,15.0,25.0,0,20.0,1.5,0,15.0,25.0,1,20.0,1.5,0,15.0,25.0,0,20.0,1.5,0,server-2,,,False,server-2,55.105,55.105,True,200,NORMAL,,11415.7622273,11415.8173323
p12_exp_13_high_rr_unseen_bursty,phase12,high_load,high_load,round_robin,unseen_configuration,test_high_load,False,54,p12_exp_13_high_rr_unseen_bursty_17,1788873299.942104,process,0.04,15,0.0,15.0,25.0,0,20.0,1.5,0,15.0,25.0,0,20.0,1.5,0,15.0,25.0,1,20.0,1.5,0,server-3,,,False,server-3,56.494,56.494,True,200,NORMAL,,11415.772792,11415.8292861
p12_exp_13_high_rr_unseen_bursty,phase12,high_load,high_load,round_robin,unseen_configuration,test_high_load,False,54,p12_exp_13_high_rr_unseen_bursty_18,1788873299.9439597,process,0.04,15,0.0,15.0,25.0,1,20.0,1.5,0,15.0,25.0,0,20.0,1.5,0,15.0,25.0,0,20.0,1.5,0,server-1,,,False,server-1,60.391,60.391,True,200,NORMAL,,11415.7745182,11415.8349094
p12_exp_13_high_rr_unseen_bursty,phase12,high_load,high_load,round_robin,unseen_configuration,test_high_load,False,54,p12_exp_13_high_rr_unseen_bursty_19,1788873299.9457736,process,0.04,15,0.0,15.0,25.0,0,20.0,1.5,0,15.0,25.0,1,20.0,1.5,0,15.0,25.0,0,20.0,1.5,0,server-2,,,False,server-2,62.4,62.4,True,200,NORMAL,,11415.7763272,11415.8387267
p12_exp_13_high_rr_unseen_bursty,phase12,high_load,high_load,round_robin,unseen_configuration,test_high_load,False,54,p12_exp_13_high_rr_unseen_bursty_20,1788873299.954329,process,0.04,15,0.0,15.0,25.0,0,20.0,1.5,0,15.0,25.0,0,20.0,1.5,0,15.0,25.0,1,20.0,1.5,0,server-3,,,False,server-3,61.086,61.086,True,200,NORMAL,,11415.7850384,11415.846124
p12_exp_13_high_rr_unseen_bursty,phase12,high_load,high_load,round_robin,unseen_configuration,test_high_load,False,54,p12_exp_13_high_rr_unseen_bursty_21,1788873299.954329,process,0.04,15,0.0,15.0,25.0,0,20.0,1.5,0,15.0,25.0,1,20.0,1.5,0,15.0,25.0,0,20.0,1.5,0,server-2,,,False,server-2,77.427,77.427,True,200,NORMAL,,11415.7853876,11415.8628142
p12_exp_13_high_rr_unseen_bursty,phase12,high_load,high_load,round_robin,unseen_configuration,test_high_load,False,54,p12_exp_13_high_rr_unseen_bursty_22,1788873299.9548464,process,0.04,15,0.0,15.0,25.0,1,20.0,1.5,0,15.0,25.0,0,20.0,1.5,0,15.0,25.0,0,20.0,1.5,0,server-1,,,False,server-1,65.92,65.92,True,200,NORMAL,,11415.7857171,11415.8516367
p12_exp_13_high_rr_unseen_bursty,phase12,high_load,high_load,round_robin,unseen_configuration,test_high_load,False,54,p12_exp_13_high_rr_unseen_bursty_23,1788873299.9648397,process,0.04,15,0.0,15.0,25.0,0,20.0,1.5,0,15.0,25.0,0,20.0,1.5,0,15.0,25.0,1,20.0,1.5,0,server-3,,,False,server-3,64.22,64.22,True,200,NORMAL,,11415.7961451,11415.8603647
p12_exp_13_high_rr_unseen_bursty,phase12,high_load,high_load,round_robin,unseen_configuration,test_high_load,False,54,p12_exp_13_high_rr_unseen_bursty_24,1788873299.9683864,process,0.04,15,0.0,15.0,25.0,0,20.0,1.5,0,15.0,25.0,1,20.0,1.5,0,15.0,25.0,0,20.0,1.5,0,server-2,,,False,server-2,66.88,66.88,True,200,NORMAL,,11415.7990141,11415.8658942
p12_exp_13_high_rr_unseen_bursty,phase12,high_load,high_load,round_robin,unseen_configuration,test_high_load,False,54,p12_exp_13_high_rr_unseen_bursty_25,1788873299.9683864,process,0.04,15,0.0,15.0,25.0,1,20.0,1.5,0,15.0,25.0,0,20.0,1.5,0,15.0,25.0,0,20.0,1.5,0,server-1,,,False,server-1,64.422,64.422,True,200,NORMAL,,11415.7999008,11415.8643226
p12_exp_13_high_rr_unseen_bursty,phase12,high_load,high_load,round_robin,unseen_configuration,test_high_load,False,54,p12_exp_13_high_rr_unseen_bursty_26,1788873299.973184,process,0.04,15,0.0,15.0,25.0,0,20.0,1.5,0,15.0,25.0,0,20.0,1.5,0,15.0,25.0,1,20.0,1.5,0,server-3,,,False,server-3,64.061,64.061,True,200,NORMAL,,11415.8043958,11415.868457
p12_exp_13_high_rr_unseen_bursty,phase12,high_load,high_load,round_robin,unseen_configuration,test_high_load,False,54,p12_exp_13_high_rr_unseen_bursty_27,1788873299.976435,process,0.04,15,0.0,15.0,25.0,0,20.0,1.5,0,15.0,25.0,0,20.0,1.5,0,15.0,25.0,1,20.0,1.5,0,server-3,,,False,server-3,68.325,68.325,True,200,NORMAL,,11415.807022,11415.8753469
p12_exp_13_high_rr_unseen_bursty,phase12,high_load,high_load,round_robin,unseen_configuration,test_high_load,False,54,p12_exp_13_high_rr_unseen_bursty_28,1788873299.976435,process,0.04,15,0.0,15.0,25.0,1,20.0,1.5,0,15.0,25.0,0,20.0,1.5,0,15.0,25.0,0,20.0,1.5,0,server-1,,,False,server-1,72.56,72.56,True,200,NORMAL,,11415.8073857,11415.8799456
p12_exp_13_high_rr_unseen_bursty,phase12,high_load,high_load,round_robin,unseen_configuration,test_high_load,False,54,p12_exp_13_high_rr_unseen_bursty_29,1788873299.976435,process,0.04,15,0.0,15.0,25.0,0,20.0,1.5,0,15.0,25.0,1,20.0,1.5,0,15.0,25.0,0,20.0,1.5,0,server-2,,,False,server-2,66.737,66.737,True,200,NORMAL,,11415.80768,11415.8744173
p12_exp_13_high_rr_unseen_bursty,phase12,high_load,high_load,round_robin,unseen_configuration,test_high_load,False,54,p12_exp_13_high_rr_unseen_bursty_30,1788873299.9785566,process,0.04,15,0.0,15.0,25.0,1,20.0,1.5,0,15.0,25.0,0,20.0,1.5,0,15.0,25.0,0,20.0,1.5,0,server-1,,,False,server-1,67.609,67.609,True,200,NORMAL,,11415.8093694,11415.8769786
p12_exp_13_high_rr_unseen_bursty,phase12,high_load,high_load,round_robin,unseen_configuration,test_high_load,False,54,p12_exp_13_high_rr_unseen_bursty_31,1788873299.986068,process,0.04,15,0.0,15.0,25.0,0,20.0,1.5,0,15.0,25.0,1,20.0,1.5,0,15.0,25.0,0,20.0,1.5,0,server-2,,,False,server-2,65.675,65.675,True,200,NORMAL,,11415.8173912,11415.8830658
p12_exp_13_high_rr_unseen_bursty,phase12,high_load,high_load,round_robin,unseen_configuration,test_high_load,False,54,p12_exp_13_high_rr_unseen_bursty_32,1788873299.998319,process,0.04,15,0.0,15.0,25.0,1,20.0,1.5,0,15.0,25.0,0,20.0,1.5,0,15.0,25.0,0,20.0,1.5,0,server-1,,,False,server-1,66.475,66.475,True,200,NORMAL,,11415.8293415,11415.8958167
p12_exp_13_high_rr_unseen_bursty,phase12,high_load,high_load,round_robin,unseen_configuration,test_high_load,False,54,p12_exp_13_high_rr_unseen_bursty_33,1788873300.003926,process,0.04,15,0.0,15.0,25.0,0,20.0,1.5,0,15.0,25.0,0,20.0,1.5,0,15.0,25.0,1,20.0,1.5,0,server-3,,,False,server-3,59.882,59.882,True,200,NORMAL,,11415.8349674,11415.8948492
p12_exp_13_high_rr_unseen_bursty,phase12,high_load,high_load,round_robin,unseen_configuration,test_high_load,False,54,p12_exp_13_high_rr_unseen_bursty_34,1788873300.008233,process,0.04,15,0.0,15.0,25.0,0,20.0,1.5,0,15.0,25.0,1,20.0,1.5,0,15.0,25.0,0,20.0,1.5,0,server-2,,,False,server-2,62.806,62.806,True,200,NORMAL,,11415.838808,11415.9016138
p12_exp_13_high_rr_unseen_bursty,phase12,high_load,high_load,round_robin,unseen_configuration,test_high_load,False,54,p12_exp_13_high_rr_unseen_bursty_35,1788873300.0156496,process,0.04,15,0.0,15.0,25.0,0,20.0,1.5,0,15.0,25.0,0,20.0,1.5,0,15.0,25.0,1,20.0,1.5,0,server-3,,,False,server-3,60.08,60.08,True,200,NORMAL,,11415.846216,11415.9062963
p12_exp_13_high_rr_unseen_bursty,phase12,high_load,high_load,round_robin,unseen_configuration,test_high_load,False,54,p12_exp_13_high_rr_unseen_bursty_36,1788873300.0211604,process,0.04,15,0.0,15.0,25.0,1,20.0,1.5,0,15.0,25.0,0,20.0,1.5,0,15.0,25.0,0,20.0,1.5,0,server-1,,,False,server-1,59.675,59.675,True,200,NORMAL,,11415.8517451,11415.9114206
p12_exp_13_high_rr_unseen_bursty,phase12,high_load,high_load,round_robin,unseen_configuration,test_high_load,False,54,p12_exp_13_high_rr_unseen_bursty_37,1788873300.029276,process,0.04,15,0.0,15.0,25.0,0,20.0,1.5,0,15.0,25.0,1,20.0,1.5,0,15.0,25.0,0,20.0,1.5,0,server-2,,,False,server-2,58.892,58.892,True,200,NORMAL,,11415.8604233,11415.9193149
p12_exp_13_high_rr_unseen_bursty,phase12,high_load,high_load,round_robin,unseen_configuration,test_high_load,False,54,p12_exp_13_high_rr_unseen_bursty_38,1788873300.0320225,process,0.04,15,0.0,15.0,25.0,0,20.0,1.5,0,15.0,25.0,0,20.0,1.5,0,15.0,25.0,1,20.0,1.5,0,server-3,,,False,server-3,60.841,60.841,True,200,NORMAL,,11415.8628744,11415.9237157
p12_exp_13_high_rr_unseen_bursty,phase12,high_load,high_load,round_robin,unseen_configuration,test_high_load,False,54,p12_exp_13_high_rr_unseen_bursty_39,1788873300.0335865,process,0.04,15,0.0,15.0,25.0,1,20.0,1.5,0,15.0,25.0,0,20.0,1.5,0,15.0,25.0,0,20.0,1.5,0,server-1,,,False,server-1,58.701,58.701,True,200,NORMAL,,11415.8643597,11415.9230603
p12_exp_13_high_rr_unseen_bursty,phase12,high_load,high_load,round_robin,unseen_configuration,test_high_load,False,54,p12_exp_13_high_rr_unseen_bursty_40,1788873300.035145,process,0.04,15,0.0,15.0,25.0,0,20.0,1.5,0,15.0,25.0,1,20.0,1.5,0,15.0,25.0,0,20.0,1.5,0,server-2,,,False,server-2,59.298,59.298,True,200,NORMAL,,11415.8659366,11415.9252342
p12_exp_13_high_rr_unseen_bursty,phase12,high_load,high_load,round_robin,unseen_configuration,test_high_load,False,54,p12_exp_13_high_rr_unseen_bursty_41,1788873300.037743,process,0.04,15,0.0,15.0,25.0,0,20.0,1.5,0,15.0,25.0,0,20.0,1.5,0,15.0,25.0,1,20.0,1.5,0,server-3,,,False,server-3,59.209,59.209,True,200,NORMAL,,11415.8685146,11415.9277236
p12_exp_13_high_rr_unseen_bursty,phase12,high_load,high_load,round_robin,unseen_configuration,test_high_load,False,54,p12_exp_13_high_rr_unseen_bursty_42,1788873300.0433493,process,0.04,15,0.0,15.0,25.0,0,20.0,1.5,0,15.0,25.0,1,20.0,1.5,0,15.0,25.0,0,20.0,1.5,0,server-2,,,False,server-2,57.473,57.473,True,200,NORMAL,,11415.8744731,11415.9319461
p12_exp_13_high_rr_unseen_bursty,phase12,high_load,high_load,round_robin,unseen_configuration,test_high_load,False,54,p12_exp_13_high_rr_unseen_bursty_43,1788873300.0443542,process,0.04,15,0.0,15.0,25.0,1,20.0,1.5,0,15.0,25.0,0,20.0,1.5,0,15.0,25.0,0,20.0,1.5,0,server-1,,,False,server-1,54.454,54.454,True,200,NORMAL,,11415.8754007,11415.9298548
p12_exp_13_high_rr_unseen_bursty,phase12,high_load,high_load,round_robin,unseen_configuration,test_high_load,False,54,p12_exp_13_high_rr_unseen_bursty_44,1788873300.0458562,process,0.04,15,0.0,15.0,25.0,0,20.0,1.5,0,15.0,25.0,0,20.0,1.5,0,15.0,25.0,1,20.0,1.5,0,server-3,,,False,server-3,55.431,55.431,True,200,NORMAL,,11415.8770298,11415.9324612
p12_exp_13_high_rr_unseen_bursty,phase12,high_load,high_load,round_robin,unseen_configuration,test_high_load,False,54,p12_exp_13_high_rr_unseen_bursty_45,1788873300.048869,process,0.04,15,0.0,15.0,25.0,1,20.0,1.5,0,15.0,25.0,0,20.0,1.5,0,15.0,25.0,0,20.0,1.5,0,server-1,,,False,server-1,53.659,53.659,True,200,NORMAL,,11415.8800024,11415.9336616
p12_exp_13_high_rr_unseen_bursty,phase12,high_load,high_load,round_robin,unseen_configuration,test_high_load,False,54,p12_exp_13_high_rr_unseen_bursty_46,1788873300.0519598,process,0.04,15,0.0,15.0,25.0,0,20.0,1.5,0,15.0,25.0,1,20.0,1.5,0,15.0,25.0,0,20.0,1.5,0,server-2,,,False,server-2,51.477,51.477,True,200,NORMAL,,11415.8831215,11415.9345987
p12_exp_13_high_rr_unseen_bursty,phase12,high_load,high_load,round_robin,unseen_configuration,test_high_load,False,54,p12_exp_13_high_rr_unseen_bursty_47,1788873300.0641446,process,0.04,15,0.0,15.0,25.0,0,20.0,1.5,0,15.0,25.0,0,20.0,1.5,0,15.0,25.0,1,20.0,1.5,0,server-3,,,False,server-3,48.602,48.602,True,200,NORMAL,,11415.8949042,11415.9435059
p12_exp_13_high_rr_unseen_bursty,phase12,high_load,high_load,round_robin,unseen_configuration,test_high_load,False,54,p12_exp_13_high_rr_unseen_bursty_48,1788873300.0651865,process,0.04,15,0.0,15.0,25.0,1,20.0,1.5,0,15.0,25.0,0,20.0,1.5,0,15.0,25.0,0,20.0,1.5,0,server-1,,,False,server-1,48.378,48.378,True,200,NORMAL,,11415.8958683,11415.9442467
p12_exp_13_high_rr_unseen_bursty,phase12,high_load,high_load,round_robin,unseen_configuration,test_high_load,False,54,p12_exp_13_high_rr_unseen_bursty_49,1788873300.070974,process,0.04,15,0.0,15.0,25.0,0,20.0,1.5,0,15.0,25.0,1,20.0,1.5,0,15.0,25.0,0,20.0,1.5,0,server-2,,,False,server-2,47.509,47.509,True,200,NORMAL,,11415.9016763,11415.9491849
p12_exp_13_high_rr_unseen_bursty,phase12,high_load,high_load,round_robin,unseen_configuration,test_high_load,False,54,p12_exp_13_high_rr_unseen_bursty_50,1788873300.075779,process,0.04,15,0.0,15.0,25.0,0,20.0,1.5,0,15.0,25.0,0,20.0,1.5,0,15.0,25.0,1,20.0,1.5,0,server-3,,,False,server-3,47.143,47.143,True,200,NORMAL,,11415.9063684,11415.9535118
p12_exp_14_burst_rr_seen,phase12,burst_load,burst_load,round_robin,seen_configuration,train,False,55,p12_exp_14_burst_rr_seen_1,1788873301.784462,process,0.02,12,0.0,15.0,25.0,0,20.0,1.5,0,15.0,25.0,1,20.0,1.5,0,15.0,25.0,0,20.0,1.5,0,server-2,,,False,server-2,43.027,43.027,True,200,NORMAL,,11417.6161515,11417.6591787
p12_exp_14_burst_rr_seen,phase12,burst_load,burst_load,round_robin,seen_configuration,train,False,55,p12_exp_14_burst_rr_seen_2,1788873301.786755,process,0.02,12,0.0,15.0,25.0,0,20.0,1.5,0,15.0,25.0,0,20.0,1.5,0,15.0,25.0,1,20.0,1.5,0,server-3,,,False,server-3,45.515,45.515,True,200,NORMAL,,11417.6176067,11417.6631213
p12_exp_14_burst_rr_seen,phase12,burst_load,burst_load,round_robin,seen_configuration,train,False,55,p12_exp_14_burst_rr_seen_3,1788873301.7878785,process,0.02,12,0.0,15.0,25.0,0,20.0,1.5,0,15.0,25.0,1,20.0,1.5,0,15.0,25.0,0,20.0,1.5,0,server-2,,,False,server-2,75.922,75.922,True,200,NORMAL,,11417.6189906,11417.6949127
p12_exp_14_burst_rr_seen,phase12,burst_load,burst_load,round_robin,seen_configuration,train,False,55,p12_exp_14_burst_rr_seen_4,1788873301.7893262,process,0.02,12,0.0,15.0,25.0,1,20.0,1.5,0,15.0,25.0,0,20.0,1.5,0,15.0,25.0,0,20.0,1.5,0,server-1,,,False,server-1,47.802,47.802,True,200,NORMAL,,11417.6204826,11417.6682843
p12_exp_14_burst_rr_seen,phase12,burst_load,burst_load,round_robin,seen_configuration,train,False,55,p12_exp_14_burst_rr_seen_5,1788873301.791478,process,0.02,12,0.0,15.0,25.0,0,20.0,1.5,0,15.0,25.0,0,20.0,1.5,0,15.0,25.0,1,20.0,1.5,0,server-3,,,False,server-3,56.222,56.222,True,200,NORMAL,,11417.6222486,11417.6784704
p12_exp_14_burst_rr_seen,phase12,burst_load,burst_load,round_robin,seen_configuration,train,False,55,p12_exp_14_burst_rr_seen_6,1788873301.7925627,process,0.02,12,0.0,15.0,25.0,1,20.0,1.5,0,15.0,25.0,0,20.0,1.5,0,15.0,25.0,0,20.0,1.5,0,server-1,,,False,server-1,58.692,58.692,True,200,NORMAL,,11417.624118,11417.6828099
p12_exp_14_burst_rr_seen,phase12,burst_load,burst_load,round_robin,seen_configuration,train,False,55,p12_exp_14_burst_rr_seen_7,1788873301.795822,process,0.02,12,0.0,15.0,25.0,0,20.0,1.5,0,15.0,25.0,1,20.0,1.5,0,15.0,25.0,0,20.0,1.5,0,server-2,,,False,server-2,65.03,65.03,True,200,NORMAL,,11417.6270954,11417.6921254
p12_exp_14_burst_rr_seen,phase12,burst_load,burst_load,round_robin,seen_configuration,train,False,55,p12_exp_14_burst_rr_seen_8,1788873301.800329,process,0.02,12,0.0,15.0,25.0,0,20.0,1.5,0,15.0,25.0,0,20.0,1.5,0,15.0,25.0,1,20.0,1.5,0,server-3,,,False,server-3,66.668,66.668,True,200,NORMAL,,11417.6309271,11417.6975948
p12_exp_14_burst_rr_seen,phase12,burst_load,burst_load,round_robin,seen_configuration,train,False,55,p12_exp_14_burst_rr_seen_9,1788873301.8013258,process,0.02,12,0.0,15.0,25.0,1,20.0,1.5,0,15.0,25.0,0,20.0,1.5,0,15.0,25.0,0,20.0,1.5,0,server-1,,,False,server-1,67.298,67.298,True,200,NORMAL,,11417.632874,11417.7001721
p12_exp_14_burst_rr_seen,phase12,burst_load,burst_load,round_robin,seen_configuration,train,False,55,p12_exp_14_burst_rr_seen_10,1788873301.8038642,process,0.02,12,0.0,15.0,25.0,0,20.0,1.5,0,15.0,25.0,1,20.0,1.5,0,15.0,25.0,0,20.0,1.5,0,server-2,,,False,server-2,69.397,69.397,True,200,NORMAL,,11417.634903,11417.7042997
p12_exp_14_burst_rr_seen,phase12,burst_load,burst_load,round_robin,seen_configuration,train,False,55,p12_exp_14_burst_rr_seen_11,1788873301.8059642,process,0.02,12,0.0,15.0,25.0,0,20.0,1.5,0,15.0,25.0,0,20.0,1.5,0,15.0,25.0,1,20.0,1.5,0,server-3,,,False,server-3,82.321,82.321,True,200,NORMAL,,11417.6375181,11417.7198392
p12_exp_14_burst_rr_seen,phase12,burst_load,burst_load,round_robin,seen_configuration,train,False,55,p12_exp_14_burst_rr_seen_12,1788873301.8096845,process,0.02,12,0.0,15.0,25.0,0,20.0,1.5,0,15.0,25.0,1,20.0,1.5,0,15.0,25.0,0,20.0,1.5,0,server-2,,,False,server-2,561.39,561.39,True,200,NORMAL,,11417.6410139,11418.2024038
p12_exp_14_burst_rr_seen,phase12,burst_load,burst_load,round_robin,seen_configuration,train,False,55,p12_exp_14_burst_rr_seen_13,1788873301.8285494,process,0.02,12,0.0,15.0,25.0,1,20.0,1.5,0,15.0,25.0,0,20.0,1.5,0,15.0,25.0,0,20.0,1.5,0,server-1,,,False,server-1,57.714,57.714,True,200,NORMAL,,11417.6592635,11417.716977
p12_exp_14_burst_rr_seen,phase12,burst_load,burst_load,round_robin,seen_configuration,train,False,55,p12_exp_14_burst_rr_seen_14,1788873301.832581,process,0.02,12,0.0,15.0,25.0,0,20.0,1.5,0,15.0,25.0,1,20.0,1.5,0,15.0,25.0,0,20.0,1.5,0,server-2,,,False,server-2,61.448,61.448,True,200,NORMAL,,11417.6632135,11417.7246617
p12_exp_14_burst_rr_seen,phase12,burst_load,burst_load,round_robin,seen_configuration,train,False,55,p12_exp_14_burst_rr_seen_15,1788873301.8377051,process,0.02,12,0.0,15.0,25.0,0,20.0,1.5,0,15.0,25.0,0,20.0,1.5,0,15.0,25.0,1,20.0,1.5,0,server-3,,,False,server-3,61.267,61.267,True,200,NORMAL,,11417.6684119,11417.7296787
p12_exp_14_burst_rr_seen,phase12,burst_load,burst_load,round_robin,seen_configuration,train,False,55,p12_exp_14_burst_rr_seen_16,1788873301.8476875,process,0.02,12,0.0,15.0,25.0,1,20.0,1.5,0,15.0,25.0,0,20.0,1.5,0,15.0,25.0,0,20.0,1.5,0,server-1,,,False,server-1,60.88,60.88,True,200,NORMAL,,11417.678528,11417.7394077
p12_exp_14_burst_rr_seen,phase12,burst_load,burst_load,round_robin,seen_configuration,train,False,55,p12_exp_14_burst_rr_seen_17,1788873301.8515244,process,0.02,12,0.0,15.0,25.0,0,20.0,1.5,0,15.0,25.0,1,20.0,1.5,0,15.0,25.0,0,20.0,1.5,0,server-2,,,False,server-2,62.14,62.14,True,200,NORMAL,,11417.6829146,11417.7450547
p12_exp_14_burst_rr_seen,phase12,burst_load,burst_load,round_robin,seen_configuration,train,False,55,p12_exp_14_burst_rr_seen_18,1788873301.860964,process,0.02,12,0.0,15.0,25.0,0,20.0,1.5,0,15.0,25.0,0,20.0,1.5,0,15.0,25.0,1,20.0,1.5,0,server-3,,,False,server-3,75.597,75.597,True,200,NORMAL,,11417.6921963,11417.7677936
p12_exp_14_burst_rr_seen,phase12,burst_load,burst_load,round_robin,seen_configuration,train,False,55,p12_exp_14_burst_rr_seen_19,1788873301.8639536,process,0.02,12,0.0,15.0,25.0,1,20.0,1.5,0,15.0,25.0,0,20.0,1.5,0,15.0,25.0,0,20.0,1.5,0,server-1,,,False,server-1,56.778,56.778,True,200,NORMAL,,11417.6949957,11417.7517741
p12_exp_14_burst_rr_seen,phase12,burst_load,burst_load,round_robin,seen_configuration,train,False,55,p12_exp_14_burst_rr_seen_20,1788873301.8661678,process,0.02,12,0.0,15.0,25.0,0,20.0,1.5,0,15.0,25.0,1,20.0,1.5,0,15.0,25.0,0,20.0,1.5,0,server-2,,,False,server-2,50.098,50.098,True,200,NORMAL,,11417.6976846,11417.7477823
p12_exp_14_burst_rr_seen,phase12,burst_load,burst_load,round_robin,seen_configuration,train,False,55,p12_exp_14_burst_rr_seen_21,1788873301.868277,process,0.02,12,0.0,15.0,25.0,0,20.0,1.5,0,15.0,25.0,0,20.0,1.5,0,15.0,25.0,1,20.0,1.5,0,server-3,,,False,server-3,54.375,54.375,True,200,NORMAL,,11417.7002162,11417.7545915
p12_exp_14_burst_rr_seen,phase12,burst_load,burst_load,round_robin,seen_configuration,train,False,55,p12_exp_14_burst_rr_seen_22,1788873301.8732212,process,0.02,12,0.0,15.0,25.0,1,20.0,1.5,0,15.0,25.0,0,20.0,1.5,0,15.0,25.0,0,20.0,1.5,0,server-1,,,False,server-1,50.61,50.61,True,200,NORMAL,,11417.7043535,11417.7549634
p12_exp_14_burst_rr_seen,phase12,burst_load,burst_load,round_robin,seen_configuration,train,False,55,p12_exp_14_burst_rr_seen_23,1788873301.886464,process,0.02,12,0.0,15.0,25.0,0,20.0,1.5,0,15.0,25.0,0,20.0,1.5,0,15.0,25.0,1,20.0,1.5,0,server-3,,,False,server-3,49.467,49.467,True,200,NORMAL,,11417.7170738,11417.766541
p12_exp_14_burst_rr_seen,phase12,burst_load,burst_load,round_robin,seen_configuration,train,False,55,p12_exp_14_burst_rr_seen_24,1788873301.889176,process,0.02,12,0.0,15.0,25.0,0,20.0,1.5,0,15.0,25.0,1,20.0,1.5,0,15.0,25.0,0,20.0,1.5,0,server-2,,,False,server-2,50.345,50.345,True,200,NORMAL,,11417.7199381,11417.7702826
p12_exp_14_burst_rr_seen,phase12,burst_load,burst_load,round_robin,seen_configuration,train,False,55,p12_exp_14_burst_rr_seen_25,1788873301.894048,process,0.02,12,0.0,15.0,25.0,1,20.0,1.5,0,15.0,25.0,0,20.0,1.5,0,15.0,25.0,0,20.0,1.5,0,server-1,,,False,server-1,51.593,51.593,True,200,NORMAL,,11417.7247564,11417.7763492
p12_exp_14_burst_rr_seen,phase12,burst_load,burst_load,round_robin,seen_configuration,train,False,55,p12_exp_14_burst_rr_seen_26,1788873301.8990247,process,0.02,12,0.0,15.0,25.0,0,20.0,1.5,0,15.0,25.0,1,20.0,1.5,0,15.0,25.0,0,20.0,1.5,0,server-2,,,False,server-2,51.164,51.164,True,200,NORMAL,,11417.7297634,11417.7809275
p12_exp_14_burst_rr_seen,phase12,burst_load,burst_load,round_robin,seen_configuration,train,False,55,p12_exp_14_burst_rr_seen_27,1788873301.90869,process,0.02,12,0.0,15.0,25.0,0,20.0,1.5,0,15.0,25.0,0,20.0,1.5,0,15.0,25.0,1,20.0,1.5,0,server-3,,,False,server-3,44.155,44.155,True,200,NORMAL,,11417.7395061,11417.7836607
p12_exp_14_burst_rr_seen,phase12,burst_load,burst_load,round_robin,seen_configuration,train,False,55,p12_exp_14_burst_rr_seen_28,1788873301.9145205,process,0.02,12,0.0,15.0,25.0,0,20.0,1.5,0,15.0,25.0,1,20.0,1.5,0,15.0,25.0,0,20.0,1.5,0,server-2,,,False,server-2,44.093,44.093,True,200,NORMAL,,11417.7451116,11417.7892048
p12_exp_14_burst_rr_seen,phase12,burst_load,burst_load,round_robin,seen_configuration,train,False,55,p12_exp_14_burst_rr_seen_29,1788873301.9171276,process,0.02,12,0.0,15.0,25.0,1,20.0,1.5,0,15.0,25.0,0,20.0,1.5,0,15.0,25.0,0,20.0,1.5,0,server-1,,,False,server-1,40.119,40.119,True,200,NORMAL,,11417.7478614,11417.7879801
p12_exp_14_burst_rr_seen,phase12,burst_load,burst_load,round_robin,seen_configuration,train,False,55,p12_exp_14_burst_rr_seen_30,1788873301.920817,process,0.02,12,0.0,15.0,25.0,0,20.0,1.5,0,15.0,25.0,0,20.0,1.5,0,15.0,25.0,1,20.0,1.5,0,server-3,,,False,server-3,42.648,42.648,True,200,NORMAL,,11417.7518514,11417.7944999
p12_exp_14_burst_rr_seen,phase12,burst_load,burst_load,round_robin,seen_configuration,train,False,55,p12_exp_14_burst_rr_seen_31,1788873301.9237185,process,0.02,12,0.0,15.0,25.0,0,20.0,1.5,0,15.0,25.0,1,20.0,1.5,0,15.0,25.0,0,20.0,1.5,0,server-2,,,False,server-2,42.59,42.59,True,200,NORMAL,,11417.7546644,11417.797254
p12_exp_14_burst_rr_seen,phase12,burst_load,burst_load,round_robin,seen_configuration,train,False,55,p12_exp_14_burst_rr_seen_32,1788873301.9242406,process,0.02,12,0.0,15.0,25.0,1,20.0,1.5,0,15.0,25.0,0,20.0,1.5,0,15.0,25.0,0,20.0,1.5,0,server-1,,,False,server-1,42.569,42.569,True,200,NORMAL,,11417.7550171,11417.797586
p12_exp_14_burst_rr_seen,phase12,burst_load,burst_load,round_robin,seen_configuration,train,False,55,p12_exp_14_burst_rr_seen_33,1788873301.935746,process,0.02,12,0.0,15.0,25.0,1,20.0,1.5,0,15.0,25.0,0,20.0,1.5,0,15.0,25.0,0,20.0,1.5,0,server-1,,,False,server-1,33.926,33.926,True,200,NORMAL,,11417.7665979,11417.8005242
p12_exp_14_burst_rr_seen,phase12,burst_load,burst_load,round_robin,seen_configuration,train,False,55,p12_exp_14_burst_rr_seen_34,1788873301.9368148,process,0.02,12,0.0,15.0,25.0,0,20.0,1.5,0,15.0,25.0,0,20.0,1.5,0,15.0,25.0,1,20.0,1.5,0,server-3,,,False,server-3,30.974,30.974,True,200,NORMAL,,11417.7678359,11417.7988103
p12_exp_14_burst_rr_seen,phase12,burst_load,burst_load,round_robin,seen_configuration,train,False,55,p12_exp_14_burst_rr_seen_35,1788873301.939748,process,0.02,12,0.0,15.0,25.0,0,20.0,1.5,0,15.0,25.0,1,20.0,1.5,0,15.0,25.0,0,20.0,1.5,0,server-2,,,False,server-2,34.248,34.248,True,200,NORMAL,,11417.7703735,11417.8046212
p12_exp_14_burst_rr_seen,phase12,burst_load,burst_load,round_robin,seen_configuration,train,False,55,p12_exp_14_burst_rr_seen_36,1788873301.9455924,process,0.02,12,0.0,15.0,25.0,0,20.0,1.5,0,15.0,25.0,0,20.0,1.5,0,15.0,25.0,1,20.0,1.5,0,server-3,,,False,server-3,32.077,32.077,True,200,NORMAL,,11417.7763994,11417.8084762
p12_exp_14_burst_rr_seen,phase12,burst_load,burst_load,round_robin,seen_configuration,train,False,55,p12_exp_14_burst_rr_seen_37,1788873301.9493902,process,0.02,12,0.0,15.0,25.0,1,20.0,1.5,0,15.0,25.0,0,20.0,1.5,0,15.0,25.0,0,20.0,1.5,0,server-1,,,False,server-1,30.916,30.916,True,200,NORMAL,,11417.7809884,11417.8119049
p12_exp_14_burst_rr_seen,phase12,burst_load,burst_load,round_robin,seen_configuration,train,False,55,p12_exp_14_burst_rr_seen_38,1788873301.9521468,process,0.02,12,0.0,15.0,25.0,0,20.0,1.5,0,15.0,25.0,1,20.0,1.5,0,15.0,25.0,0,20.0,1.5,0,server-2,,,False,server-2,29.247,29.247,True,200,NORMAL,,11417.7837231,11417.8129704
p12_exp_14_burst_rr_seen,phase12,burst_load,burst_load,round_robin,seen_configuration,train,False,55,p12_exp_14_burst_rr_seen_39,1788873301.9566998,process,0.02,12,0.0,15.0,25.0,0,20.0,1.5,0,15.0,25.0,0,20.0,1.5,0,15.0,25.0,1,20.0,1.5,0,server-3,,,False,server-3,28.95,28.95,True,200,NORMAL,,11417.788033,11417.8169834
p12_exp_14_burst_rr_seen,phase12,burst_load,burst_load,round_robin,seen_configuration,train,False,55,p12_exp_14_burst_rr_seen_40,1788873301.9583828,process,0.02,12,0.0,15.0,25.0,1,20.0,1.5,0,15.0,25.0,0,20.0,1.5,0,15.0,25.0,0,20.0,1.5,0,server-1,,,False,server-1,28.517,28.517,True,200,NORMAL,,11417.7892539,11417.8177714
p12_exp_15_burst_lc_seen,phase12,burst_load,burst_load,least_connections,seen_configuration,val,False,56,p12_exp_15_burst_lc_seen_1,1788873303.722433,process,0.02,12,0.0,15.0,25.0,1,20.0,1.5,0,15.0,25.0,0,20.0,1.5,0,15.0,25.0,0,20.0,1.5,0,server-1,,,False,server-1,43.807,43.807,True,200,NORMAL,,11419.5530716,11419.5968782
p12_exp_15_burst_lc_seen,phase12,burst_load,burst_load,least_connections,seen_configuration,val,False,56,p12_exp_15_burst_lc_seen_2,1788873303.7234433,process,0.02,12,0.0,15.0,25.0,0,20.0,1.5,0,15.0,25.0,1,20.0,1.5,0,15.0,25.0,0,20.0,1.5,0,server-2,,,False,server-2,58.212,58.212,True,200,NORMAL,,11419.5543258,11419.6125379
p12_exp_15_burst_lc_seen,phase12,burst_load,burst_load,least_connections,seen_configuration,val,False,56,p12_exp_15_burst_lc_seen_3,1788873303.7244532,process,0.02,12,0.0,15.0,25.0,0,20.0,1.5,0,15.0,25.0,0,20.0,1.5,0,15.0,25.0,1,20.0,1.5,0,server-3,,,False,server-3,65.672,65.672,True,200,NORMAL,,11419.5559925,11419.6216644
p12_exp_15_burst_lc_seen,phase12,burst_load,burst_load,least_connections,seen_configuration,val,False,56,p12_exp_15_burst_lc_seen_4,1788873303.7268927,process,0.02,12,0.0,15.0,25.0,1,20.0,1.5,0,15.0,25.0,0,20.0,1.5,0,15.0,25.0,0,20.0,1.5,0,server-1,,,False,server-1,73.303,73.303,True,200,NORMAL,,11419.5581642,11419.6314668
p12_exp_15_burst_lc_seen,phase12,burst_load,burst_load,least_connections,seen_configuration,val,False,56,p12_exp_15_burst_lc_seen_5,1788873303.7292483,process,0.02,12,0.0,15.0,25.0,0,20.0,1.5,0,15.0,25.0,1,20.0,1.5,0,15.0,25.0,0,20.0,1.5,0,server-2,,,False,server-2,63.331,63.331,True,200,NORMAL,,11419.5598845,11419.6232158
p12_exp_15_burst_lc_seen,phase12,burst_load,burst_load,least_connections,seen_configuration,val,False,56,p12_exp_15_burst_lc_seen_6,1788873303.7307105,process,0.02,12,0.0,15.0,25.0,0,20.0,1.5,0,15.0,25.0,0,20.0,1.5,0,15.0,25.0,1,20.0,1.5,0,server-3,,,False,server-3,71.012,71.012,True,200,NORMAL,,11419.5623345,11419.633346
p12_exp_15_burst_lc_seen,phase12,burst_load,burst_load,least_connections,seen_configuration,val,False,56,p12_exp_15_burst_lc_seen_7,1788873303.7328548,process,0.02,12,0.0,15.0,25.0,1,20.0,1.5,0,15.0,25.0,0,20.0,1.5,0,15.0,25.0,0,20.0,1.5,0,server-1,,,False,server-1,69.658,69.658,True,200,NORMAL,,11419.5652356,11419.634894
p12_exp_15_burst_lc_seen,phase12,burst_load,burst_load,least_connections,seen_configuration,val,False,56,p12_exp_15_burst_lc_seen_8,1788873303.7328548,process,0.02,12,0.0,15.0,25.0,0,20.0,1.5,0,15.0,25.0,1,20.0,1.5,0,15.0,25.0,0,20.0,1.5,0,server-2,,,False,server-2,76.617,76.617,True,200,NORMAL,,11419.567067,11419.6436843
p12_exp_15_burst_lc_seen,phase12,burst_load,burst_load,least_connections,seen_configuration,val,False,56,p12_exp_15_burst_lc_seen_9,1788873303.7328548,process,0.02,12,0.0,15.0,25.0,0,20.0,1.5,0,15.0,25.0,0,20.0,1.5,0,15.0,25.0,1,20.0,1.5,0,server-3,,,False,server-3,73.121,73.121,True,200,NORMAL,,11419.568945,11419.6420661
p12_exp_15_burst_lc_seen,phase12,burst_load,burst_load,least_connections,seen_configuration,val,False,56,p12_exp_15_burst_lc_seen_10,1788873303.7404668,process,0.02,12,0.0,15.0,25.0,1,20.0,1.5,0,15.0,25.0,0,20.0,1.5,0,15.0,25.0,0,20.0,1.5,0,server-1,,,False,server-1,79.353,79.353,True,200,NORMAL,,11419.5723883,11419.6517414
p12_exp_15_burst_lc_seen,phase12,burst_load,burst_load,least_connections,seen_configuration,val,False,56,p12_exp_15_burst_lc_seen_11,1788873303.7404668,process,0.02,12,0.0,15.0,25.0,1,20.0,1.5,0,15.0,25.0,0,20.0,1.5,0,15.0,25.0,0,20.0,1.5,0,server-1,,,False,server-1,77.451,77.451,True,200,NORMAL,,11419.5768716,11419.6543224
p12_exp_15_burst_lc_seen,phase12,burst_load,burst_load,least_connections,seen_configuration,val,False,56,p12_exp_15_burst_lc_seen_12,1788873303.7404668,process,0.02,12,0.0,15.0,25.0,0,20.0,1.5,0,15.0,25.0,0,20.0,1.5,0,15.0,25.0,1,20.0,1.5,0,server-3,,,False,server-3,81.918,81.918,True,200,NORMAL,,11419.5784414,11419.6603595
p12_exp_15_burst_lc_seen,phase12,burst_load,burst_load,least_connections,seen_configuration,val,False,56,p12_exp_15_burst_lc_seen_13,1788873303.766215,process,0.02,12,0.0,15.0,25.0,0,20.0,1.5,0,15.0,25.0,1,20.0,1.5,0,15.0,25.0,0,20.0,1.5,0,server-2,,,False,server-2,64.585,64.585,True,200,NORMAL,,11419.5969914,11419.6615765
p12_exp_15_burst_lc_seen,phase12,burst_load,burst_load,least_connections,seen_configuration,val,False,56,p12_exp_15_burst_lc_seen_14,1788873303.781694,process,0.02,12,0.0,15.0,25.0,0,20.0,1.5,0,15.0,25.0,1,20.0,1.5,0,15.0,25.0,0,20.0,1.5,0,server-2,,,False,server-2,57.535,57.535,True,200,NORMAL,,11419.6126524,11419.6701877
p12_exp_15_burst_lc_seen,phase12,burst_load,burst_load,least_connections,seen_configuration,val,False,56,p12_exp_15_burst_lc_seen_15,1788873303.7909164,process,0.02,12,0.0,15.0,25.0,0,20.0,1.5,0,15.0,25.0,0,20.0,1.5,0,15.0,25.0,1,20.0,1.5,0,server-3,,,False,server-3,56.725,56.725,True,200,NORMAL,,11419.6217736,11419.6784982
p12_exp_15_burst_lc_seen,phase12,burst_load,burst_load,least_connections,seen_configuration,val,False,56,p12_exp_15_burst_lc_seen_16,1788873303.7925642,process,0.02,12,0.0,15.0,25.0,1,20.0,1.5,0,15.0,25.0,0,20.0,1.5,0,15.0,25.0,0,20.0,1.5,0,server-1,,,False,server-1,52.504,52.504,True,200,NORMAL,,11419.6232903,11419.6757948
p12_exp_15_burst_lc_seen,phase12,burst_load,burst_load,least_connections,seen_configuration,val,False,56,p12_exp_15_burst_lc_seen_17,1788873303.8004923,process,0.02,12,0.0,15.0,25.0,1,20.0,1.5,0,15.0,25.0,0,20.0,1.5,0,15.0,25.0,0,20.0,1.5,0,server-1,,,False,server-1,50.988,50.988,True,200,NORMAL,,11419.6315729,11419.6825612
p12_exp_15_burst_lc_seen,phase12,burst_load,burst_load,least_connections,seen_configuration,val,False,56,p12_exp_15_burst_lc_seen_18,1788873303.802776,process,0.02,12,0.0,15.0,25.0,1,20.0,1.5,0,15.0,25.0,0,20.0,1.5,0,15.0,25.0,0,20.0,1.5,0,server-1,,,False,server-1,59.98,59.98,True,200,NORMAL,,11419.6334456,11419.6934255
p12_exp_15_burst_lc_seen,phase12,burst_load,burst_load,least_connections,seen_configuration,val,False,56,p12_exp_15_burst_lc_seen_19,1788873303.803932,process,0.02,12,0.0,15.0,25.0,0,20.0,1.5,0,15.0,25.0,1,20.0,1.5,0,15.0,25.0,0,20.0,1.5,0,server-2,,,False,server-2,53.092,53.092,True,200,NORMAL,,11419.6349795,11419.6880711
p12_exp_15_burst_lc_seen,phase12,burst_load,burst_load,least_connections,seen_configuration,val,False,56,p12_exp_15_burst_lc_seen_20,1788873303.811193,process,0.02,12,0.0,15.0,25.0,0,20.0,1.5,0,15.0,25.0,0,20.0,1.5,0,15.0,25.0,1,20.0,1.5,0,server-3,,,False,server-3,53.375,53.375,True,200,NORMAL,,11419.6421658,11419.6955409
p12_exp_15_burst_lc_seen,phase12,burst_load,burst_load,least_connections,seen_configuration,val,False,56,p12_exp_15_burst_lc_seen_21,1788873303.812797,process,0.02,12,0.0,15.0,25.0,0,20.0,1.5,0,15.0,25.0,1,20.0,1.5,0,15.0,25.0,0,20.0,1.5,0,server-2,,,False,server-2,55.112,55.112,True,200,NORMAL,,11419.6437553,11419.6988669
p12_exp_15_burst_lc_seen,phase12,burst_load,burst_load,least_connections,seen_configuration,val,False,56,p12_exp_15_burst_lc_seen_22,1788873303.8212025,process,0.02,12,0.0,15.0,25.0,0,20.0,1.5,0,15.0,25.0,0,20.0,1.5,0,15.0,25.0,1,20.0,1.5,0,server-3,,,False,server-3,53.745,53.745,True,200,NORMAL,,11419.6518001,11419.7055447
p12_exp_15_burst_lc_seen,phase12,burst_load,burst_load,least_connections,seen_configuration,val,False,56,p12_exp_15_burst_lc_seen_23,1788873303.823802,process,0.02,12,0.0,15.0,25.0,1,20.0,1.5,0,15.0,25.0,0,20.0,1.5,0,15.0,25.0,0,20.0,1.5,0,server-1,,,False,server-1,47.703,47.703,True,200,NORMAL,,11419.654372,11419.7020749
p12_exp_15_burst_lc_seen,phase12,burst_load,burst_load,least_connections,seen_configuration,val,False,56,p12_exp_15_burst_lc_seen_24,1788873303.829466,process,0.02,12,0.0,15.0,25.0,0,20.0,1.5,0,15.0,25.0,1,20.0,1.5,0,15.0,25.0,0,20.0,1.5,0,server-2,,,False,server-2,44.369,44.369,True,200,NORMAL,,11419.6604332,11419.7048018
p12_exp_15_burst_lc_seen,phase12,burst_load,burst_load,least_connections,seen_configuration,val,False,56,p12_exp_15_burst_lc_seen_25,1788873303.8308816,process,0.02,12,0.0,15.0,25.0,0,20.0,1.5,0,15.0,25.0,1,20.0,1.5,0,15.0,25.0,0,20.0,1.5,0,server-2,,,False,server-2,49.923,49.923,True,200,NORMAL,,11419.6616303,11419.7115535
p12_exp_15_burst_lc_seen,phase12,burst_load,burst_load,least_connections,seen_configuration,val,False,56,p12_exp_15_burst_lc_seen_26,1788873303.8396342,process,0.02,12,0.0,15.0,25.0,1,20.0,1.5,0,15.0,25.0,0,20.0,1.5,0,15.0,25.0,0,20.0,1.5,0,server-1,,,False,server-1,43.806,43.806,True,200,NORMAL,,11419.6702519,11419.7140582
p12_exp_15_burst_lc_seen,phase12,burst_load,burst_load,least_connections,seen_configuration,val,False,56,p12_exp_15_burst_lc_seen_27,1788873303.8449943,process,0.02,12,0.0,15.0,25.0,0,20.0,1.5,0,15.0,25.0,0,20.0,1.5,0,15.0,25.0,1,20.0,1.5,0,server-3,,,False,server-3,41.525,41.525,True,200,NORMAL,,11419.6758515,11419.7173766
p12_exp_15_burst_lc_seen,phase12,burst_load,burst_load,least_connections,seen_configuration,val,False,56,p12_exp_15_burst_lc_seen_28,1788873303.8473277,process,0.02,12,0.0,15.0,25.0,1,20.0,1.5,0,15.0,25.0,0,20.0,1.5,0,15.0,25.0,0,20.0,1.5,0,server-1,,,False,server-1,44.16,44.16,True,200,NORMAL,,11419.678564,11419.7227245
p12_exp_15_burst_lc_seen,phase12,burst_load,burst_load,least_connections,seen_configuration,val,False,56,p12_exp_15_burst_lc_seen_29,1788873303.8514333,process,0.02,12,0.0,15.0,25.0,0,20.0,1.5,0,15.0,25.0,1,20.0,1.5,0,15.0,25.0,0,20.0,1.5,0,server-2,,,False,server-2,45.314,45.314,True,200,NORMAL,,11419.6826435,11419.7279579
p12_exp_15_burst_lc_seen,phase12,burst_load,burst_load,least_connections,seen_configuration,val,False,56,p12_exp_15_burst_lc_seen_30,1788873303.85717,process,0.02,12,0.0,15.0,25.0,1,20.0,1.5,0,15.0,25.0,0,20.0,1.5,0,15.0,25.0,0,20.0,1.5,0,server-1,,,False,server-1,42.328,42.328,True,200,NORMAL,,11419.688165,11419.7304927
p12_exp_15_burst_lc_seen,phase12,burst_load,burst_load,least_connections,seen_configuration,val,False,56,p12_exp_15_burst_lc_seen_31,1788873303.861735,process,0.02,12,0.0,15.0,25.0,0,20.0,1.5,0,15.0,25.0,0,20.0,1.5,0,15.0,25.0,1,20.0,1.5,0,server-3,,,False,server-3,40.469,40.469,True,200,NORMAL,,11419.69349,11419.7339585
p12_exp_15_burst_lc_seen,phase12,burst_load,burst_load,least_connections,seen_configuration,val,False,56,p12_exp_15_burst_lc_seen_32,1788873303.865029,process,0.02,12,0.0,15.0,25.0,0,20.0,1.5,0,15.0,25.0,0,20.0,1.5,0,15.0,25.0,1,20.0,1.5,0,server-3,,,False,server-3,41.337,41.337,True,200,NORMAL,,11419.6955964,11419.7369337
p12_exp_15_burst_lc_seen,phase12,burst_load,burst_load,least_connections,seen_configuration,val,False,56,p12_exp_15_burst_lc_seen_33,1788873303.8682067,process,0.02,12,0.0,15.0,25.0,0,20.0,1.5,0,15.0,25.0,1,20.0,1.5,0,15.0,25.0,0,20.0,1.5,0,server-2,,,False,server-2,39.215,39.215,True,200,NORMAL,,11419.6989207,11419.7381359
p12_exp_15_burst_lc_seen,phase12,burst_load,burst_load,least_connections,seen_configuration,val,False,56,p12_exp_15_burst_lc_seen_34,1788873303.870714,process,0.02,12,0.0,15.0,25.0,0,20.0,1.5,0,15.0,25.0,1,20.0,1.5,0,15.0,25.0,0,20.0,1.5,0,server-2,,,False,server-2,41.536,41.536,True,200,NORMAL,,11419.7021263,11419.7436622
p12_exp_15_burst_lc_seen,phase12,burst_load,burst_load,least_connections,seen_configuration,val,False,56,p12_exp_15_burst_lc_seen_35,1788873303.873646,process,0.02,12,0.0,15.0,25.0,0,20.0,1.5,0,15.0,25.0,0,20.0,1.5,0,15.0,25.0,1,20.0,1.5,0,server-3,,,False,server-3,41.823,41.823,True,200,NORMAL,,11419.704867,11419.7466899
p12_exp_15_burst_lc_seen,phase12,burst_load,burst_load,least_connections,seen_configuration,val,False,56,p12_exp_15_burst_lc_seen_36,1788873303.8746629,process,0.02,12,0.0,15.0,25.0,1,20.0,1.5,0,15.0,25.0,0,20.0,1.5,0,15.0,25.0,0,20.0,1.5,0,server-1,,,False,server-1,39.707,39.707,True,200,NORMAL,,11419.7055935,11419.7453001
p12_exp_15_burst_lc_seen,phase12,burst_load,burst_load,least_connections,seen_configuration,val,False,56,p12_exp_15_burst_lc_seen_37,1788873303.8808846,process,0.02,12,0.0,15.0,25.0,1,20.0,1.5,0,15.0,25.0,0,20.0,1.5,0,15.0,25.0,0,20.0,1.5,0,server-1,,,False,server-1,37.387,37.387,True,200,NORMAL,,11419.7116125,11419.7489998
p12_exp_15_burst_lc_seen,phase12,burst_load,burst_load,least_connections,seen_configuration,val,False,56,p12_exp_15_burst_lc_seen_38,1788873303.8832655,process,0.02,12,0.0,15.0,25.0,1,20.0,1.5,0,15.0,25.0,0,20.0,1.5,0,15.0,25.0,0,20.0,1.5,0,server-1,,,False,server-1,38.748,38.748,True,200,NORMAL,,11419.7141102,11419.7528585
p12_exp_15_burst_lc_seen,phase12,burst_load,burst_load,least_connections,seen_configuration,val,False,56,p12_exp_15_burst_lc_seen_39,1788873303.8863294,process,0.02,12,0.0,15.0,25.0,0,20.0,1.5,0,15.0,25.0,1,20.0,1.5,0,15.0,25.0,0,20.0,1.5,0,server-2,,,False,server-2,36.855,36.855,True,200,NORMAL,,11419.7174478,11419.7543029
p12_exp_15_burst_lc_seen,phase12,burst_load,burst_load,least_connections,seen_configuration,val,False,56,p12_exp_15_burst_lc_seen_40,1788873303.891823,process,0.02,12,0.0,15.0,25.0,0,20.0,1.5,0,15.0,25.0,1,20.0,1.5,0,15.0,25.0,0,20.0,1.5,0,server-2,,,False,server-2,32.721,32.721,True,200,NORMAL,,11419.7227837,11419.7555042
p12_exp_16_burst_ml_unseen,phase12,burst_load,burst_load,ml,unseen_configuration,test_unseen,False,57,p12_exp_16_burst_ml_unseen_1,1788873306.258582,process,0.015,16,0.0,15.0,25.0,0,20.0,1.5,0,15.0,25.0,0,20.0,1.5,0,15.0,25.0,1,20.0,1.5,0,server-3,http://127.0.0.1:8003,1.0,False,server-3,270.09,270.09,True,200,NORMAL,,11422.0896036,11422.359694
p12_exp_16_burst_ml_unseen,phase12,burst_load,burst_load,ml,unseen_configuration,test_unseen,False,57,p12_exp_16_burst_ml_unseen_2,1788873306.259633,process,0.015,16,0.0,15.0,25.0,0,20.0,1.5,0,15.0,25.0,0,20.0,1.5,0,15.0,25.0,1,20.0,1.5,0,server-3,http://127.0.0.1:8003,1.0,False,server-3,81.826,81.826,True,200,NORMAL,,11422.0909224,11422.1727485
p12_exp_16_burst_ml_unseen,phase12,burst_load,burst_load,ml,unseen_configuration,test_unseen,False,57,p12_exp_16_burst_ml_unseen_3,1788873306.2606816,process,0.015,16,0.0,15.0,25.0,0,20.0,1.5,0,15.0,25.0,0,20.0,1.5,0,15.0,25.0,1,20.0,1.5,0,server-3,http://127.0.0.1:8003,1.0,False,server-3,120.083,120.083,True,200,NORMAL,,11422.0924076,11422.2124909
p12_exp_16_burst_ml_unseen,phase12,burst_load,burst_load,ml,unseen_configuration,test_unseen,False,57,p12_exp_16_burst_ml_unseen_4,1788873306.2632067,process,0.015,16,0.0,15.0,25.0,0,20.0,1.5,0,15.0,25.0,0,20.0,1.5,0,15.0,25.0,1,20.0,1.5,0,server-3,http://127.0.0.1:8003,1.0,False,server-3,162.592,162.592,True,200,NORMAL,,11422.0938647,11422.2564566
p12_exp_16_burst_ml_unseen,phase12,burst_load,burst_load,ml,unseen_configuration,test_unseen,False,57,p12_exp_16_burst_ml_unseen_5,1788873306.2642016,process,0.015,16,0.0,15.0,25.0,0,20.0,1.5,0,15.0,25.0,0,20.0,1.5,0,15.0,25.0,1,20.0,1.5,0,server-3,http://127.0.0.1:8003,1.0,False,server-3,182.122,182.122,True,200,NORMAL,,11422.0955244,11422.277646
p12_exp_16_burst_ml_unseen,phase12,burst_load,burst_load,ml,unseen_configuration,test_unseen,False,57,p12_exp_16_burst_ml_unseen_6,1788873306.2666783,process,0.015,16,0.0,15.0,25.0,0,20.0,1.5,0,15.0,25.0,0,20.0,1.5,0,15.0,25.0,1,20.0,1.5,0,server-3,http://127.0.0.1:8003,1.0,False,server-3,200.579,200.579,True,200,NORMAL,,11422.0974883,11422.2980672
p12_exp_16_burst_ml_unseen,phase12,burst_load,burst_load,ml,unseen_configuration,test_unseen,False,57,p12_exp_16_burst_ml_unseen_7,1788873306.270231,process,0.015,16,0.0,15.0,25.0,0,20.0,1.5,0,15.0,25.0,0,20.0,1.5,0,15.0,25.0,1,20.0,1.5,0,server-3,http://127.0.0.1:8003,1.0,False,server-3,218.979,218.979,True,200,NORMAL,,11422.1009417,11422.3199203
p12_exp_16_burst_ml_unseen,phase12,burst_load,burst_load,ml,unseen_configuration,test_unseen,False,57,p12_exp_16_burst_ml_unseen_8,1788873306.2713635,process,0.015,16,0.0,15.0,25.0,0,20.0,1.5,0,15.0,25.0,0,20.0,1.5,0,15.0,25.0,1,20.0,1.5,0,server-3,http://127.0.0.1:8003,1.0,False,server-3,296.645,296.645,True,200,NORMAL,,11422.1026573,11422.3993024
p12_exp_16_burst_ml_unseen,phase12,burst_load,burst_load,ml,unseen_configuration,test_unseen,False,57,p12_exp_16_burst_ml_unseen_9,1788873306.2745285,process,0.015,16,0.0,15.0,25.0,0,20.0,1.5,0,15.0,25.0,0,20.0,1.5,0,15.0,25.0,1,20.0,1.5,0,server-3,http://127.0.0.1:8003,1.0,False,server-3,271.297,271.297,True,200,NORMAL,,11422.1054457,11422.3767425
p12_exp_16_burst_ml_unseen,phase12,burst_load,burst_load,ml,unseen_configuration,test_unseen,False,57,p12_exp_16_burst_ml_unseen_10,1788873306.276372,process,0.015,16,0.0,15.0,25.0,0,20.0,1.5,0,15.0,25.0,0,20.0,1.5,0,15.0,25.0,1,20.0,1.5,0,server-3,http://127.0.0.1:8003,1.0,False,server-3,315.539,315.539,True,200,NORMAL,,11422.1074104,11422.4229489
p12_exp_16_burst_ml_unseen,phase12,burst_load,burst_load,ml,unseen_configuration,test_unseen,False,57,p12_exp_16_burst_ml_unseen_11,1788873306.27977,process,0.015,16,0.0,15.0,25.0,0,20.0,1.5,0,15.0,25.0,0,20.0,1.5,0,15.0,25.0,1,20.0,1.5,0,server-3,http://127.0.0.1:8003,1.0,False,server-3,340.336,340.336,True,200,NORMAL,,11422.1104614,11422.4507976
p12_exp_16_burst_ml_unseen,phase12,burst_load,burst_load,ml,unseen_configuration,test_unseen,False,57,p12_exp_16_burst_ml_unseen_12,1788873306.2814384,process,0.015,16,0.0,15.0,25.0,0,20.0,1.5,0,15.0,25.0,0,20.0,1.5,0,15.0,25.0,1,20.0,1.5,0,server-3,http://127.0.0.1:8003,1.0,False,server-3,377.169,377.169,True,200,NORMAL,,11422.1123848,11422.4895542
p12_exp_16_burst_ml_unseen,phase12,burst_load,burst_load,ml,unseen_configuration,test_unseen,False,57,p12_exp_16_burst_ml_unseen_13,1788873306.284846,process,0.015,16,0.0,15.0,25.0,0,20.0,1.5,0,15.0,25.0,0,20.0,1.5,0,15.0,25.0,1,20.0,1.5,0,server-3,http://127.0.0.1:8003,1.0,False,server-3,417.512,417.512,True,200,NORMAL,,11422.1156066,11422.5331186
p12_exp_16_burst_ml_unseen,phase12,burst_load,burst_load,ml,unseen_configuration,test_unseen,False,57,p12_exp_16_burst_ml_unseen_14,1788873306.2882557,process,0.015,16,0.0,15.0,25.0,0,20.0,1.5,0,15.0,25.0,0,20.0,1.5,0,15.0,25.0,1,20.0,1.5,0,server-3,http://127.0.0.1:8003,1.0,False,server-3,392.276,392.276,True,200,NORMAL,,11422.1191805,11422.5114566
p12_exp_16_burst_ml_unseen,phase12,burst_load,burst_load,ml,unseen_configuration,test_unseen,False,57,p12_exp_16_burst_ml_unseen_15,1788873306.2911685,process,0.015,16,0.0,15.0,25.0,0,20.0,1.5,0,15.0,25.0,0,20.0,1.5,0,15.0,25.0,1,20.0,1.5,0,server-3,http://127.0.0.1:8003,1.0,False,server-3,758.717,758.717,True,200,NORMAL,,11422.1220965,11422.8808138
p12_exp_16_burst_ml_unseen,phase12,burst_load,burst_load,ml,unseen_configuration,test_unseen,False,57,p12_exp_16_burst_ml_unseen_16,1788873306.2939131,process,0.015,16,0.0,15.0,25.0,0,20.0,1.5,0,15.0,25.0,0,20.0,1.5,0,15.0,25.0,1,20.0,1.5,0,server-3,http://127.0.0.1:8003,1.0,False,server-3,429.047,429.047,True,200,NORMAL,,11422.1245504,11422.5535976
p12_exp_16_burst_ml_unseen,phase12,burst_load,burst_load,ml,unseen_configuration,test_unseen,False,57,p12_exp_16_burst_ml_unseen_17,1788873306.3421102,process,0.015,16,0.0,15.0,25.0,0,20.0,1.5,0,15.0,25.0,0,20.0,1.5,0,15.0,25.0,1,20.0,1.5,0,server-3,http://127.0.0.1:8003,1.0,False,server-3,403.669,403.669,True,200,NORMAL,,11422.1728773,11422.5765459
p12_exp_16_burst_ml_unseen,phase12,burst_load,burst_load,ml,unseen_configuration,test_unseen,False,57,p12_exp_16_burst_ml_unseen_18,1788873306.3815055,process,0.015,16,0.0,15.0,25.0,0,20.0,1.5,0,15.0,25.0,0,20.0,1.5,0,15.0,25.0,1,20.0,1.5,0,server-3,http://127.0.0.1:8003,1.0,False,server-3,381.325,381.325,True,200,NORMAL,,11422.2125629,11422.5938877
p12_exp_16_burst_ml_unseen,phase12,burst_load,burst_load,ml,unseen_configuration,test_unseen,False,57,p12_exp_16_burst_ml_unseen_19,1788873306.4254713,process,0.015,16,0.0,15.0,25.0,0,20.0,1.5,0,15.0,25.0,0,20.0,1.5,0,15.0,25.0,1,20.0,1.5,0,server-3,http://127.0.0.1:8003,1.0,False,server-3,377.715,377.715,True,200,NORMAL,,11422.2565114,11422.6342261
p12_exp_16_burst_ml_unseen,phase12,burst_load,burst_load,ml,unseen_configuration,test_unseen,False,57,p12_exp_16_burst_ml_unseen_20,1788873306.4464836,process,0.015,16,0.0,15.0,25.0,0,20.0,1.5,0,15.0,25.0,0,20.0,1.5,0,15.0,25.0,1,20.0,1.5,0,server-3,http://127.0.0.1:8003,1.0,False,server-3,363.842,363.842,True,200,NORMAL,,11422.2777028,11422.6415447
p12_exp_16_burst_ml_unseen,phase12,burst_load,burst_load,ml,unseen_configuration,test_unseen,False,57,p12_exp_16_burst_ml_unseen_21,1788873306.4668746,process,0.015,16,0.0,15.0,25.0,0,20.0,1.5,0,15.0,25.0,0,20.0,1.5,0,15.0,25.0,1,20.0,1.5,0,server-3,http://127.0.0.1:8003,1.0,False,server-3,359.14,359.14,True,200,NORMAL,,11422.2981394,11422.6572797
p12_exp_16_burst_ml_unseen,phase12,burst_load,burst_load,ml,unseen_configuration,test_unseen,False,57,p12_exp_16_burst_ml_unseen_22,1788873306.4890504,process,0.015,16,0.0,15.0,25.0,0,20.0,1.5,0,15.0,25.0,0,20.0,1.5,0,15.0,25.0,1,20.0,1.5,0,server-3,http://127.0.0.1:8003,1.0,False,server-3,359.051,359.051,True,200,NORMAL,,11422.3199766,11422.6790276
p12_exp_16_burst_ml_unseen,phase12,burst_load,burst_load,ml,unseen_configuration,test_unseen,False,57,p12_exp_16_burst_ml_unseen_23,1788873306.5286307,process,0.015,16,0.0,15.0,25.0,0,20.0,1.5,0,15.0,25.0,0,20.0,1.5,0,15.0,25.0,1,20.0,1.5,0,server-3,http://127.0.0.1:8003,1.0,False,server-3,335.201,335.201,True,200,NORMAL,,11422.359809,11422.6950097
p12_exp_16_burst_ml_unseen,phase12,burst_load,burst_load,ml,unseen_configuration,test_unseen,False,57,p12_exp_16_burst_ml_unseen_24,1788873306.546151,process,0.015,16,0.0,15.0,25.0,0,20.0,1.5,0,15.0,25.0,0,20.0,1.5,0,15.0,25.0,1,20.0,1.5,0,server-3,http://127.0.0.1:8003,1.0,False,server-3,331.692,331.692,True,200,NORMAL,,11422.3767969,11422.7084889
p12_exp_16_burst_ml_unseen,phase12,burst_load,burst_load,ml,unseen_configuration,test_unseen,False,57,p12_exp_16_burst_ml_unseen_25,1788873306.5684235,process,0.015,16,0.0,15.0,25.0,0,20.0,1.5,0,15.0,25.0,0,20.0,1.5,0,15.0,25.0,1,20.0,1.5,0,server-3,http://127.0.0.1:8003,1.0,False,server-3,323.851,323.851,True,200,NORMAL,,11422.3993633,11422.7232139
p12_exp_16_burst_ml_unseen,phase12,burst_load,burst_load,ml,unseen_configuration,test_unseen,False,57,p12_exp_16_burst_ml_unseen_26,1788873306.5915236,process,0.015,16,0.0,15.0,25.0,0,20.0,1.5,0,15.0,25.0,0,20.0,1.5,0,15.0,25.0,1,20.0,1.5,0,server-3,http://127.0.0.1:8003,1.0,False,server-3,314.131,314.131,True,200,NORMAL,,11422.4230148,11422.7371458
p12_exp_16_burst_ml_unseen,phase12,burst_load,burst_load,ml,unseen_configuration,test_unseen,False,57,p12_exp_16_burst_ml_unseen_27,1788873306.6204193,process,0.015,16,0.0,15.0,25.0,0,20.0,1.5,0,15.0,25.0,0,20.0,1.5,0,15.0,25.0,1,20.0,1.5,0,server-3,http://127.0.0.1:8003,1.0,False,server-3,299.756,299.756,True,200,NORMAL,,11422.4510075,11422.750763
p12_exp_16_burst_ml_unseen,phase12,burst_load,burst_load,ml,unseen_configuration,test_unseen,False,57,p12_exp_16_burst_ml_unseen_28,1788873306.6588414,process,0.015,16,0.0,15.0,25.0,0,20.0,1.5,0,15.0,25.0,0,20.0,1.5,0,15.0,25.0,1,20.0,1.5,0,server-3,http://127.0.0.1:8003,1.0,False,server-3,300.174,300.174,True,200,NORMAL,,11422.4896111,11422.7897853
p12_exp_16_burst_ml_unseen,phase12,burst_load,burst_load,ml,unseen_configuration,test_unseen,False,57,p12_exp_16_burst_ml_unseen_29,1788873306.680846,process,0.015,16,0.0,15.0,25.0,0,20.0,1.5,0,15.0,25.0,0,20.0,1.5,0,15.0,25.0,1,20.0,1.5,0,server-3,http://127.0.0.1:8003,1.0,False,server-3,283.39,283.39,True,200,NORMAL,,11422.5115167,11422.7949069
p12_exp_16_burst_ml_unseen,phase12,burst_load,burst_load,ml,unseen_configuration,test_unseen,False,57,p12_exp_16_burst_ml_unseen_30,1788873306.7022767,process,0.015,16,0.0,15.0,25.0,0,20.0,1.5,0,15.0,25.0,0,20.0,1.5,0,15.0,25.0,1,20.0,1.5,0,server-3,http://127.0.0.1:8003,1.0,False,server-3,276.308,276.308,True,200,NORMAL,,11422.5331845,11422.8094926
p12_exp_16_burst_ml_unseen,phase12,burst_load,burst_load,ml,unseen_configuration,test_unseen,False,57,p12_exp_16_burst_ml_unseen_31,1788873306.7227628,process,0.015,16,0.0,15.0,25.0,0,20.0,1.5,0,15.0,25.0,0,20.0,1.5,0,15.0,25.0,1,20.0,1.5,0,server-3,http://127.0.0.1:8003,1.0,False,server-3,272.23,272.23,True,200,NORMAL,,11422.5536863,11422.8259161
p12_exp_16_burst_ml_unseen,phase12,burst_load,burst_load,ml,unseen_configuration,test_unseen,False,57,p12_exp_16_burst_ml_unseen_32,1788873306.7452252,process,0.015,16,0.0,15.0,25.0,0,20.0,1.5,0,15.0,25.0,0,20.0,1.5,0,15.0,25.0,1,20.0,1.5,0,server-3,http://127.0.0.1:8003,1.0,False,server-3,263.585,263.585,True,200,NORMAL,,11422.5765995,11422.8401843
p12_exp_16_burst_ml_unseen,phase12,burst_load,burst_load,ml,unseen_configuration,test_unseen,False,57,p12_exp_16_burst_ml_unseen_33,1788873306.7630978,process,0.015,16,0.0,15.0,25.0,0,20.0,1.5,0,15.0,25.0,0,20.0,1.5,0,15.0,25.0,1,20.0,1.5,0,server-3,http://127.0.0.1:8003,1.0,False,server-3,267.036,267.036,True,200,NORMAL,,11422.5940192,11422.8610553
p12_exp_16_burst_ml_unseen,phase12,burst_load,burst_load,ml,unseen_configuration,test_unseen,False,57,p12_exp_16_burst_ml_unseen_34,1788873306.8033388,process,0.015,16,0.0,15.0,25.0,0,20.0,1.5,0,15.0,25.0,0,20.0,1.5,0,15.0,25.0,1,20.0,1.5,0,server-3,http://127.0.0.1:8003,1.0,False,server-3,268.299,268.299,True,200,NORMAL,,11422.6342858,11422.9025853
p12_exp_16_burst_ml_unseen,phase12,burst_load,burst_load,ml,unseen_configuration,test_unseen,False,57,p12_exp_16_burst_ml_unseen_35,1788873306.8109903,process,0.015,16,0.0,15.0,25.0,0,20.0,1.5,0,15.0,25.0,0,20.0,1.5,0,15.0,25.0,1,20.0,1.5,0,server-3,http://127.0.0.1:8003,1.0,False,server-3,275.597,275.597,True,200,NORMAL,,11422.6418111,11422.9174081
p12_exp_16_burst_ml_unseen,phase12,burst_load,burst_load,ml,unseen_configuration,test_unseen,False,57,p12_exp_16_burst_ml_unseen_36,1788873306.826192,process,0.015,16,0.0,15.0,25.0,0,20.0,1.5,0,15.0,25.0,0,20.0,1.5,0,15.0,25.0,1,20.0,1.5,0,server-3,http://127.0.0.1:8003,1.0,False,server-3,275.625,275.625,True,200,NORMAL,,11422.6573401,11422.9329653
p12_exp_16_burst_ml_unseen,phase12,burst_load,burst_load,ml,unseen_configuration,test_unseen,False,57,p12_exp_16_burst_ml_unseen_37,1788873306.8478408,process,0.015,16,0.0,15.0,25.0,0,20.0,1.5,0,15.0,25.0,0,20.0,1.5,0,15.0,25.0,1,20.0,1.5,0,server-3,http://127.0.0.1:8003,1.0,False,server-3,266.818,266.818,True,200,NORMAL,,11422.6790839,11422.9459022
p12_exp_16_burst_ml_unseen,phase12,burst_load,burst_load,ml,unseen_configuration,test_unseen,False,57,p12_exp_16_burst_ml_unseen_38,1788873306.864138,process,0.015,16,0.0,15.0,25.0,0,20.0,1.5,0,15.0,25.0,0,20.0,1.5,0,15.0,25.0,1,20.0,1.5,0,server-3,http://127.0.0.1:8003,1.0,False,server-3,266.054,266.054,True,200,NORMAL,,11422.6950625,11422.9611161
p12_exp_16_burst_ml_unseen,phase12,burst_load,burst_load,ml,unseen_configuration,test_unseen,False,57,p12_exp_16_burst_ml_unseen_39,1788873306.8777764,process,0.015,16,0.0,15.0,25.0,0,20.0,1.5,0,15.0,25.0,0,20.0,1.5,0,15.0,25.0,1,20.0,1.5,0,server-3,http://127.0.0.1:8003,1.0,False,server-3,263.986,263.986,True,200,NORMAL,,11422.7085416,11422.9725275
p12_exp_16_burst_ml_unseen,phase12,burst_load,burst_load,ml,unseen_configuration,test_unseen,False,57,p12_exp_16_burst_ml_unseen_40,1788873306.8926291,process,0.015,16,0.0,15.0,25.0,0,20.0,1.5,0,15.0,25.0,0,20.0,1.5,0,15.0,25.0,1,20.0,1.5,0,server-3,http://127.0.0.1:8003,1.0,False,server-3,266.923,266.923,True,200,NORMAL,,11422.7232622,11422.990185
p12_exp_16_burst_ml_unseen,phase12,burst_load,burst_load,ml,unseen_configuration,test_unseen,False,57,p12_exp_16_burst_ml_unseen_41,1788873306.9063015,process,0.015,16,0.0,15.0,25.0,0,20.0,1.5,0,15.0,25.0,0,20.0,1.5,0,15.0,25.0,1,20.0,1.5,0,server-3,http://127.0.0.1:8003,1.0,False,server-3,265.269,265.269,True,200,NORMAL,,11422.7372039,11423.0024732
p12_exp_16_burst_ml_unseen,phase12,burst_load,burst_load,ml,unseen_configuration,test_unseen,False,57,p12_exp_16_burst_ml_unseen_42,1788873306.9196966,process,0.015,16,0.0,15.0,25.0,0,20.0,1.5,0,15.0,25.0,0,20.0,1.5,0,15.0,25.0,1,20.0,1.5,0,server-3,http://127.0.0.1:8003,1.0,False,server-3,266.584,266.584,True,200,NORMAL,,11422.7508236,11423.0174072
p12_exp_16_burst_ml_unseen,phase12,burst_load,burst_load,ml,unseen_configuration,test_unseen,False,57,p12_exp_16_burst_ml_unseen_43,1788873306.9590125,process,0.015,16,0.0,15.0,25.0,0,20.0,1.5,0,15.0,25.0,0,20.0,1.5,0,15.0,25.0,1,20.0,1.5,0,server-3,http://127.0.0.1:8003,1.0,False,server-3,243.673,243.673,True,200,NORMAL,,11422.7898607,11423.0335333
p12_exp_16_burst_ml_unseen,phase12,burst_load,burst_load,ml,unseen_configuration,test_unseen,False,57,p12_exp_16_burst_ml_unseen_44,1788873306.9641974,process,0.015,16,0.0,15.0,25.0,0,20.0,1.5,0,15.0,25.0,0,20.0,1.5,0,15.0,25.0,1,20.0,1.5,0,server-3,http://127.0.0.1:8003,1.0,False,server-3,250.526,250.526,True,200,NORMAL,,11422.7949581,11423.0454838
p12_exp_16_burst_ml_unseen,phase12,burst_load,burst_load,ml,unseen_configuration,test_unseen,False,57,p12_exp_16_burst_ml_unseen_45,1788873306.978636,process,0.015,16,0.0,15.0,25.0,0,20.0,1.5,0,15.0,25.0,0,20.0,1.5,0,15.0,25.0,1,20.0,1.5,0,server-3,http://127.0.0.1:8003,1.0,False,server-3,266.037,266.037,True,200,NORMAL,,11422.8095467,11423.0755834
p12_exp_17_burst_iphash_unseen,phase12,burst_load,burst_load,ip_hash,unseen_configuration,test_unseen,False,58,p12_exp_17_burst_iphash_unseen_1,1788873308.4224005,process,0.018,18,0.0,15.0,25.0,1,20.0,1.5,0,15.0,25.0,0,20.0,1.5,0,15.0,25.0,0,20.0,1.5,0,server-1,,,False,server-1,31.532,31.532,True,200,NORMAL,,11424.2534919,11424.2850242
p12_exp_17_burst_iphash_unseen,phase12,burst_load,burst_load,ip_hash,unseen_configuration,test_unseen,False,58,p12_exp_17_burst_iphash_unseen_2,1788873308.4234996,process,0.018,18,0.0,15.0,25.0,1,20.0,1.5,0,15.0,25.0,0,20.0,1.5,0,15.0,25.0,0,20.0,1.5,0,server-1,,,False,server-1,35.625,35.625,True,200,NORMAL,,11424.2545448,11424.2901695
p12_exp_17_burst_iphash_unseen,phase12,burst_load,burst_load,ip_hash,unseen_configuration,test_unseen,False,58,p12_exp_17_burst_iphash_unseen_3,1788873308.4245794,process,0.018,18,0.0,15.0,25.0,1,20.0,1.5,0,15.0,25.0,0,20.0,1.5,0,15.0,25.0,0,20.0,1.5,0,server-1,,,False,server-1,38.957,38.957,True,200,NORMAL,,11424.2553893,11424.2943463
p12_exp_17_burst_iphash_unseen,phase12,burst_load,burst_load,ip_hash,unseen_configuration,test_unseen,False,58,p12_exp_17_burst_iphash_unseen_4,1788873308.4256215,process,0.018,18,0.0,15.0,25.0,1,20.0,1.5,0,15.0,25.0,0,20.0,1.5,0,15.0,25.0,0,20.0,1.5,0,server-1,,,False,server-1,47.333,47.333,True,200,NORMAL,,11424.25638,11424.3037128
p12_exp_17_burst_iphash_unseen,phase12,burst_load,burst_load,ip_hash,unseen_configuration,test_unseen,False,58,p12_exp_17_burst_iphash_unseen_5,1788873308.4268668,process,0.018,18,0.0,15.0,25.0,1,20.0,1.5,0,15.0,25.0,0,20.0,1.5,0,15.0,25.0,0,20.0,1.5,0,server-1,,,False,server-1,40.526,40.526,True,200,NORMAL,,11424.2578416,11424.2983673
p12_exp_17_burst_iphash_unseen,phase12,burst_load,burst_load,ip_hash,unseen_configuration,test_unseen,False,58,p12_exp_17_burst_iphash_unseen_6,1788873308.4279325,process,0.018,18,0.0,15.0,25.0,1,20.0,1.5,0,15.0,25.0,0,20.0,1.5,0,15.0,25.0,0,20.0,1.5,0,server-1,,,False,server-1,47.642,47.642,True,200,NORMAL,,11424.2588951,11424.3065368
p12_exp_17_burst_iphash_unseen,phase12,burst_load,burst_load,ip_hash,unseen_configuration,test_unseen,False,58,p12_exp_17_burst_iphash_unseen_7,1788873308.430193,process,0.018,18,0.0,15.0,25.0,1,20.0,1.5,0,15.0,25.0,0,20.0,1.5,0,15.0,25.0,0,20.0,1.5,0,server-1,,,False,server-1,46.604,46.604,True,200,NORMAL,,11424.2607744,11424.3073789
p12_exp_17_burst_iphash_unseen,phase12,burst_load,burst_load,ip_hash,unseen_configuration,test_unseen,False,58,p12_exp_17_burst_iphash_unseen_8,1788873308.432641,process,0.018,18,0.0,15.0,25.0,1,20.0,1.5,0,15.0,25.0,0,20.0,1.5,0,15.0,25.0,0,20.0,1.5,0,server-1,,,False,server-1,50.616,50.616,True,200,NORMAL,,11424.2633224,11424.3139384
p12_exp_17_burst_iphash_unseen,phase12,burst_load,burst_load,ip_hash,unseen_configuration,test_unseen,False,58,p12_exp_17_burst_iphash_unseen_9,1788873308.4339037,process,0.018,18,0.0,15.0,25.0,1,20.0,1.5,0,15.0,25.0,0,20.0,1.5,0,15.0,25.0,0,20.0,1.5,0,server-1,,,False,server-1,50.252,50.252,True,200,NORMAL,,11424.2653533,11424.3156049
p12_exp_17_burst_iphash_unseen,phase12,burst_load,burst_load,ip_hash,unseen_configuration,test_unseen,False,58,p12_exp_17_burst_iphash_unseen_10,1788873308.4349158,process,0.018,18,0.0,15.0,25.0,1,20.0,1.5,0,15.0,25.0,0,20.0,1.5,0,15.0,25.0,0,20.0,1.5,0,server-1,,,False,server-1,53.997,53.997,True,200,NORMAL,,11424.2662098,11424.320207
p12_exp_17_burst_iphash_unseen,phase12,burst_load,burst_load,ip_hash,unseen_configuration,test_unseen,False,58,p12_exp_17_burst_iphash_unseen_11,1788873308.4363525,process,0.018,18,0.0,15.0,25.0,1,20.0,1.5,0,15.0,25.0,0,20.0,1.5,0,15.0,25.0,0,20.0,1.5,0,server-1,,,False,server-1,57.301,57.301,True,200,NORMAL,,11424.2675599,11424.3248612
p12_exp_17_burst_iphash_unseen,phase12,burst_load,burst_load,ip_hash,unseen_configuration,test_unseen,False,58,p12_exp_17_burst_iphash_unseen_12,1788873308.4378583,process,0.018,18,0.0,15.0,25.0,1,20.0,1.5,0,15.0,25.0,0,20.0,1.5,0,15.0,25.0,0,20.0,1.5,0,server-1,,,False,server-1,533.283,533.283,True,200,NORMAL,,11424.2687452,11424.802028
p12_exp_17_burst_iphash_unseen,phase12,burst_load,burst_load,ip_hash,unseen_configuration,test_unseen,False,58,p12_exp_17_burst_iphash_unseen_13,1788873308.439606,process,0.018,18,0.0,15.0,25.0,1,20.0,1.5,0,15.0,25.0,0,20.0,1.5,0,15.0,25.0,0,20.0,1.5,0,server-1,,,False,server-1,532.394,532.394,True,200,NORMAL,,11424.2704111,11424.8028049
p12_exp_17_burst_iphash_unseen,phase12,burst_load,burst_load,ip_hash,unseen_configuration,test_unseen,False,58,p12_exp_17_burst_iphash_unseen_14,1788873308.4416747,process,0.018,18,0.0,15.0,25.0,1,20.0,1.5,0,15.0,25.0,0,20.0,1.5,0,15.0,25.0,0,20.0,1.5,0,server-1,,,False,server-1,57.748,57.748,True,200,NORMAL,,11424.2725125,11424.3302603
p12_exp_17_burst_iphash_unseen,phase12,burst_load,burst_load,ip_hash,unseen_configuration,test_unseen,False,58,p12_exp_17_burst_iphash_unseen_15,1788873308.4426715,process,0.018,18,0.0,15.0,25.0,1,20.0,1.5,0,15.0,25.0,0,20.0,1.5,0,15.0,25.0,0,20.0,1.5,0,server-1,,,False,server-1,527.107,527.107,True,200,NORMAL,,11424.273675,11424.8007818
p12_exp_17_burst_iphash_unseen,phase12,burst_load,burst_load,ip_hash,unseen_configuration,test_unseen,False,58,p12_exp_17_burst_iphash_unseen_16,1788873308.4426715,process,0.018,18,0.0,15.0,25.0,1,20.0,1.5,0,15.0,25.0,0,20.0,1.5,0,15.0,25.0,0,20.0,1.5,0,server-1,,,False,server-1,534.978,534.978,True,200,NORMAL,,11424.2745669,11424.8095452
p12_exp_17_burst_iphash_unseen,phase12,burst_load,burst_load,ip_hash,unseen_configuration,test_unseen,False,58,p12_exp_17_burst_iphash_unseen_17,1788873308.4441102,process,0.018,18,0.0,15.0,25.0,1,20.0,1.5,0,15.0,25.0,0,20.0,1.5,0,15.0,25.0,0,20.0,1.5,0,server-1,,,False,server-1,58.355,58.355,True,200,NORMAL,,11424.2757549,11424.3341094
p12_exp_17_burst_iphash_unseen,phase12,burst_load,burst_load,ip_hash,unseen_configuration,test_unseen,False,58,p12_exp_17_burst_iphash_unseen_18,1788873308.446386,process,0.018,18,0.0,15.0,25.0,1,20.0,1.5,0,15.0,25.0,0,20.0,1.5,0,15.0,25.0,0,20.0,1.5,0,server-1,,,False,server-1,531.117,531.117,True,200,NORMAL,,11424.2771662,11424.8082836
p12_exp_17_burst_iphash_unseen,phase12,burst_load,burst_load,ip_hash,unseen_configuration,test_unseen,False,58,p12_exp_17_burst_iphash_unseen_19,1788873308.4542851,process,0.018,18,0.0,15.0,25.0,1,20.0,1.5,0,15.0,25.0,0,20.0,1.5,0,15.0,25.0,0,20.0,1.5,0,server-1,,,False,server-1,50.272,50.272,True,200,NORMAL,,11424.285095,11424.3353674
p12_exp_17_burst_iphash_unseen,phase12,burst_load,burst_load,ip_hash,unseen_configuration,test_unseen,False,58,p12_exp_17_burst_iphash_unseen_20,1788873308.45927,process,0.018,18,0.0,15.0,25.0,1,20.0,1.5,0,15.0,25.0,0,20.0,1.5,0,15.0,25.0,0,20.0,1.5,0,server-1,,,False,server-1,46.647,46.647,True,200,NORMAL,,11424.2902273,11424.3368748
p12_exp_17_burst_iphash_unseen,phase12,burst_load,burst_load,ip_hash,unseen_configuration,test_unseen,False,58,p12_exp_17_burst_iphash_unseen_21,1788873308.4635775,process,0.018,18,0.0,15.0,25.0,1,20.0,1.5,0,15.0,25.0,0,20.0,1.5,0,15.0,25.0,0,20.0,1.5,0,server-1,,,False,server-1,49.9,49.9,True,200,NORMAL,,11424.2944147,11424.3443147
p12_exp_17_burst_iphash_unseen,phase12,burst_load,burst_load,ip_hash,unseen_configuration,test_unseen,False,58,p12_exp_17_burst_iphash_unseen_22,1788873308.4678397,process,0.018,18,0.0,15.0,25.0,1,20.0,1.5,0,15.0,25.0,0,20.0,1.5,0,15.0,25.0,0,20.0,1.5,0,server-1,,,False,server-1,48.442,48.442,True,200,NORMAL,,11424.2984897,11424.3469319
p12_exp_17_burst_iphash_unseen,phase12,burst_load,burst_load,ip_hash,unseen_configuration,test_unseen,False,58,p12_exp_17_burst_iphash_unseen_23,1788873308.4729729,process,0.018,18,0.0,15.0,25.0,1,20.0,1.5,0,15.0,25.0,0,20.0,1.5,0,15.0,25.0,0,20.0,1.5,0,server-1,,,False,server-1,44.181,44.181,True,200,NORMAL,,11424.3038406,11424.348022
p12_exp_17_burst_iphash_unseen,phase12,burst_load,burst_load,ip_hash,unseen_configuration,test_unseen,False,58,p12_exp_17_burst_iphash_unseen_24,1788873308.4756403,process,0.018,18,0.0,15.0,25.0,1,20.0,1.5,0,15.0,25.0,0,20.0,1.5,0,15.0,25.0,0,20.0,1.5,0,server-1,,,False,server-1,47.87,47.87,True,200,NORMAL,,11424.3065943,11424.3544646
p12_exp_17_burst_iphash_unseen,phase12,burst_load,burst_load,ip_hash,unseen_configuration,test_unseen,False,58,p12_exp_17_burst_iphash_unseen_25,1788873308.4766598,process,0.018,18,0.0,15.0,25.0,1,20.0,1.5,0,15.0,25.0,0,20.0,1.5,0,15.0,25.0,0,20.0,1.5,0,server-1,,,False,server-1,54.889,54.889,True,200,NORMAL,,11424.3074276,11424.3623168
p12_exp_17_burst_iphash_unseen,phase12,burst_load,burst_load,ip_hash,unseen_configuration,test_unseen,False,58,p12_exp_17_burst_iphash_unseen_26,1788873308.483125,process,0.018,18,0.0,15.0,25.0,1,20.0,1.5,0,15.0,25.0,0,20.0,1.5,0,15.0,25.0,0,20.0,1.5,0,server-1,,,False,server-1,57.738,57.738,True,200,NORMAL,,11424.3140066,11424.3717448
p12_exp_17_burst_iphash_unseen,phase12,burst_load,burst_load,ip_hash,unseen_configuration,test_unseen,False,58,p12_exp_17_burst_iphash_unseen_27,1788873308.4846342,process,0.018,18,0.0,15.0,25.0,1,20.0,1.5,0,15.0,25.0,0,20.0,1.5,0,15.0,25.0,0,20.0,1.5,0,server-1,,,False,server-1,57.531,57.531,True,200,NORMAL,,11424.3157265,11424.373258
p12_exp_17_burst_iphash_unseen,phase12,burst_load,burst_load,ip_hash,unseen_configuration,test_unseen,False,58,p12_exp_17_burst_iphash_unseen_28,1788873308.4884496,process,0.018,18,0.0,15.0,25.0,1,20.0,1.5,0,15.0,25.0,0,20.0,1.5,0,15.0,25.0,0,20.0,1.5,0,server-1,,,False,server-1,54.031,54.031,True,200,NORMAL,,11424.3202675,11424.3742984
p12_exp_17_burst_iphash_unseen,phase12,burst_load,burst_load,ip_hash,unseen_configuration,test_unseen,False,58,p12_exp_17_burst_iphash_unseen_29,1788873308.494255,process,0.018,18,0.0,15.0,25.0,1,20.0,1.5,0,15.0,25.0,0,20.0,1.5,0,15.0,25.0,0,20.0,1.5,0,server-1,,,False,server-1,55.365,55.365,True,200,NORMAL,,11424.3249287,11424.3802939
p12_exp_17_burst_iphash_unseen,phase12,burst_load,burst_load,ip_hash,unseen_configuration,test_unseen,False,58,p12_exp_17_burst_iphash_unseen_30,1788873308.499196,process,0.018,18,0.0,15.0,25.0,1,20.0,1.5,0,15.0,25.0,0,20.0,1.5,0,15.0,25.0,0,20.0,1.5,0,server-1,,,False,server-1,52.082,52.082,True,200,NORMAL,,11424.3303178,11424.3823995
p12_exp_17_burst_iphash_unseen,phase12,burst_load,burst_load,ip_hash,unseen_configuration,test_unseen,False,58,p12_exp_17_burst_iphash_unseen_31,1788873308.5024104,process,0.018,18,0.0,15.0,25.0,1,20.0,1.5,0,15.0,25.0,0,20.0,1.5,0,15.0,25.0,0,20.0,1.5,0,server-1,,,False,server-1,53.092,53.092,True,200,NORMAL,,11424.3341626,11424.3872546
p12_exp_17_burst_iphash_unseen,phase12,burst_load,burst_load,ip_hash,unseen_configuration,test_unseen,False,58,p12_exp_17_burst_iphash_unseen_32,1788873308.503838,process,0.018,18,0.0,15.0,25.0,1,20.0,1.5,0,15.0,25.0,0,20.0,1.5,0,15.0,25.0,0,20.0,1.5,0,server-1,,,False,server-1,54.96,54.96,True,200,NORMAL,,11424.3354178,11424.3903774
p12_exp_17_burst_iphash_unseen,phase12,burst_load,burst_load,ip_hash,unseen_configuration,test_unseen,False,58,p12_exp_17_burst_iphash_unseen_33,1788873308.5062487,process,0.018,18,0.0,15.0,25.0,1,20.0,1.5,0,15.0,25.0,0,20.0,1.5,0,15.0,25.0,0,20.0,1.5,0,server-1,,,False,server-1,55.878,55.878,True,200,NORMAL,,11424.33694,11424.3928176
p12_exp_17_burst_iphash_unseen,phase12,burst_load,burst_load,ip_hash,unseen_configuration,test_unseen,False,58,p12_exp_17_burst_iphash_unseen_34,1788873308.513764,process,0.018,18,0.0,15.0,25.0,1,20.0,1.5,0,15.0,25.0,0,20.0,1.5,0,15.0,25.0,0,20.0,1.5,0,server-1,,,False,server-1,51.839,51.839,True,200,NORMAL,,11424.3443783,11424.3962169
p12_exp_17_burst_iphash_unseen,phase12,burst_load,burst_load,ip_hash,unseen_configuration,test_unseen,False,58,p12_exp_17_burst_iphash_unseen_35,1788873308.5159938,process,0.018,18,0.0,15.0,25.0,1,20.0,1.5,0,15.0,25.0,0,20.0,1.5,0,15.0,25.0,0,20.0,1.5,0,server-1,,,False,server-1,50.834,50.834,True,200,NORMAL,,11424.3469887,11424.397823
p12_exp_17_burst_iphash_unseen,phase12,burst_load,burst_load,ip_hash,unseen_configuration,test_unseen,False,58,p12_exp_17_burst_iphash_unseen_36,1788873308.5175087,process,0.018,18,0.0,15.0,25.0,1,20.0,1.5,0,15.0,25.0,0,20.0,1.5,0,15.0,25.0,0,20.0,1.5,0,server-1,,,False,server-1,52.336,52.336,True,200,NORMAL,,11424.3480754,11424.4004118
p12_exp_17_burst_iphash_unseen,phase12,burst_load,burst_load,ip_hash,unseen_configuration,test_unseen,False,58,p12_exp_17_burst_iphash_unseen_37,1788873308.5234935,process,0.018,18,0.0,15.0,25.0,1,20.0,1.5,0,15.0,25.0,0,20.0,1.5,0,15.0,25.0,0,20.0,1.5,0,server-1,,,False,server-1,47.487,47.487,True,200,NORMAL,,11424.3545265,11424.402013
p12_exp_17_burst_iphash_unseen,phase12,burst_load,burst_load,ip_hash,unseen_configuration,test_unseen,False,58,p12_exp_17_burst_iphash_unseen_38,1788873308.5314894,process,0.018,18,0.0,15.0,25.0,1,20.0,1.5,0,15.0,25.0,0,20.0,1.5,0,15.0,25.0,0,20.0,1.5,0,server-1,,,False,server-1,42.213,42.213,True,200,NORMAL,,11424.3624083,11424.4046214
p12_exp_17_burst_iphash_unseen,phase12,burst_load,burst_load,ip_hash,unseen_configuration,test_unseen,False,58,p12_exp_17_burst_iphash_unseen_39,1788873308.540879,process,0.018,18,0.0,15.0,25.0,1,20.0,1.5,0,15.0,25.0,0,20.0,1.5,0,15.0,25.0,0,20.0,1.5,0,server-1,,,False,server-1,42.221,42.221,True,200,NORMAL,,11424.371907,11424.4141279
p12_exp_17_burst_iphash_unseen,phase12,burst_load,burst_load,ip_hash,unseen_configuration,test_unseen,False,58,p12_exp_17_burst_iphash_unseen_40,1788873308.5424497,process,0.018,18,0.0,15.0,25.0,1,20.0,1.5,0,15.0,25.0,0,20.0,1.5,0,15.0,25.0,0,20.0,1.5,0,server-1,,,False,server-1,34.983,34.983,True,200,NORMAL,,11424.3732978,11424.4082812
p12_exp_17_burst_iphash_unseen,phase12,burst_load,burst_load,ip_hash,unseen_configuration,test_unseen,False,58,p12_exp_17_burst_iphash_unseen_41,1788873308.5434844,process,0.018,18,0.0,15.0,25.0,1,20.0,1.5,0,15.0,25.0,0,20.0,1.5,0,15.0,25.0,0,20.0,1.5,0,server-1,,,False,server-1,43.176,43.176,True,200,NORMAL,,11424.3743482,11424.4175246
p12_exp_17_burst_iphash_unseen,phase12,burst_load,burst_load,ip_hash,unseen_configuration,test_unseen,False,58,p12_exp_17_burst_iphash_unseen_42,1788873308.5493264,process,0.018,18,0.0,15.0,25.0,1,20.0,1.5,0,15.0,25.0,0,20.0,1.5,0,15.0,25.0,0,20.0,1.5,0,server-1,,,False,server-1,39.631,39.631,True,200,NORMAL,,11424.3803557,11424.4199863
p12_exp_17_burst_iphash_unseen,phase12,burst_load,burst_load,ip_hash,unseen_configuration,test_unseen,False,58,p12_exp_17_burst_iphash_unseen_43,1788873308.5513818,process,0.018,18,0.0,15.0,25.0,1,20.0,1.5,0,15.0,25.0,0,20.0,1.5,0,15.0,25.0,0,20.0,1.5,0,server-1,,,False,server-1,39.86,39.86,True,200,NORMAL,,11424.3824552,11424.4223155
p12_exp_17_burst_iphash_unseen,phase12,burst_load,burst_load,ip_hash,unseen_configuration,test_unseen,False,58,p12_exp_17_burst_iphash_unseen_44,1788873308.556524,process,0.018,18,0.0,15.0,25.0,1,20.0,1.5,0,15.0,25.0,0,20.0,1.5,0,15.0,25.0,0,20.0,1.5,0,server-1,,,False,server-1,36.398,36.398,True,200,NORMAL,,11424.3873099,11424.423708
p12_exp_17_burst_iphash_unseen,phase12,burst_load,burst_load,ip_hash,unseen_configuration,test_unseen,False,58,p12_exp_17_burst_iphash_unseen_45,1788873308.559377,process,0.018,18,0.0,15.0,25.0,1,20.0,1.5,0,15.0,25.0,0,20.0,1.5,0,15.0,25.0,0,20.0,1.5,0,server-1,,,False,server-1,34.775,34.775,True,200,NORMAL,,11424.390434,11424.4252093
p12_exp_18_cpu_rr_seen,phase12,cpu_heavy,cpu_heavy,round_robin,seen_configuration,train,False,59,p12_exp_18_cpu_rr_seen_1,1788873310.4880445,process,0.07,6,8.0,15.0,25.0,0,20.0,1.5,0,15.0,25.0,1,20.0,1.5,0,15.0,25.0,0,20.0,1.5,0,server-2,,,False,server-2,95.545,95.545,True,200,NORMAL,,11426.3187146,11426.4142594
p12_exp_18_cpu_rr_seen,phase12,cpu_heavy,cpu_heavy,round_robin,seen_configuration,train,False,59,p12_exp_18_cpu_rr_seen_2,1788873310.6138537,process,0.07,6,8.0,15.0,25.0,0,20.0,1.5,0,15.0,25.0,0,20.0,1.5,0,15.0,25.0,1,20.0,1.5,0,server-3,,,False,server-3,98.566,98.566,True,200,NORMAL,,11426.4445648,11426.5431309
p12_exp_18_cpu_rr_seen,phase12,cpu_heavy,cpu_heavy,round_robin,seen_configuration,train,False,59,p12_exp_18_cpu_rr_seen_3,1788873310.7391114,process,0.07,6,8.0,15.0,25.0,1,20.0,1.5,0,15.0,25.0,0,20.0,1.5,0,15.0,25.0,0,20.0,1.5,0,server-1,,,False,server-1,79.63,79.63,True,200,NORMAL,,11426.5698843,11426.6495141
p12_exp_18_cpu_rr_seen,phase12,cpu_heavy,cpu_heavy,round_robin,seen_configuration,train,False,59,p12_exp_18_cpu_rr_seen_4,1788873310.8647952,process,0.07,6,8.0,15.0,25.0,0,20.0,1.5,0,15.0,25.0,1,20.0,1.5,0,15.0,25.0,0,20.0,1.5,0,server-2,,,False,server-2,89.474,89.474,True,200,NORMAL,,11426.6955102,11426.7849843
p12_exp_18_cpu_rr_seen,phase12,cpu_heavy,cpu_heavy,round_robin,seen_configuration,train,False,59,p12_exp_18_cpu_rr_seen_5,1788873310.9904804,process,0.07,6,8.0,15.0,25.0,0,20.0,1.5,0,15.0,25.0,0,20.0,1.5,0,15.0,25.0,1,20.0,1.5,0,server-3,,,False,server-3,79.171,79.171,True,200,NORMAL,,11426.8211648,11426.9003362
p12_exp_18_cpu_rr_seen,phase12,cpu_heavy,cpu_heavy,round_robin,seen_configuration,train,False,59,p12_exp_18_cpu_rr_seen_6,1788873311.1160774,process,0.07,6,8.0,15.0,25.0,1,20.0,1.5,0,15.0,25.0,0,20.0,1.5,0,15.0,25.0,0,20.0,1.5,0,server-1,,,False,server-1,82.673,82.673,True,200,NORMAL,,11426.9467851,11427.0294577
p12_exp_18_cpu_rr_seen,phase12,cpu_heavy,cpu_heavy,round_robin,seen_configuration,train,False,59,p12_exp_18_cpu_rr_seen_7,1788873311.2416143,process,0.07,6,8.0,15.0,25.0,0,20.0,1.5,0,15.0,25.0,1,20.0,1.5,0,15.0,25.0,0,20.0,1.5,0,server-2,,,False,server-2,93.376,93.376,True,200,NORMAL,,11427.0722807,11427.1656564
p12_exp_18_cpu_rr_seen,phase12,cpu_heavy,cpu_heavy,round_robin,seen_configuration,train,False,59,p12_exp_18_cpu_rr_seen_8,1788873311.366873,process,0.07,6,8.0,15.0,25.0,0,20.0,1.5,0,15.0,25.0,0,20.0,1.5,0,15.0,25.0,1,20.0,1.5,0,server-3,,,False,server-3,92.214,92.214,True,200,NORMAL,,11427.1975744,11427.2897886
p12_exp_18_cpu_rr_seen,phase12,cpu_heavy,cpu_heavy,round_robin,seen_configuration,train,False,59,p12_exp_18_cpu_rr_seen_9,1788873311.4921162,process,0.07,6,8.0,15.0,25.0,1,20.0,1.5,0,15.0,25.0,0,20.0,1.5,0,15.0,25.0,0,20.0,1.5,0,server-1,,,False,server-1,76.79,76.79,True,200,NORMAL,,11427.3227982,11427.3995886
p12_exp_18_cpu_rr_seen,phase12,cpu_heavy,cpu_heavy,round_robin,seen_configuration,train,False,59,p12_exp_18_cpu_rr_seen_10,1788873311.6175308,process,0.07,6,8.0,15.0,25.0,0,20.0,1.5,0,15.0,25.0,1,20.0,1.5,0,15.0,25.0,0,20.0,1.5,0,server-2,,,False,server-2,88.091,88.091,True,200,NORMAL,,11427.4482249,11427.5363161
p12_exp_18_cpu_rr_seen,phase12,cpu_heavy,cpu_heavy,round_robin,seen_configuration,train,False,59,p12_exp_18_cpu_rr_seen_11,1788873311.7429526,process,0.07,6,8.0,15.0,25.0,0,20.0,1.5,0,15.0,25.0,0,20.0,1.5,0,15.0,25.0,1,20.0,1.5,0,server-3,,,False,server-3,93.604,93.604,True,200,NORMAL,,11427.5736413,11427.6672454
p12_exp_18_cpu_rr_seen,phase12,cpu_heavy,cpu_heavy,round_robin,seen_configuration,train,False,59,p12_exp_18_cpu_rr_seen_12,1788873311.8684504,process,0.07,6,8.0,15.0,25.0,1,20.0,1.5,0,15.0,25.0,0,20.0,1.5,0,15.0,25.0,0,20.0,1.5,0,server-1,,,False,server-1,99.418,99.418,True,200,NORMAL,,11427.6991333,11427.7985518
p12_exp_18_cpu_rr_seen,phase12,cpu_heavy,cpu_heavy,round_robin,seen_configuration,train,False,59,p12_exp_18_cpu_rr_seen_13,1788873311.9936752,process,0.07,6,8.0,15.0,25.0,0,20.0,1.5,0,15.0,25.0,1,20.0,1.5,0,15.0,25.0,0,20.0,1.5,0,server-2,,,False,server-2,107.083,107.083,True,200,NORMAL,,11427.8243901,11427.9314736
p12_exp_18_cpu_rr_seen,phase12,cpu_heavy,cpu_heavy,round_robin,seen_configuration,train,False,59,p12_exp_18_cpu_rr_seen_14,1788873312.119336,process,0.07,6,8.0,15.0,25.0,0,20.0,1.5,0,15.0,25.0,0,20.0,1.5,0,15.0,25.0,1,20.0,1.5,0,server-3,,,False,server-3,104.443,104.443,True,200,NORMAL,,11427.9502006,11428.0546437
p12_exp_18_cpu_rr_seen,phase12,cpu_heavy,cpu_heavy,round_robin,seen_configuration,train,False,59,p12_exp_18_cpu_rr_seen_15,1788873312.245087,process,0.07,6,8.0,15.0,25.0,1,20.0,1.5,0,15.0,25.0,0,20.0,1.5,0,15.0,25.0,0,20.0,1.5,0,server-1,,,False,server-1,76.153,76.153,True,200,NORMAL,,11428.0758106,11428.1519638
p12_exp_18_cpu_rr_seen,phase12,cpu_heavy,cpu_heavy,round_robin,seen_configuration,train,False,59,p12_exp_18_cpu_rr_seen_16,1788873312.3706422,process,0.07,6,8.0,15.0,25.0,0,20.0,1.5,0,15.0,25.0,1,20.0,1.5,0,15.0,25.0,0,20.0,1.5,0,server-2,,,False,server-2,90.121,90.121,True,200,NORMAL,,11428.2013328,11428.2914542
p12_exp_18_cpu_rr_seen,phase12,cpu_heavy,cpu_heavy,round_robin,seen_configuration,train,False,59,p12_exp_18_cpu_rr_seen_17,1788873312.4958167,process,0.07,6,8.0,15.0,25.0,0,20.0,1.5,0,15.0,25.0,0,20.0,1.5,0,15.0,25.0,1,20.0,1.5,0,server-3,,,False,server-3,99.783,99.783,True,200,NORMAL,,11428.3264916,11428.4262751
p12_exp_18_cpu_rr_seen,phase12,cpu_heavy,cpu_heavy,round_robin,seen_configuration,train,False,59,p12_exp_18_cpu_rr_seen_18,1788873312.6212456,process,0.07,6,8.0,15.0,25.0,1,20.0,1.5,0,15.0,25.0,0,20.0,1.5,0,15.0,25.0,0,20.0,1.5,0,server-1,,,False,server-1,76.788,76.788,True,200,NORMAL,,11428.4519399,11428.5287281
p12_exp_18_cpu_rr_seen,phase12,cpu_heavy,cpu_heavy,round_robin,seen_configuration,train,False,59,p12_exp_18_cpu_rr_seen_19,1788873312.7467177,process,0.07,6,8.0,15.0,25.0,0,20.0,1.5,0,15.0,25.0,1,20.0,1.5,0,15.0,25.0,0,20.0,1.5,0,server-2,,,False,server-2,76.864,76.864,True,200,NORMAL,,11428.5773853,11428.6542497
p12_exp_18_cpu_rr_seen,phase12,cpu_heavy,cpu_heavy,round_robin,seen_configuration,train,False,59,p12_exp_18_cpu_rr_seen_20,1788873312.8721037,process,0.07,6,8.0,15.0,25.0,0,20.0,1.5,0,15.0,25.0,0,20.0,1.5,0,15.0,25.0,1,20.0,1.5,0,server-3,,,False,server-3,87.257,87.257,True,200,NORMAL,,11428.702852,11428.7901093
p12_exp_18_cpu_rr_seen,phase12,cpu_heavy,cpu_heavy,round_robin,seen_configuration,train,False,59,p12_exp_18_cpu_rr_seen_21,1788873312.9975398,process,0.07,6,8.0,15.0,25.0,1,20.0,1.5,0,15.0,25.0,0,20.0,1.5,0,15.0,25.0,0,20.0,1.5,0,server-1,,,False,server-1,96.059,96.059,True,200,NORMAL,,11428.8282856,11428.9243446
p12_exp_18_cpu_rr_seen,phase12,cpu_heavy,cpu_heavy,round_robin,seen_configuration,train,False,59,p12_exp_18_cpu_rr_seen_22,1788873313.1229851,process,0.07,6,8.0,15.0,25.0,0,20.0,1.5,0,15.0,25.0,1,20.0,1.5,0,15.0,25.0,0,20.0,1.5,0,server-2,,,False,server-2,113.336,113.336,True,200,NORMAL,,11428.9537744,11429.0671103
p12_exp_18_cpu_rr_seen,phase12,cpu_heavy,cpu_heavy,round_robin,seen_configuration,train,False,59,p12_exp_18_cpu_rr_seen_23,1788873313.2485828,process,0.07,6,8.0,15.0,25.0,0,20.0,1.5,0,15.0,25.0,0,20.0,1.5,0,15.0,25.0,1,20.0,1.5,0,server-3,,,False,server-3,107.547,107.547,True,200,NORMAL,,11429.0792409,11429.1867875
p12_exp_18_cpu_rr_seen,phase12,cpu_heavy,cpu_heavy,round_robin,seen_configuration,train,False,59,p12_exp_18_cpu_rr_seen_24,1788873313.3740098,process,0.07,6,8.0,15.0,25.0,1,20.0,1.5,0,15.0,25.0,0,20.0,1.5,0,15.0,25.0,0,20.0,1.5,0,server-1,,,False,server-1,87.723,87.723,True,200,NORMAL,,11429.204711,11429.2924343
p12_exp_18_cpu_rr_seen,phase12,cpu_heavy,cpu_heavy,round_robin,seen_configuration,train,False,59,p12_exp_18_cpu_rr_seen_25,1788873313.4992535,process,0.07,6,8.0,15.0,25.0,0,20.0,1.5,0,15.0,25.0,1,20.0,1.5,0,15.0,25.0,0,20.0,1.5,0,server-2,,,False,server-2,97.955,97.955,True,200,NORMAL,,11429.3299393,11429.4278943
p12_exp_18_cpu_rr_seen,phase12,cpu_heavy,cpu_heavy,round_robin,seen_configuration,train,False,59,p12_exp_18_cpu_rr_seen_26,1788873313.6244977,process,0.07,6,8.0,15.0,25.0,0,20.0,1.5,0,15.0,25.0,0,20.0,1.5,0,15.0,25.0,1,20.0,1.5,0,server-3,,,False,server-3,113.059,113.059,True,200,NORMAL,,11429.455209,11429.5682684
p12_exp_18_cpu_rr_seen,phase12,cpu_heavy,cpu_heavy,round_robin,seen_configuration,train,False,59,p12_exp_18_cpu_rr_seen_27,1788873313.7498434,process,0.07,6,8.0,15.0,25.0,1,20.0,1.5,0,15.0,25.0,0,20.0,1.5,0,15.0,25.0,0,20.0,1.5,0,server-1,,,False,server-1,102.685,102.685,True,200,NORMAL,,11429.5806167,11429.6833014
p12_exp_18_cpu_rr_seen,phase12,cpu_heavy,cpu_heavy,round_robin,seen_configuration,train,False,59,p12_exp_18_cpu_rr_seen_28,1788873313.8750436,process,0.07,6,8.0,15.0,25.0,0,20.0,1.5,0,15.0,25.0,1,20.0,1.5,0,15.0,25.0,0,20.0,1.5,0,server-2,,,False,server-2,103.401,103.401,True,200,NORMAL,,11429.7060439,11429.8094445
p12_exp_18_cpu_rr_seen,phase12,cpu_heavy,cpu_heavy,round_robin,seen_configuration,train,False,59,p12_exp_18_cpu_rr_seen_29,1788873314.000615,process,0.07,6,8.0,15.0,25.0,0,20.0,1.5,0,15.0,25.0,0,20.0,1.5,0,15.0,25.0,1,20.0,1.5,0,server-3,,,False,server-3,117.935,117.935,True,200,NORMAL,,11429.8313007,11429.9492357
p12_exp_18_cpu_rr_seen,phase12,cpu_heavy,cpu_heavy,round_robin,seen_configuration,train,False,59,p12_exp_18_cpu_rr_seen_30,1788873314.126091,process,0.07,6,8.0,15.0,25.0,1,20.0,1.5,0,15.0,25.0,0,20.0,1.5,0,15.0,25.0,0,20.0,1.5,0,server-1,,,False,server-1,81.148,81.148,True,200,NORMAL,,11429.9568853,11430.0380334
p12_exp_18_cpu_rr_seen,phase12,cpu_heavy,cpu_heavy,round_robin,seen_configuration,train,False,59,p12_exp_18_cpu_rr_seen_31,1788873314.2513778,process,0.07,6,8.0,15.0,25.0,0,20.0,1.5,0,15.0,25.0,1,20.0,1.5,0,15.0,25.0,0,20.0,1.5,0,server-2,,,False,server-2,109.838,109.838,True,200,NORMAL,,11430.0820937,11430.1919318
p12_exp_18_cpu_rr_seen,phase12,cpu_heavy,cpu_heavy,round_robin,seen_configuration,train,False,59,p12_exp_18_cpu_rr_seen_32,1788873314.3768566,process,0.07,6,8.0,15.0,25.0,0,20.0,1.5,0,15.0,25.0,0,20.0,1.5,0,15.0,25.0,1,20.0,1.5,0,server-3,,,False,server-3,119.628,119.628,True,200,NORMAL,,11430.2075326,11430.3271606
p12_exp_18_cpu_rr_seen,phase12,cpu_heavy,cpu_heavy,round_robin,seen_configuration,train,False,59,p12_exp_18_cpu_rr_seen_33,1788873314.5020192,process,0.07,6,8.0,15.0,25.0,1,20.0,1.5,0,15.0,25.0,0,20.0,1.5,0,15.0,25.0,0,20.0,1.5,0,server-1,,,False,server-1,103.383,103.383,True,200,NORMAL,,11430.332815,11430.4361978
p12_exp_18_cpu_rr_seen,phase12,cpu_heavy,cpu_heavy,round_robin,seen_configuration,train,False,59,p12_exp_18_cpu_rr_seen_34,1788873314.627664,process,0.07,6,8.0,15.0,25.0,0,20.0,1.5,0,15.0,25.0,1,20.0,1.5,0,15.0,25.0,0,20.0,1.5,0,server-2,,,False,server-2,87.805,87.805,True,200,NORMAL,,11430.4584015,11430.5462068
p12_exp_18_cpu_rr_seen,phase12,cpu_heavy,cpu_heavy,round_robin,seen_configuration,train,False,59,p12_exp_18_cpu_rr_seen_35,1788873314.7531772,process,0.07,6,8.0,15.0,25.0,0,20.0,1.5,0,15.0,25.0,0,20.0,1.5,0,15.0,25.0,1,20.0,1.5,0,server-3,,,False,server-3,113.441,113.441,True,200,NORMAL,,11430.5838883,11430.6973289
p12_exp_19_cpu_lc_seen,phase12,cpu_heavy,cpu_heavy,least_connections,seen_configuration,val,False,60,p12_exp_19_cpu_lc_seen_1,1788873316.04242,process,0.08,6,8.0,15.0,25.0,1,20.0,1.5,0,15.0,25.0,0,20.0,1.5,0,15.0,25.0,0,20.0,1.5,0,server-1,,,False,server-1,120.14,120.14,True,200,NORMAL,,11431.8735276,11431.9936673
p12_exp_19_cpu_lc_seen,phase12,cpu_heavy,cpu_heavy,least_connections,seen_configuration,val,False,60,p12_exp_19_cpu_lc_seen_2,1788873316.1689882,process,0.08,6,8.0,15.0,25.0,1,20.0,1.5,0,15.0,25.0,0,20.0,1.5,0,15.0,25.0,0,20.0,1.5,0,server-1,,,False,server-1,116.625,116.625,True,200,NORMAL,,11431.9998103,11432.1164352
p12_exp_19_cpu_lc_seen,phase12,cpu_heavy,cpu_heavy,least_connections,seen_configuration,val,False,60,p12_exp_19_cpu_lc_seen_3,1788873316.2947075,process,0.08,6,8.0,15.0,25.0,1,20.0,1.5,0,15.0,25.0,0,20.0,1.5,0,15.0,25.0,0,20.0,1.5,0,server-1,,,False,server-1,91.798,91.798,True,200,NORMAL,,11432.1254705,11432.2172685
p12_exp_19_cpu_lc_seen,phase12,cpu_heavy,cpu_heavy,least_connections,seen_configuration,val,False,60,p12_exp_19_cpu_lc_seen_4,1788873316.4203513,process,0.08,6,8.0,15.0,25.0,1,20.0,1.5,0,15.0,25.0,0,20.0,1.5,0,15.0,25.0,0,20.0,1.5,0,server-1,,,False,server-1,98.315,98.315,True,200,NORMAL,,11432.2511119,11432.3494268
p12_exp_19_cpu_lc_seen,phase12,cpu_heavy,cpu_heavy,least_connections,seen_configuration,val,False,60,p12_exp_19_cpu_lc_seen_5,1788873316.5457902,process,0.08,6,8.0,15.0,25.0,1,20.0,1.5,0,15.0,25.0,0,20.0,1.5,0,15.0,25.0,0,20.0,1.5,0,server-1,,,False,server-1,113.965,113.965,True,200,NORMAL,,11432.3765369,11432.490502
p12_exp_19_cpu_lc_seen,phase12,cpu_heavy,cpu_heavy,least_connections,seen_configuration,val,False,60,p12_exp_19_cpu_lc_seen_6,1788873316.6715984,process,0.08,6,8.0,15.0,25.0,1,20.0,1.5,0,15.0,25.0,0,20.0,1.5,0,15.0,25.0,0,20.0,1.5,0,server-1,,,False,server-1,130.891,130.891,True,200,NORMAL,,11432.5023769,11432.6332674
p12_exp_19_cpu_lc_seen,phase12,cpu_heavy,cpu_heavy,least_connections,seen_configuration,val,False,60,p12_exp_19_cpu_lc_seen_7,1788873316.7987058,process,0.08,6,8.0,15.0,25.0,1,20.0,1.5,0,15.0,25.0,0,20.0,1.5,0,15.0,25.0,0,20.0,1.5,0,server-1,,,False,server-1,91.885,91.885,True,200,NORMAL,,11432.6293675,11432.7212526
p12_exp_19_cpu_lc_seen,phase12,cpu_heavy,cpu_heavy,least_connections,seen_configuration,val,False,60,p12_exp_19_cpu_lc_seen_8,1788873316.925507,process,0.08,6,8.0,15.0,25.0,1,20.0,1.5,0,15.0,25.0,0,20.0,1.5,0,15.0,25.0,0,20.0,1.5,0,server-1,,,False,server-1,125.957,125.957,True,200,NORMAL,,11432.7562395,11432.8821969
p12_exp_19_cpu_lc_seen,phase12,cpu_heavy,cpu_heavy,least_connections,seen_configuration,val,False,60,p12_exp_19_cpu_lc_seen_9,1788873317.051607,process,0.08,6,8.0,15.0,25.0,1,20.0,1.5,0,15.0,25.0,0,20.0,1.5,0,15.0,25.0,0,20.0,1.5,0,server-1,,,False,server-1,91.641,91.641,True,200,NORMAL,,11432.8825514,11432.9741925
p12_exp_19_cpu_lc_seen,phase12,cpu_heavy,cpu_heavy,least_connections,seen_configuration,val,False,60,p12_exp_19_cpu_lc_seen_10,1788873317.1771982,process,0.08,6,8.0,15.0,25.0,1,20.0,1.5,0,15.0,25.0,0,20.0,1.5,0,15.0,25.0,0,20.0,1.5,0,server-1,,,False,server-1,119.247,119.247,True,200,NORMAL,,11433.0079022,11433.1271494
p12_exp_19_cpu_lc_seen,phase12,cpu_heavy,cpu_heavy,least_connections,seen_configuration,val,False,60,p12_exp_19_cpu_lc_seen_11,1788873317.3028357,process,0.08,6,8.0,15.0,25.0,1,20.0,1.5,0,15.0,25.0,0,20.0,1.5,0,15.0,25.0,0,20.0,1.5,0,server-1,,,False,server-1,93.155,93.155,True,200,NORMAL,,11433.1336104,11433.2267655
p12_exp_19_cpu_lc_seen,phase12,cpu_heavy,cpu_heavy,least_connections,seen_configuration,val,False,60,p12_exp_19_cpu_lc_seen_12,1788873317.428415,process,0.08,6,8.0,15.0,25.0,1,20.0,1.5,0,15.0,25.0,0,20.0,1.5,0,15.0,25.0,0,20.0,1.5,0,server-1,,,False,server-1,93.198,93.198,True,200,NORMAL,,11433.2592086,11433.3524068
p12_exp_19_cpu_lc_seen,phase12,cpu_heavy,cpu_heavy,least_connections,seen_configuration,val,False,60,p12_exp_19_cpu_lc_seen_13,1788873317.553837,process,0.08,6,8.0,15.0,25.0,1,20.0,1.5,0,15.0,25.0,0,20.0,1.5,0,15.0,25.0,0,20.0,1.5,0,server-1,,,False,server-1,112.408,112.408,True,200,NORMAL,,11433.3848828,11433.4972903
p12_exp_19_cpu_lc_seen,phase12,cpu_heavy,cpu_heavy,least_connections,seen_configuration,val,False,60,p12_exp_19_cpu_lc_seen_14,1788873317.6795752,process,0.08,6,8.0,15.0,25.0,1,20.0,1.5,0,15.0,25.0,0,20.0,1.5,0,15.0,25.0,0,20.0,1.5,0,server-1,,,False,server-1,122.228,122.228,True,200,NORMAL,,11433.5102546,11433.6324828
p12_exp_19_cpu_lc_seen,phase12,cpu_heavy,cpu_heavy,least_connections,seen_configuration,val,False,60,p12_exp_19_cpu_lc_seen_15,1788873317.804899,process,0.08,6,8.0,15.0,25.0,1,20.0,1.5,0,15.0,25.0,0,20.0,1.5,0,15.0,25.0,0,20.0,1.5,0,server-1,,,False,server-1,110.75,110.75,True,200,NORMAL,,11433.6357983,11433.7465482
p12_exp_19_cpu_lc_seen,phase12,cpu_heavy,cpu_heavy,least_connections,seen_configuration,val,False,60,p12_exp_19_cpu_lc_seen_16,1788873317.93061,process,0.08,6,8.0,15.0,25.0,1,20.0,1.5,0,15.0,25.0,0,20.0,1.5,0,15.0,25.0,0,20.0,1.5,0,server-1,,,False,server-1,85.924,85.924,True,200,NORMAL,,11433.7613168,11433.8472404
p12_exp_19_cpu_lc_seen,phase12,cpu_heavy,cpu_heavy,least_connections,seen_configuration,val,False,60,p12_exp_19_cpu_lc_seen_17,1788873318.0558152,process,0.08,6,8.0,15.0,25.0,1,20.0,1.5,0,15.0,25.0,0,20.0,1.5,0,15.0,25.0,0,20.0,1.5,0,server-1,,,False,server-1,86.155,86.155,True,200,NORMAL,,11433.8864815,11433.9726363
p12_exp_19_cpu_lc_seen,phase12,cpu_heavy,cpu_heavy,least_connections,seen_configuration,val,False,60,p12_exp_19_cpu_lc_seen_18,1788873318.181388,process,0.08,6,8.0,15.0,25.0,1,20.0,1.5,0,15.0,25.0,0,20.0,1.5,0,15.0,25.0,0,20.0,1.5,0,server-1,,,False,server-1,131.559,131.559,True,200,NORMAL,,11434.0120705,11434.1436292
p12_exp_19_cpu_lc_seen,phase12,cpu_heavy,cpu_heavy,least_connections,seen_configuration,val,False,60,p12_exp_19_cpu_lc_seen_19,1788873318.3067234,process,0.08,6,8.0,15.0,25.0,1,20.0,1.5,0,15.0,25.0,0,20.0,1.5,0,15.0,25.0,0,20.0,1.5,0,server-1,,,False,server-1,122.552,122.552,True,200,NORMAL,,11434.137671,11434.2602235
p12_exp_19_cpu_lc_seen,phase12,cpu_heavy,cpu_heavy,least_connections,seen_configuration,val,False,60,p12_exp_19_cpu_lc_seen_20,1788873318.4325266,process,0.08,6,8.0,15.0,25.0,1,20.0,1.5,0,15.0,25.0,0,20.0,1.5,0,15.0,25.0,0,20.0,1.5,0,server-1,,,False,server-1,121.016,121.016,True,200,NORMAL,,11434.2631941,11434.3842105
p12_exp_19_cpu_lc_seen,phase12,cpu_heavy,cpu_heavy,least_connections,seen_configuration,val,False,60,p12_exp_19_cpu_lc_seen_21,1788873318.5578997,process,0.08,6,8.0,15.0,25.0,1,20.0,1.5,0,15.0,25.0,0,20.0,1.5,0,15.0,25.0,0,20.0,1.5,0,server-1,,,False,server-1,90.282,90.282,True,200,NORMAL,,11434.388671,11434.4789529
p12_exp_19_cpu_lc_seen,phase12,cpu_heavy,cpu_heavy,least_connections,seen_configuration,val,False,60,p12_exp_19_cpu_lc_seen_22,1788873318.683121,process,0.08,6,8.0,15.0,25.0,1,20.0,1.5,0,15.0,25.0,0,20.0,1.5,0,15.0,25.0,0,20.0,1.5,0,server-1,,,False,server-1,106.885,106.885,True,200,NORMAL,,11434.5138241,11434.6207087
p12_exp_19_cpu_lc_seen,phase12,cpu_heavy,cpu_heavy,least_connections,seen_configuration,val,False,60,p12_exp_19_cpu_lc_seen_23,1788873318.8084147,process,0.08,6,8.0,15.0,25.0,1,20.0,1.5,0,15.0,25.0,0,20.0,1.5,0,15.0,25.0,0,20.0,1.5,0,server-1,,,False,server-1,125.223,125.223,True,200,NORMAL,,11434.6392101,11434.7644331
p12_exp_19_cpu_lc_seen,phase12,cpu_heavy,cpu_heavy,least_connections,seen_configuration,val,False,60,p12_exp_19_cpu_lc_seen_24,1788873318.933792,process,0.08,6,8.0,15.0,25.0,1,20.0,1.5,0,15.0,25.0,0,20.0,1.5,0,15.0,25.0,0,20.0,1.5,0,server-1,,,False,server-1,126.027,126.027,True,200,NORMAL,,11434.7646831,11434.8907103
p12_exp_19_cpu_lc_seen,phase12,cpu_heavy,cpu_heavy,least_connections,seen_configuration,val,False,60,p12_exp_19_cpu_lc_seen_25,1788873319.0592046,process,0.08,6,8.0,15.0,25.0,1,20.0,1.5,0,15.0,25.0,0,20.0,1.5,0,15.0,25.0,0,20.0,1.5,0,server-1,,,False,server-1,93.229,93.229,True,200,NORMAL,,11434.8902175,11434.9834469
p12_exp_19_cpu_lc_seen,phase12,cpu_heavy,cpu_heavy,least_connections,seen_configuration,val,False,60,p12_exp_19_cpu_lc_seen_26,1788873319.184594,process,0.08,6,8.0,15.0,25.0,1,20.0,1.5,0,15.0,25.0,0,20.0,1.5,0,15.0,25.0,0,20.0,1.5,0,server-1,,,False,server-1,121.524,121.524,True,200,NORMAL,,11435.0152839,11435.1368078
p12_exp_19_cpu_lc_seen,phase12,cpu_heavy,cpu_heavy,least_connections,seen_configuration,val,False,60,p12_exp_19_cpu_lc_seen_27,1788873319.3098629,process,0.08,6,8.0,15.0,25.0,1,20.0,1.5,0,15.0,25.0,0,20.0,1.5,0,15.0,25.0,0,20.0,1.5,0,server-1,,,False,server-1,102.418,102.418,True,200,NORMAL,,11435.1406446,11435.2430623
p12_exp_19_cpu_lc_seen,phase12,cpu_heavy,cpu_heavy,least_connections,seen_configuration,val,False,60,p12_exp_19_cpu_lc_seen_28,1788873319.435315,process,0.08,6,8.0,15.0,25.0,1,20.0,1.5,0,15.0,25.0,0,20.0,1.5,0,15.0,25.0,0,20.0,1.5,0,server-1,,,False,server-1,110.197,110.197,True,200,NORMAL,,11435.2660517,11435.376249
p12_exp_19_cpu_lc_seen,phase12,cpu_heavy,cpu_heavy,least_connections,seen_configuration,val,False,60,p12_exp_19_cpu_lc_seen_29,1788873319.5606668,process,0.08,6,8.0,15.0,25.0,1,20.0,1.5,0,15.0,25.0,0,20.0,1.5,0,15.0,25.0,0,20.0,1.5,0,server-1,,,False,server-1,100.499,100.499,True,200,NORMAL,,11435.3914742,11435.4919734
p12_exp_19_cpu_lc_seen,phase12,cpu_heavy,cpu_heavy,least_connections,seen_configuration,val,False,60,p12_exp_19_cpu_lc_seen_30,1788873319.6862378,process,0.08,6,8.0,15.0,25.0,1,20.0,1.5,0,15.0,25.0,0,20.0,1.5,0,15.0,25.0,0,20.0,1.5,0,server-1,,,False,server-1,102.45,102.45,True,200,NORMAL,,11435.5170267,11435.6194771
p12_exp_19_cpu_lc_seen,phase12,cpu_heavy,cpu_heavy,least_connections,seen_configuration,val,False,60,p12_exp_19_cpu_lc_seen_31,1788873319.8116906,process,0.08,6,8.0,15.0,25.0,1,20.0,1.5,0,15.0,25.0,0,20.0,1.5,0,15.0,25.0,0,20.0,1.5,0,server-1,,,False,server-1,123.09,123.09,True,200,NORMAL,,11435.6425059,11435.765596
p12_exp_19_cpu_lc_seen,phase12,cpu_heavy,cpu_heavy,least_connections,seen_configuration,val,False,60,p12_exp_19_cpu_lc_seen_32,1788873319.9371967,process,0.08,6,8.0,15.0,25.0,1,20.0,1.5,0,15.0,25.0,0,20.0,1.5,0,15.0,25.0,0,20.0,1.5,0,server-1,,,False,server-1,91.128,91.128,True,200,NORMAL,,11435.7679744,11435.8591023
p12_exp_19_cpu_lc_seen,phase12,cpu_heavy,cpu_heavy,least_connections,seen_configuration,val,False,60,p12_exp_19_cpu_lc_seen_33,1788873320.062931,process,0.08,6,8.0,15.0,25.0,1,20.0,1.5,0,15.0,25.0,0,20.0,1.5,0,15.0,25.0,0,20.0,1.5,0,server-1,,,False,server-1,131.636,131.636,True,200,NORMAL,,11435.8937032,11436.0253392
p12_exp_19_cpu_lc_seen,phase12,cpu_heavy,cpu_heavy,least_connections,seen_configuration,val,False,60,p12_exp_19_cpu_lc_seen_34,1788873320.1887329,process,0.08,6,8.0,15.0,25.0,1,20.0,1.5,0,15.0,25.0,0,20.0,1.5,0,15.0,25.0,0,20.0,1.5,0,server-1,,,False,server-1,120.618,120.618,True,200,NORMAL,,11436.0194784,11436.1400963
p12_exp_19_cpu_lc_seen,phase12,cpu_heavy,cpu_heavy,least_connections,seen_configuration,val,False,60,p12_exp_19_cpu_lc_seen_35,1788873320.3141656,process,0.08,6,8.0,15.0,25.0,1,20.0,1.5,0,15.0,25.0,0,20.0,1.5,0,15.0,25.0,0,20.0,1.5,0,server-1,,,False,server-1,113.54,113.54,True,200,NORMAL,,11436.1449614,11436.2585011
p12_exp_20_cpu_ml_unseen,phase12,cpu_heavy,cpu_heavy,ml,unseen_configuration,test_unseen,False,61,p12_exp_20_cpu_ml_unseen_1,1788873321.6705017,process,0.095,8,0.0,15.0,25.0,0,20.0,1.5,0,15.0,25.0,0,20.0,1.5,0,15.0,25.0,1,20.0,1.5,0,server-3,http://127.0.0.1:8003,1.0,False,server-3,159.762,159.762,True,200,NORMAL,,11437.5026925,11437.6624543
p12_exp_20_cpu_ml_unseen,phase12,cpu_heavy,cpu_heavy,ml,unseen_configuration,test_unseen,False,61,p12_exp_20_cpu_ml_unseen_2,1788873321.6729996,process,0.095,8,0.0,15.0,25.0,0,20.0,1.5,0,15.0,25.0,0,20.0,1.5,0,15.0,25.0,1,20.0,1.5,0,server-3,http://127.0.0.1:8003,1.0,False,server-3,174.889,174.889,True,200,NORMAL,,11437.5042062,11437.6790955
p12_exp_20_cpu_ml_unseen,phase12,cpu_heavy,cpu_heavy,ml,unseen_configuration,test_unseen,False,61,p12_exp_20_cpu_ml_unseen_3,1788873321.6750305,process,0.095,8,0.0,15.0,25.0,0,20.0,1.5,0,15.0,25.0,0,20.0,1.5,0,15.0,25.0,1,20.0,1.5,0,server-3,http://127.0.0.1:8003,1.0,False,server-3,223.415,223.415,True,200,NORMAL,,11437.5060432,11437.7294584
p12_exp_20_cpu_ml_unseen,phase12,cpu_heavy,cpu_heavy,ml,unseen_configuration,test_unseen,False,61,p12_exp_20_cpu_ml_unseen_4,1788873321.6766047,process,0.095,8,0.0,15.0,25.0,0,20.0,1.5,0,15.0,25.0,0,20.0,1.5,0,15.0,25.0,1,20.0,1.5,0,server-3,http://127.0.0.1:8003,1.0,False,server-3,233.512,233.512,True,200,NORMAL,,11437.5075079,11437.7410194
p12_exp_20_cpu_ml_unseen,phase12,cpu_heavy,cpu_heavy,ml,unseen_configuration,test_unseen,False,61,p12_exp_20_cpu_ml_unseen_5,1788873321.6766047,process,0.095,8,0.0,15.0,25.0,0,20.0,1.5,0,15.0,25.0,0,20.0,1.5,0,15.0,25.0,1,20.0,1.5,0,server-3,http://127.0.0.1:8003,1.0,False,server-3,254.28,254.28,True,200,NORMAL,,11437.5097956,11437.7640753
p12_exp_20_cpu_ml_unseen,phase12,cpu_heavy,cpu_heavy,ml,unseen_configuration,test_unseen,False,61,p12_exp_20_cpu_ml_unseen_6,1788873321.6766047,process,0.095,8,0.0,15.0,25.0,0,20.0,1.5,0,15.0,25.0,0,20.0,1.5,0,15.0,25.0,1,20.0,1.5,0,server-3,http://127.0.0.1:8003,1.0,False,server-3,293.039,293.039,True,200,NORMAL,,11437.5113509,11437.80439
p12_exp_20_cpu_ml_unseen,phase12,cpu_heavy,cpu_heavy,ml,unseen_configuration,test_unseen,False,61,p12_exp_20_cpu_ml_unseen_7,1788873321.6766047,process,0.095,8,0.0,15.0,25.0,0,20.0,1.5,0,15.0,25.0,0,20.0,1.5,0,15.0,25.0,1,20.0,1.5,0,server-3,http://127.0.0.1:8003,1.0,False,server-3,303.759,303.759,True,200,NORMAL,,11437.5133639,11437.8171225
p12_exp_20_cpu_ml_unseen,phase12,cpu_heavy,cpu_heavy,ml,unseen_configuration,test_unseen,False,61,p12_exp_20_cpu_ml_unseen_8,1788873321.6851008,process,0.095,8,0.0,15.0,25.0,0,20.0,1.5,0,15.0,25.0,0,20.0,1.5,0,15.0,25.0,1,20.0,1.5,0,server-3,http://127.0.0.1:8003,1.0,False,server-3,332.64,332.64,True,200,NORMAL,,11437.5157308,11437.8483707
p12_exp_20_cpu_ml_unseen,phase12,cpu_heavy,cpu_heavy,ml,unseen_configuration,test_unseen,False,61,p12_exp_20_cpu_ml_unseen_9,1788873321.831077,process,0.095,8,0.0,15.0,25.0,0,20.0,1.5,0,15.0,25.0,0,20.0,1.5,0,15.0,25.0,1,20.0,1.5,0,server-3,http://127.0.0.1:8003,1.0,False,server-3,198.809,198.809,True,200,NORMAL,,11437.6625063,11437.8613157
p12_exp_20_cpu_ml_unseen,phase12,cpu_heavy,cpu_heavy,ml,unseen_configuration,test_unseen,False,61,p12_exp_20_cpu_ml_unseen_10,1788873321.8480723,process,0.095,8,0.0,15.0,25.0,0,20.0,1.5,0,15.0,25.0,0,20.0,1.5,0,15.0,25.0,1,20.0,1.5,0,server-3,http://127.0.0.1:8003,1.0,False,server-3,199.555,199.555,True,200,NORMAL,,11437.6791505,11437.878706
p12_exp_20_cpu_ml_unseen,phase12,cpu_heavy,cpu_heavy,ml,unseen_configuration,test_unseen,False,61,p12_exp_20_cpu_ml_unseen_11,1788873321.8979068,process,0.095,8,0.0,15.0,25.0,0,20.0,1.5,0,15.0,25.0,0,20.0,1.5,0,15.0,25.0,1,20.0,1.5,0,server-3,http://127.0.0.1:8003,1.0,False,server-3,164.683,164.683,True,200,NORMAL,,11437.7295044,11437.8941874
p12_exp_20_cpu_ml_unseen,phase12,cpu_heavy,cpu_heavy,ml,unseen_configuration,test_unseen,False,61,p12_exp_20_cpu_ml_unseen_12,1788873321.9101272,process,0.095,8,0.0,15.0,25.0,0,20.0,1.5,0,15.0,25.0,0,20.0,1.5,0,15.0,25.0,1,20.0,1.5,0,server-3,http://127.0.0.1:8003,1.0,False,server-3,162.174,162.174,True,200,NORMAL,,11437.7410654,11437.9032389
p12_exp_20_cpu_ml_unseen,phase12,cpu_heavy,cpu_heavy,ml,unseen_configuration,test_unseen,False,61,p12_exp_20_cpu_ml_unseen_13,1788873321.932999,process,0.095,8,0.0,15.0,25.0,0,20.0,1.5,0,15.0,25.0,0,20.0,1.5,0,15.0,25.0,1,20.0,1.5,0,server-3,http://127.0.0.1:8003,1.0,False,server-3,156.11,156.11,True,200,NORMAL,,11437.7641238,11437.920234
p12_exp_20_cpu_ml_unseen,phase12,cpu_heavy,cpu_heavy,ml,unseen_configuration,test_unseen,False,61,p12_exp_20_cpu_ml_unseen_14,1788873321.9735806,process,0.095,8,0.0,15.0,25.0,0,20.0,1.5,0,15.0,25.0,0,20.0,1.5,0,15.0,25.0,1,20.0,1.5,0,server-3,http://127.0.0.1:8003,1.0,False,server-3,153.039,153.039,True,200,NORMAL,,11437.8044402,11437.9574796
p12_exp_20_cpu_ml_unseen,phase12,cpu_heavy,cpu_heavy,ml,unseen_configuration,test_unseen,False,61,p12_exp_20_cpu_ml_unseen_15,1788873321.9866345,process,0.095,8,0.0,15.0,25.0,0,20.0,1.5,0,15.0,25.0,0,20.0,1.5,0,15.0,25.0,1,20.0,1.5,0,server-3,http://127.0.0.1:8003,1.0,False,server-3,176.562,176.562,True,200,NORMAL,,11437.8171782,11437.99374
p12_exp_20_cpu_ml_unseen,phase12,cpu_heavy,cpu_heavy,ml,unseen_configuration,test_unseen,False,61,p12_exp_20_cpu_ml_unseen_16,1788873322.0177956,process,0.095,8,0.0,15.0,25.0,0,20.0,1.5,0,15.0,25.0,0,20.0,1.5,0,15.0,25.0,1,20.0,1.5,0,server-3,http://127.0.0.1:8003,1.0,False,server-3,162.025,162.025,True,200,NORMAL,,11437.8484285,11438.010453
p12_exp_20_cpu_ml_unseen,phase12,cpu_heavy,cpu_heavy,ml,unseen_configuration,test_unseen,False,61,p12_exp_20_cpu_ml_unseen_17,1788873322.0306172,process,0.095,8,0.0,15.0,25.0,0,20.0,1.5,0,15.0,25.0,0,20.0,1.5,0,15.0,25.0,1,20.0,1.5,0,server-3,http://127.0.0.1:8003,1.0,False,server-3,158.561,158.561,True,200,NORMAL,,11437.8613608,11438.0199221
p12_exp_20_cpu_ml_unseen,phase12,cpu_heavy,cpu_heavy,ml,unseen_configuration,test_unseen,False,61,p12_exp_20_cpu_ml_unseen_18,1788873322.0481255,process,0.095,8,0.0,15.0,25.0,0,20.0,1.5,0,15.0,25.0,0,20.0,1.5,0,15.0,25.0,1,20.0,1.5,0,server-3,http://127.0.0.1:8003,1.0,False,server-3,152.778,152.778,True,200,NORMAL,,11437.8787576,11438.0315352
p12_exp_20_cpu_ml_unseen,phase12,cpu_heavy,cpu_heavy,ml,unseen_configuration,test_unseen,False,61,p12_exp_20_cpu_ml_unseen_19,1788873322.063327,process,0.095,8,0.0,15.0,25.0,0,20.0,1.5,0,15.0,25.0,0,20.0,1.5,0,15.0,25.0,1,20.0,1.5,0,server-3,http://127.0.0.1:8003,1.0,False,server-3,148.907,148.907,True,200,NORMAL,,11437.8942442,11438.0431516
p12_exp_20_cpu_ml_unseen,phase12,cpu_heavy,cpu_heavy,ml,unseen_configuration,test_unseen,False,61,p12_exp_20_cpu_ml_unseen_20,1788873322.0726426,process,0.095,8,0.0,15.0,25.0,0,20.0,1.5,0,15.0,25.0,0,20.0,1.5,0,15.0,25.0,1,20.0,1.5,0,server-3,http://127.0.0.1:8003,1.0,False,server-3,152.238,152.238,True,200,NORMAL,,11437.9032829,11438.0555208
p12_exp_20_cpu_ml_unseen,phase12,cpu_heavy,cpu_heavy,ml,unseen_configuration,test_unseen,False,61,p12_exp_20_cpu_ml_unseen_21,1788873322.089414,process,0.095,8,0.0,15.0,25.0,0,20.0,1.5,0,15.0,25.0,0,20.0,1.5,0,15.0,25.0,1,20.0,1.5,0,server-3,http://127.0.0.1:8003,1.0,False,server-3,148.52,148.52,True,200,NORMAL,,11437.9202947,11438.0688151
p12_exp_20_cpu_ml_unseen,phase12,cpu_heavy,cpu_heavy,ml,unseen_configuration,test_unseen,False,61,p12_exp_20_cpu_ml_unseen_22,1788873322.126514,process,0.095,8,0.0,15.0,25.0,0,20.0,1.5,0,15.0,25.0,0,20.0,1.5,0,15.0,25.0,1,20.0,1.5,0,server-3,http://127.0.0.1:8003,1.0,False,server-3,121.988,121.988,True,200,NORMAL,,11437.9575385,11438.0795269
p12_exp_20_cpu_ml_unseen,phase12,cpu_heavy,cpu_heavy,ml,unseen_configuration,test_unseen,False,61,p12_exp_20_cpu_ml_unseen_23,1788873322.1630125,process,0.095,8,0.0,15.0,25.0,0,20.0,1.5,0,15.0,25.0,0,20.0,1.5,0,15.0,25.0,1,20.0,1.5,0,server-3,http://127.0.0.1:8003,1.0,False,server-3,115.031,115.031,True,200,NORMAL,,11437.9937957,11438.1088271
p12_exp_20_cpu_ml_unseen,phase12,cpu_heavy,cpu_heavy,ml,unseen_configuration,test_unseen,False,61,p12_exp_20_cpu_ml_unseen_24,1788873322.1798427,process,0.095,8,0.0,15.0,25.0,0,20.0,1.5,0,15.0,25.0,0,20.0,1.5,0,15.0,25.0,1,20.0,1.5,0,server-3,http://127.0.0.1:8003,1.0,False,server-3,118.494,118.494,True,200,NORMAL,,11438.0105021,11438.1289962
p12_exp_20_cpu_ml_unseen,phase12,cpu_heavy,cpu_heavy,ml,unseen_configuration,test_unseen,False,61,p12_exp_20_cpu_ml_unseen_25,1788873322.189318,process,0.095,8,0.0,15.0,25.0,0,20.0,1.5,0,15.0,25.0,0,20.0,1.5,0,15.0,25.0,1,20.0,1.5,0,server-3,http://127.0.0.1:8003,1.0,False,server-3,122.209,122.209,True,200,NORMAL,,11438.0199677,11438.1421771
p12_exp_20_cpu_ml_unseen,phase12,cpu_heavy,cpu_heavy,ml,unseen_configuration,test_unseen,False,61,p12_exp_20_cpu_ml_unseen_26,1788873322.1999512,process,0.095,8,0.0,15.0,25.0,0,20.0,1.5,0,15.0,25.0,0,20.0,1.5,0,15.0,25.0,1,20.0,1.5,0,server-3,http://127.0.0.1:8003,1.0,False,server-3,124.543,124.543,True,200,NORMAL,,11438.031589,11438.1561317
p12_exp_20_cpu_ml_unseen,phase12,cpu_heavy,cpu_heavy,ml,unseen_configuration,test_unseen,False,61,p12_exp_20_cpu_ml_unseen_27,1788873322.2121456,process,0.095,8,0.0,15.0,25.0,0,20.0,1.5,0,15.0,25.0,0,20.0,1.5,0,15.0,25.0,1,20.0,1.5,0,server-3,http://127.0.0.1:8003,1.0,False,server-3,125.732,125.732,True,200,NORMAL,,11438.0432022,11438.1689341
p12_exp_20_cpu_ml_unseen,phase12,cpu_heavy,cpu_heavy,ml,unseen_configuration,test_unseen,False,61,p12_exp_20_cpu_ml_unseen_28,1788873322.2249289,process,0.095,8,0.0,15.0,25.0,0,20.0,1.5,0,15.0,25.0,0,20.0,1.5,0,15.0,25.0,1,20.0,1.5,0,server-3,http://127.0.0.1:8003,1.0,False,server-3,125.901,125.901,True,200,NORMAL,,11438.0555676,11438.1814689
p12_exp_20_cpu_ml_unseen,phase12,cpu_heavy,cpu_heavy,ml,unseen_configuration,test_unseen,False,61,p12_exp_20_cpu_ml_unseen_29,1788873322.2383158,process,0.095,8,0.0,15.0,25.0,0,20.0,1.5,0,15.0,25.0,0,20.0,1.5,0,15.0,25.0,1,20.0,1.5,0,server-3,http://127.0.0.1:8003,1.0,False,server-3,153.78,153.78,True,200,NORMAL,,11438.0688648,11438.2226451
p12_exp_20_cpu_ml_unseen,phase12,cpu_heavy,cpu_heavy,ml,unseen_configuration,test_unseen,False,61,p12_exp_20_cpu_ml_unseen_30,1788873322.2476816,process,0.095,8,0.0,15.0,25.0,0,20.0,1.5,0,15.0,25.0,0,20.0,1.5,0,15.0,25.0,1,20.0,1.5,0,server-3,http://127.0.0.1:8003,1.0,False,server-3,175.263,175.263,True,200,NORMAL,,11438.0795767,11438.2548395
p12_exp_20_cpu_ml_unseen,phase12,cpu_heavy,cpu_heavy,ml,unseen_configuration,test_unseen,False,61,p12_exp_20_cpu_ml_unseen_31,1788873322.2781427,process,0.095,8,0.0,15.0,25.0,0,20.0,1.5,0,15.0,25.0,0,20.0,1.5,0,15.0,25.0,1,20.0,1.5,0,server-3,http://127.0.0.1:8003,1.0,False,server-3,158.023,158.023,True,200,NORMAL,,11438.1088912,11438.2669145
p12_exp_20_cpu_ml_unseen,phase12,cpu_heavy,cpu_heavy,ml,unseen_configuration,test_unseen,False,61,p12_exp_20_cpu_ml_unseen_32,1788873322.298344,process,0.095,8,0.0,15.0,25.0,0,20.0,1.5,0,15.0,25.0,0,20.0,1.5,0,15.0,25.0,1,20.0,1.5,0,server-3,http://127.0.0.1:8003,1.0,False,server-3,151.122,151.122,True,200,NORMAL,,11438.1290474,11438.2801697
p12_exp_20_cpu_ml_unseen,phase12,cpu_heavy,cpu_heavy,ml,unseen_configuration,test_unseen,False,61,p12_exp_20_cpu_ml_unseen_33,1788873322.3114097,process,0.095,8,0.0,15.0,25.0,0,20.0,1.5,0,15.0,25.0,0,20.0,1.5,0,15.0,25.0,1,20.0,1.5,0,server-3,http://127.0.0.1:8003,1.0,False,server-3,148.559,148.559,True,200,NORMAL,,11438.1422299,11438.2907891
p12_exp_20_cpu_ml_unseen,phase12,cpu_heavy,cpu_heavy,ml,unseen_configuration,test_unseen,False,61,p12_exp_20_cpu_ml_unseen_34,1788873322.3255382,process,0.095,8,0.0,15.0,25.0,0,20.0,1.5,0,15.0,25.0,0,20.0,1.5,0,15.0,25.0,1,20.0,1.5,0,server-3,http://127.0.0.1:8003,1.0,False,server-3,146.241,146.241,True,200,NORMAL,,11438.1561815,11438.3024226
p12_exp_20_cpu_ml_unseen,phase12,cpu_heavy,cpu_heavy,ml,unseen_configuration,test_unseen,False,61,p12_exp_20_cpu_ml_unseen_35,1788873322.3380446,process,0.095,8,0.0,15.0,25.0,0,20.0,1.5,0,15.0,25.0,0,20.0,1.5,0,15.0,25.0,1,20.0,1.5,0,server-3,http://127.0.0.1:8003,1.0,False,server-3,144.055,144.055,True,200,NORMAL,,11438.169,11438.3130551
p12_exp_21_cpu_iphash_unseen,phase12,cpu_heavy,cpu_heavy,ip_hash,unseen_configuration,test_unseen,False,62,p12_exp_21_cpu_iphash_unseen_1,1788873323.6427846,process,0.1,9,0.0,15.0,25.0,1,20.0,1.5,0,15.0,25.0,0,20.0,1.5,0,15.0,25.0,0,20.0,1.5,0,server-1,,,False,server-1,134.379,134.379,True,200,NORMAL,,11439.474716,11439.6090947
p12_exp_21_cpu_iphash_unseen,phase12,cpu_heavy,cpu_heavy,ip_hash,unseen_configuration,test_unseen,False,62,p12_exp_21_cpu_iphash_unseen_2,1788873323.6427846,process,0.1,9,0.0,15.0,25.0,1,20.0,1.5,0,15.0,25.0,0,20.0,1.5,0,15.0,25.0,0,20.0,1.5,0,server-1,,,False,server-1,117.945,117.945,True,200,NORMAL,,11439.4759585,11439.5939039
p12_exp_21_cpu_iphash_unseen,phase12,cpu_heavy,cpu_heavy,ip_hash,unseen_configuration,test_unseen,False,62,p12_exp_21_cpu_iphash_unseen_3,1788873323.6427846,process,0.1,9,0.0,15.0,25.0,1,20.0,1.5,0,15.0,25.0,0,20.0,1.5,0,15.0,25.0,0,20.0,1.5,0,server-1,,,False,server-1,122.824,122.824,True,200,NORMAL,,11439.4772654,11439.6000898
p12_exp_21_cpu_iphash_unseen,phase12,cpu_heavy,cpu_heavy,ip_hash,unseen_configuration,test_unseen,False,62,p12_exp_21_cpu_iphash_unseen_4,1788873323.6427846,process,0.1,9,0.0,15.0,25.0,1,20.0,1.5,0,15.0,25.0,0,20.0,1.5,0,15.0,25.0,0,20.0,1.5,0,server-1,,,False,server-1,132.275,132.275,True,200,NORMAL,,11439.4786207,11439.6108961
p12_exp_21_cpu_iphash_unseen,phase12,cpu_heavy,cpu_heavy,ip_hash,unseen_configuration,test_unseen,False,62,p12_exp_21_cpu_iphash_unseen_5,1788873323.6427846,process,0.1,9,0.0,15.0,25.0,1,20.0,1.5,0,15.0,25.0,0,20.0,1.5,0,15.0,25.0,0,20.0,1.5,0,server-1,,,False,server-1,155.59,155.59,True,200,NORMAL,,11439.4798689,11439.6354584
p12_exp_21_cpu_iphash_unseen,phase12,cpu_heavy,cpu_heavy,ip_hash,unseen_configuration,test_unseen,False,62,p12_exp_21_cpu_iphash_unseen_6,1788873323.6507297,process,0.1,9,0.0,15.0,25.0,1,20.0,1.5,0,15.0,25.0,0,20.0,1.5,0,15.0,25.0,0,20.0,1.5,0,server-1,,,False,server-1,137.221,137.221,True,200,NORMAL,,11439.4816466,11439.6188673
p12_exp_21_cpu_iphash_unseen,phase12,cpu_heavy,cpu_heavy,ip_hash,unseen_configuration,test_unseen,False,62,p12_exp_21_cpu_iphash_unseen_7,1788873323.6519182,process,0.1,9,0.0,15.0,25.0,1,20.0,1.5,0,15.0,25.0,0,20.0,1.5,0,15.0,25.0,0,20.0,1.5,0,server-1,,,False,server-1,140.679,140.679,True,200,NORMAL,,11439.4833425,11439.6240219
p12_exp_21_cpu_iphash_unseen,phase12,cpu_heavy,cpu_heavy,ip_hash,unseen_configuration,test_unseen,False,62,p12_exp_21_cpu_iphash_unseen_8,1788873323.6541011,process,0.1,9,0.0,15.0,25.0,1,20.0,1.5,0,15.0,25.0,0,20.0,1.5,0,15.0,25.0,0,20.0,1.5,0,server-1,,,False,server-1,142.924,142.924,True,200,NORMAL,,11439.4851717,11439.6280954
p12_exp_21_cpu_iphash_unseen,phase12,cpu_heavy,cpu_heavy,ip_hash,unseen_configuration,test_unseen,False,62,p12_exp_21_cpu_iphash_unseen_9,1788873323.6541011,process,0.1,9,0.0,15.0,25.0,1,20.0,1.5,0,15.0,25.0,0,20.0,1.5,0,15.0,25.0,0,20.0,1.5,0,server-1,,,False,server-1,140.574,140.574,True,200,NORMAL,,11439.4903694,11439.6309432
p12_exp_21_cpu_iphash_unseen,phase12,cpu_heavy,cpu_heavy,ip_hash,unseen_configuration,test_unseen,False,62,p12_exp_21_cpu_iphash_unseen_10,1788873323.7629669,process,0.1,9,0.0,15.0,25.0,1,20.0,1.5,0,15.0,25.0,0,20.0,1.5,0,15.0,25.0,0,20.0,1.5,0,server-1,,,False,server-1,126.565,126.565,True,200,NORMAL,,11439.5940156,11439.7205807
p12_exp_21_cpu_iphash_unseen,phase12,cpu_heavy,cpu_heavy,ip_hash,unseen_configuration,test_unseen,False,62,p12_exp_21_cpu_iphash_unseen_11,1788873323.7694669,process,0.1,9,0.0,15.0,25.0,1,20.0,1.5,0,15.0,25.0,0,20.0,1.5,0,15.0,25.0,0,20.0,1.5,0,server-1,,,False,server-1,137.816,137.816,True,200,NORMAL,,11439.6002264,11439.7380427
p12_exp_21_cpu_iphash_unseen,phase12,cpu_heavy,cpu_heavy,ip_hash,unseen_configuration,test_unseen,False,62,p12_exp_21_cpu_iphash_unseen_12,1788873323.7783,process,0.1,9,0.0,15.0,25.0,1,20.0,1.5,0,15.0,25.0,0,20.0,1.5,0,15.0,25.0,0,20.0,1.5,0,server-1,,,False,server-1,136.899,136.899,True,200,NORMAL,,11439.6092005,11439.7460995
p12_exp_21_cpu_iphash_unseen,phase12,cpu_heavy,cpu_heavy,ip_hash,unseen_configuration,test_unseen,False,62,p12_exp_21_cpu_iphash_unseen_13,1788873323.7799213,process,0.1,9,0.0,15.0,25.0,1,20.0,1.5,0,15.0,25.0,0,20.0,1.5,0,15.0,25.0,0,20.0,1.5,0,server-1,,,False,server-1,123.905,123.905,True,200,NORMAL,,11439.6109829,11439.7348883
p12_exp_21_cpu_iphash_unseen,phase12,cpu_heavy,cpu_heavy,ip_hash,unseen_configuration,test_unseen,False,62,p12_exp_21_cpu_iphash_unseen_14,1788873323.7878828,process,0.1,9,0.0,15.0,25.0,1,20.0,1.5,0,15.0,25.0,0,20.0,1.5,0,15.0,25.0,0,20.0,1.5,0,server-1,,,False,server-1,128.575,128.575,True,200,NORMAL,,11439.6190097,11439.7475844
p12_exp_21_cpu_iphash_unseen,phase12,cpu_heavy,cpu_heavy,ip_hash,unseen_configuration,test_unseen,False,62,p12_exp_21_cpu_iphash_unseen_15,1788873323.7931423,process,0.1,9,0.0,15.0,25.0,1,20.0,1.5,0,15.0,25.0,0,20.0,1.5,0,15.0,25.0,0,20.0,1.5,0,server-1,,,False,server-1,127.67,127.67,True,200,NORMAL,,11439.6241274,11439.7517971
p12_exp_21_cpu_iphash_unseen,phase12,cpu_heavy,cpu_heavy,ip_hash,unseen_configuration,test_unseen,False,62,p12_exp_21_cpu_iphash_unseen_16,1788873323.7967267,process,0.1,9,0.0,15.0,25.0,1,20.0,1.5,0,15.0,25.0,0,20.0,1.5,0,15.0,25.0,0,20.0,1.5,0,server-1,,,False,server-1,131.79,131.79,True,200,NORMAL,,11439.6281931,11439.7599832
p12_exp_21_cpu_iphash_unseen,phase12,cpu_heavy,cpu_heavy,ip_hash,unseen_configuration,test_unseen,False,62,p12_exp_21_cpu_iphash_unseen_17,1788873323.7997985,process,0.1,9,0.0,15.0,25.0,1,20.0,1.5,0,15.0,25.0,0,20.0,1.5,0,15.0,25.0,0,20.0,1.5,0,server-1,,,False,server-1,130.973,130.973,True,200,NORMAL,,11439.6310476,11439.7620208
p12_exp_21_cpu_iphash_unseen,phase12,cpu_heavy,cpu_heavy,ip_hash,unseen_configuration,test_unseen,False,62,p12_exp_21_cpu_iphash_unseen_18,1788873323.8048315,process,0.1,9,0.0,15.0,25.0,1,20.0,1.5,0,15.0,25.0,0,20.0,1.5,0,15.0,25.0,0,20.0,1.5,0,server-1,,,False,server-1,131.143,131.143,True,200,NORMAL,,11439.6355817,11439.7667246
p12_exp_21_cpu_iphash_unseen,phase12,cpu_heavy,cpu_heavy,ip_hash,unseen_configuration,test_unseen,False,62,p12_exp_21_cpu_iphash_unseen_19,1788873323.8895736,process,0.1,9,0.0,15.0,25.0,1,20.0,1.5,0,15.0,25.0,0,20.0,1.5,0,15.0,25.0,0,20.0,1.5,0,server-1,,,False,server-1,125.797,125.797,True,200,NORMAL,,11439.7206408,11439.8464377
p12_exp_21_cpu_iphash_unseen,phase12,cpu_heavy,cpu_heavy,ip_hash,unseen_configuration,test_unseen,False,62,p12_exp_21_cpu_iphash_unseen_20,1788873323.904172,process,0.1,9,0.0,15.0,25.0,1,20.0,1.5,0,15.0,25.0,0,20.0,1.5,0,15.0,25.0,0,20.0,1.5,0,server-1,,,False,server-1,135.923,135.923,True,200,NORMAL,,11439.7349431,11439.8708666
p12_exp_21_cpu_iphash_unseen,phase12,cpu_heavy,cpu_heavy,ip_hash,unseen_configuration,test_unseen,False,62,p12_exp_21_cpu_iphash_unseen_21,1788873323.9069946,process,0.1,9,0.0,15.0,25.0,1,20.0,1.5,0,15.0,25.0,0,20.0,1.5,0,15.0,25.0,0,20.0,1.5,0,server-1,,,False,server-1,109.77,109.77,True,200,NORMAL,,11439.7381019,11439.8478724
p12_exp_21_cpu_iphash_unseen,phase12,cpu_heavy,cpu_heavy,ip_hash,unseen_configuration,test_unseen,False,62,p12_exp_21_cpu_iphash_unseen_22,1788873323.9151597,process,0.1,9,0.0,15.0,25.0,1,20.0,1.5,0,15.0,25.0,0,20.0,1.5,0,15.0,25.0,0,20.0,1.5,0,server-1,,,False,server-1,118.918,118.918,True,200,NORMAL,,11439.746163,11439.8650807
p12_exp_21_cpu_iphash_unseen,phase12,cpu_heavy,cpu_heavy,ip_hash,unseen_configuration,test_unseen,False,62,p12_exp_21_cpu_iphash_unseen_23,1788873323.916733,process,0.1,9,0.0,15.0,25.0,1,20.0,1.5,0,15.0,25.0,0,20.0,1.5,0,15.0,25.0,0,20.0,1.5,0,server-1,,,False,server-1,128.474,128.474,True,200,NORMAL,,11439.747634,11439.8761083
p12_exp_21_cpu_iphash_unseen,phase12,cpu_heavy,cpu_heavy,ip_hash,unseen_configuration,test_unseen,False,62,p12_exp_21_cpu_iphash_unseen_24,1788873323.920885,process,0.1,9,0.0,15.0,25.0,1,20.0,1.5,0,15.0,25.0,0,20.0,1.5,0,15.0,25.0,0,20.0,1.5,0,server-1,,,False,server-1,121.173,121.173,True,200,NORMAL,,11439.7519717,11439.8731442
p12_exp_21_cpu_iphash_unseen,phase12,cpu_heavy,cpu_heavy,ip_hash,unseen_configuration,test_unseen,False,62,p12_exp_21_cpu_iphash_unseen_25,1788873323.929315,process,0.1,9,0.0,15.0,25.0,1,20.0,1.5,0,15.0,25.0,0,20.0,1.5,0,15.0,25.0,0,20.0,1.5,0,server-1,,,False,server-1,122.108,122.108,True,200,NORMAL,,11439.7600773,11439.8821856
p12_exp_21_cpu_iphash_unseen,phase12,cpu_heavy,cpu_heavy,ip_hash,unseen_configuration,test_unseen,False,62,p12_exp_21_cpu_iphash_unseen_26,1788873323.9314048,process,0.1,9,0.0,15.0,25.0,1,20.0,1.5,0,15.0,25.0,0,20.0,1.5,0,15.0,25.0,0,20.0,1.5,0,server-1,,,False,server-1,118.312,118.312,True,200,NORMAL,,11439.7620828,11439.8803951
p12_exp_21_cpu_iphash_unseen,phase12,cpu_heavy,cpu_heavy,ip_hash,unseen_configuration,test_unseen,False,62,p12_exp_21_cpu_iphash_unseen_27,1788873323.935509,process,0.1,9,0.0,15.0,25.0,1,20.0,1.5,0,15.0,25.0,0,20.0,1.5,0,15.0,25.0,0,20.0,1.5,0,server-1,,,False,server-1,117.522,117.522,True,200,NORMAL,,11439.7667804,11439.8843026
p12_exp_21_cpu_iphash_unseen,phase12,cpu_heavy,cpu_heavy,ip_hash,unseen_configuration,test_unseen,False,62,p12_exp_21_cpu_iphash_unseen_28,1788873324.0154417,process,0.1,9,0.0,15.0,25.0,1,20.0,1.5,0,15.0,25.0,0,20.0,1.5,0,15.0,25.0,0,20.0,1.5,0,server-1,,,False,server-1,119.274,119.274,True,200,NORMAL,,11439.8464914,11439.9657653
p12_exp_21_cpu_iphash_unseen,phase12,cpu_heavy,cpu_heavy,ip_hash,unseen_configuration,test_unseen,False,62,p12_exp_21_cpu_iphash_unseen_29,1788873324.017145,process,0.1,9,0.0,15.0,25.0,1,20.0,1.5,0,15.0,25.0,0,20.0,1.5,0,15.0,25.0,0,20.0,1.5,0,server-1,,,False,server-1,106.881,106.881,True,200,NORMAL,,11439.8479264,11439.9548078
p12_exp_21_cpu_iphash_unseen,phase12,cpu_heavy,cpu_heavy,ip_hash,unseen_configuration,test_unseen,False,62,p12_exp_21_cpu_iphash_unseen_30,1788873324.0346327,process,0.1,9,0.0,15.0,25.0,1,20.0,1.5,0,15.0,25.0,0,20.0,1.5,0,15.0,25.0,0,20.0,1.5,0,server-1,,,False,server-1,120.052,120.052,True,200,NORMAL,,11439.8651773,11439.9852295
p12_exp_21_cpu_iphash_unseen,phase12,cpu_heavy,cpu_heavy,ip_hash,unseen_configuration,test_unseen,False,62,p12_exp_21_cpu_iphash_unseen_31,1788873324.040257,process,0.1,9,0.0,15.0,25.0,1,20.0,1.5,0,15.0,25.0,0,20.0,1.5,0,15.0,25.0,0,20.0,1.5,0,server-1,,,False,server-1,109.817,109.817,True,200,NORMAL,,11439.8709132,11439.9807304
p12_exp_21_cpu_iphash_unseen,phase12,cpu_heavy,cpu_heavy,ip_hash,unseen_configuration,test_unseen,False,62,p12_exp_21_cpu_iphash_unseen_32,1788873324.0423305,process,0.1,9,0.0,15.0,25.0,1,20.0,1.5,0,15.0,25.0,0,20.0,1.5,0,15.0,25.0,0,20.0,1.5,0,server-1,,,False,server-1,115.227,115.227,True,200,NORMAL,,11439.8732105,11439.9884379
p12_exp_21_cpu_iphash_unseen,phase12,cpu_heavy,cpu_heavy,ip_hash,unseen_configuration,test_unseen,False,62,p12_exp_21_cpu_iphash_unseen_33,1788873324.0455298,process,0.1,9,0.0,15.0,25.0,1,20.0,1.5,0,15.0,25.0,0,20.0,1.5,0,15.0,25.0,0,20.0,1.5,0,server-1,,,False,server-1,114.964,114.964,True,200,NORMAL,,11439.876158,11439.9911217
p12_exp_21_cpu_iphash_unseen,phase12,cpu_heavy,cpu_heavy,ip_hash,unseen_configuration,test_unseen,False,62,p12_exp_21_cpu_iphash_unseen_34,1788873324.049779,process,0.1,9,0.0,15.0,25.0,1,20.0,1.5,0,15.0,25.0,0,20.0,1.5,0,15.0,25.0,0,20.0,1.5,0,server-1,,,False,server-1,112.065,112.065,True,200,NORMAL,,11439.8804499,11439.9925152
p12_exp_21_cpu_iphash_unseen,phase12,cpu_heavy,cpu_heavy,ip_hash,unseen_configuration,test_unseen,False,62,p12_exp_21_cpu_iphash_unseen_35,1788873324.0512705,process,0.1,9,0.0,15.0,25.0,1,20.0,1.5,0,15.0,25.0,0,20.0,1.5,0,15.0,25.0,0,20.0,1.5,0,server-1,,,False,server-1,110.468,110.468,True,200,NORMAL,,11439.8822456,11439.9927131
p12_exp_22_mixed_rr_seen,phase12,mixed_workload,mixed_workload,round_robin,seen_configuration,train,False,63,p12_exp_22_mixed_rr_seen_1,1788873325.7090635,process,0.03,6,12.0,15.0,25.0,0,20.0,1.5,0,15.0,25.0,1,20.0,1.5,0,15.0,25.0,0,20.0,1.5,0,server-2,,,False,server-2,61.715,61.715,True,200,NORMAL,,11441.5407766,11441.6024915
p12_exp_22_mixed_rr_seen,phase12,mixed_workload,mixed_workload,round_robin,seen_configuration,train,False,63,p12_exp_22_mixed_rr_seen_2,1788873325.7941332,process,0.03,6,12.0,15.0,25.0,0,20.0,1.5,0,15.0,25.0,0,20.0,1.5,0,15.0,25.0,1,20.0,1.5,0,server-3,,,False,server-3,73.127,73.127,True,200,NORMAL,,11441.6248805,11441.6980072
p12_exp_22_mixed_rr_seen,phase12,mixed_workload,mixed_workload,round_robin,seen_configuration,train,False,63,p12_exp_22_mixed_rr_seen_3,1788873325.8781545,process,0.03,6,12.0,15.0,25.0,1,20.0,1.5,0,15.0,25.0,0,20.0,1.5,0,15.0,25.0,0,20.0,1.5,0,server-1,,,False,server-1,42.147,42.147,True,200,NORMAL,,11441.7088027,11441.75095
p12_exp_22_mixed_rr_seen,phase12,mixed_workload,mixed_workload,round_robin,seen_configuration,train,False,63,p12_exp_22_mixed_rr_seen_4,1788873325.961733,process,0.03,6,12.0,15.0,25.0,0,20.0,1.5,0,15.0,25.0,1,20.0,1.5,0,15.0,25.0,0,20.0,1.5,0,server-2,,,False,server-2,38.107,38.107,True,200,NORMAL,,11441.7924267,11441.8305341
p12_exp_22_mixed_rr_seen,phase12,mixed_workload,mixed_workload,round_robin,seen_configuration,train,False,63,p12_exp_22_mixed_rr_seen_5,1788873326.0454192,process,0.03,6,12.0,15.0,25.0,0,20.0,1.5,0,15.0,25.0,0,20.0,1.5,0,15.0,25.0,1,20.0,1.5,0,server-3,,,False,server-3,68.329,68.329,True,200,NORMAL,,11441.8761148,11441.9444438
p12_exp_22_mixed_rr_seen,phase12,mixed_workload,mixed_workload,round_robin,seen_configuration,train,False,63,p12_exp_22_mixed_rr_seen_6,1788873326.129302,process,0.03,6,12.0,15.0,25.0,1,20.0,1.5,0,15.0,25.0,0,20.0,1.5,0,15.0,25.0,0,20.0,1.5,0,server-1,,,False,server-1,60.873,60.873,True,200,NORMAL,,11441.9601261,11442.0209988
p12_exp_22_mixed_rr_seen,phase12,mixed_workload,mixed_workload,round_robin,seen_configuration,train,False,63,p12_exp_22_mixed_rr_seen_7,1788873326.213259,process,0.03,6,12.0,15.0,25.0,0,20.0,1.5,0,15.0,25.0,1,20.0,1.5,0,15.0,25.0,0,20.0,1.5,0,server-2,,,False,server-2,71.331,71.331,True,200,NORMAL,,11442.0439579,11442.1152891
p12_exp_22_mixed_rr_seen,phase12,mixed_workload,mixed_workload,round_robin,seen_configuration,train,False,63,p12_exp_22_mixed_rr_seen_8,1788873326.2969658,process,0.03,6,12.0,15.0,25.0,0,20.0,1.5,0,15.0,25.0,0,20.0,1.5,0,15.0,25.0,1,20.0,1.5,0,server-3,,,False,server-3,37.255,37.255,True,200,NORMAL,,11442.1277165,11442.1649719
p12_exp_22_mixed_rr_seen,phase12,mixed_workload,mixed_workload,round_robin,seen_configuration,train,False,63,p12_exp_22_mixed_rr_seen_9,1788873326.380716,process,0.03,6,12.0,15.0,25.0,1,20.0,1.5,0,15.0,25.0,0,20.0,1.5,0,15.0,25.0,0,20.0,1.5,0,server-1,,,False,server-1,61.587,61.587,True,200,NORMAL,,11442.2114571,11442.2730441
p12_exp_22_mixed_rr_seen,phase12,mixed_workload,mixed_workload,round_robin,seen_configuration,train,False,63,p12_exp_22_mixed_rr_seen_10,1788873326.4642465,process,0.03,6,12.0,15.0,25.0,0,20.0,1.5,0,15.0,25.0,1,20.0,1.5,0,15.0,25.0,0,20.0,1.5,0,server-2,,,False,server-2,68.025,68.025,True,200,NORMAL,,11442.2949992,11442.3630238
p12_exp_22_mixed_rr_seen,phase12,mixed_workload,mixed_workload,round_robin,seen_configuration,train,False,63,p12_exp_22_mixed_rr_seen_11,1788873326.5479195,process,0.03,6,12.0,15.0,25.0,0,20.0,1.5,0,15.0,25.0,0,20.0,1.5,0,15.0,25.0,1,20.0,1.5,0,server-3,,,False,server-3,51.078,51.078,True,200,NORMAL,,11442.3787102,11442.4297878
p12_exp_22_mixed_rr_seen,phase12,mixed_workload,mixed_workload,round_robin,seen_configuration,train,False,63,p12_exp_22_mixed_rr_seen_12,1788873326.631998,process,0.03,6,12.0,15.0,25.0,1,20.0,1.5,0,15.0,25.0,0,20.0,1.5,0,15.0,25.0,0,20.0,1.5,0,server-1,,,False,server-1,59.48,59.48,True,200,NORMAL,,11442.4626321,11442.5221118
p12_exp_22_mixed_rr_seen,phase12,mixed_workload,mixed_workload,round_robin,seen_configuration,train,False,63,p12_exp_22_mixed_rr_seen_13,1788873326.715547,process,0.03,6,12.0,15.0,25.0,0,20.0,1.5,0,15.0,25.0,1,20.0,1.5,0,15.0,25.0,0,20.0,1.5,0,server-2,,,False,server-2,59.993,59.993,True,200,NORMAL,,11442.5462463,11442.6062392
p12_exp_22_mixed_rr_seen,phase12,mixed_workload,mixed_workload,round_robin,seen_configuration,train,False,63,p12_exp_22_mixed_rr_seen_14,1788873326.7991457,process,0.03,6,12.0,15.0,25.0,0,20.0,1.5,0,15.0,25.0,0,20.0,1.5,0,15.0,25.0,1,20.0,1.5,0,server-3,,,False,server-3,60.299,60.299,True,200,NORMAL,,11442.6299386,11442.690238
p12_exp_22_mixed_rr_seen,phase12,mixed_workload,mixed_workload,round_robin,seen_configuration,train,False,63,p12_exp_22_mixed_rr_seen_15,1788873326.882851,process,0.03,6,12.0,15.0,25.0,1,20.0,1.5,0,15.0,25.0,0,20.0,1.5,0,15.0,25.0,0,20.0,1.5,0,server-1,,,False,server-1,70.225,70.225,True,200,NORMAL,,11442.7136436,11442.7838683
p12_exp_22_mixed_rr_seen,phase12,mixed_workload,mixed_workload,round_robin,seen_configuration,train,False,63,p12_exp_22_mixed_rr_seen_16,1788873326.9668603,process,0.03,6,12.0,15.0,25.0,0,20.0,1.5,0,15.0,25.0,1,20.0,1.5,0,15.0,25.0,0,20.0,1.5,0,server-2,,,False,server-2,67.48,67.48,True,200,NORMAL,,11442.7975827,11442.8650631
p12_exp_22_mixed_rr_seen,phase12,mixed_workload,mixed_workload,round_robin,seen_configuration,train,False,63,p12_exp_22_mixed_rr_seen_17,1788873327.050873,process,0.03,6,12.0,15.0,25.0,0,20.0,1.5,0,15.0,25.0,0,20.0,1.5,0,15.0,25.0,1,20.0,1.5,0,server-3,,,False,server-3,62.452,62.452,True,200,NORMAL,,11442.8814196,11442.9438713
p12_exp_22_mixed_rr_seen,phase12,mixed_workload,mixed_workload,round_robin,seen_configuration,train,False,63,p12_exp_22_mixed_rr_seen_18,1788873327.1343546,process,0.03,6,12.0,15.0,25.0,1,20.0,1.5,0,15.0,25.0,0,20.0,1.5,0,15.0,25.0,0,20.0,1.5,0,server-1,,,False,server-1,59.859,59.859,True,200,NORMAL,,11442.9650667,11443.024926
p12_exp_22_mixed_rr_seen,phase12,mixed_workload,mixed_workload,round_robin,seen_configuration,train,False,63,p12_exp_22_mixed_rr_seen_19,1788873327.2181122,process,0.03,6,12.0,15.0,25.0,0,20.0,1.5,0,15.0,25.0,1,20.0,1.5,0,15.0,25.0,0,20.0,1.5,0,server-2,,,False,server-2,58.089,58.089,True,200,NORMAL,,11443.0488108,11443.1069
p12_exp_22_mixed_rr_seen,phase12,mixed_workload,mixed_workload,round_robin,seen_configuration,train,False,63,p12_exp_22_mixed_rr_seen_20,1788873327.3017428,process,0.03,6,12.0,15.0,25.0,0,20.0,1.5,0,15.0,25.0,0,20.0,1.5,0,15.0,25.0,1,20.0,1.5,0,server-3,,,False,server-3,67.688,67.688,True,200,NORMAL,,11443.1324605,11443.2001484
p12_exp_22_mixed_rr_seen,phase12,mixed_workload,mixed_workload,round_robin,seen_configuration,train,False,63,p12_exp_22_mixed_rr_seen_21,1788873327.385609,process,0.03,6,12.0,15.0,25.0,1,20.0,1.5,0,15.0,25.0,0,20.0,1.5,0,15.0,25.0,0,20.0,1.5,0,server-1,,,False,server-1,38.519,38.519,True,200,NORMAL,,11443.2163323,11443.2548517
p12_exp_22_mixed_rr_seen,phase12,mixed_workload,mixed_workload,round_robin,seen_configuration,train,False,63,p12_exp_22_mixed_rr_seen_22,1788873327.4692836,process,0.03,6,12.0,15.0,25.0,0,20.0,1.5,0,15.0,25.0,1,20.0,1.5,0,15.0,25.0,0,20.0,1.5,0,server-2,,,False,server-2,54.381,54.381,True,200,NORMAL,,11443.3000386,11443.3544194
p12_exp_22_mixed_rr_seen,phase12,mixed_workload,mixed_workload,round_robin,seen_configuration,train,False,63,p12_exp_22_mixed_rr_seen_23,1788873327.5531778,process,0.03,6,12.0,15.0,25.0,0,20.0,1.5,0,15.0,25.0,0,20.0,1.5,0,15.0,25.0,1,20.0,1.5,0,server-3,,,False,server-3,76.876,76.876,True,200,NORMAL,,11443.3839183,11443.4607947
p12_exp_22_mixed_rr_seen,phase12,mixed_workload,mixed_workload,round_robin,seen_configuration,train,False,63,p12_exp_22_mixed_rr_seen_24,1788873327.6370494,process,0.03,6,12.0,15.0,25.0,1,20.0,1.5,0,15.0,25.0,0,20.0,1.5,0,15.0,25.0,0,20.0,1.5,0,server-1,,,False,server-1,50.534,50.534,True,200,NORMAL,,11443.4678433,11443.5183772
p12_exp_22_mixed_rr_seen,phase12,mixed_workload,mixed_workload,round_robin,seen_configuration,train,False,63,p12_exp_22_mixed_rr_seen_25,1788873327.7207477,process,0.03,6,12.0,15.0,25.0,0,20.0,1.5,0,15.0,25.0,1,20.0,1.5,0,15.0,25.0,0,20.0,1.5,0,server-2,,,False,server-2,63.654,63.654,True,200,NORMAL,,11443.551465,11443.6151192
p12_exp_22_mixed_rr_seen,phase12,mixed_workload,mixed_workload,round_robin,seen_configuration,train,False,63,p12_exp_22_mixed_rr_seen_26,1788873327.8046486,process,0.03,6,12.0,15.0,25.0,0,20.0,1.5,0,15.0,25.0,0,20.0,1.5,0,15.0,25.0,1,20.0,1.5,0,server-3,,,False,server-3,48.995,48.995,True,200,NORMAL,,11443.6355545,11443.6845492
p12_exp_22_mixed_rr_seen,phase12,mixed_workload,mixed_workload,round_robin,seen_configuration,train,False,63,p12_exp_22_mixed_rr_seen_27,1788873327.8883808,process,0.03,6,12.0,15.0,25.0,1,20.0,1.5,0,15.0,25.0,0,20.0,1.5,0,15.0,25.0,0,20.0,1.5,0,server-1,,,False,server-1,63.359,63.359,True,200,NORMAL,,11443.7190926,11443.7824512
p12_exp_22_mixed_rr_seen,phase12,mixed_workload,mixed_workload,round_robin,seen_configuration,train,False,63,p12_exp_22_mixed_rr_seen_28,1788873327.971939,process,0.03,6,12.0,15.0,25.0,0,20.0,1.5,0,15.0,25.0,1,20.0,1.5,0,15.0,25.0,0,20.0,1.5,0,server-2,,,False,server-2,41.917,41.917,True,200,NORMAL,,11443.802693,11443.8446102
p12_exp_22_mixed_rr_seen,phase12,mixed_workload,mixed_workload,round_robin,seen_configuration,train,False,63,p12_exp_22_mixed_rr_seen_29,1788873328.0556796,process,0.03,6,12.0,15.0,25.0,0,20.0,1.5,0,15.0,25.0,0,20.0,1.5,0,15.0,25.0,1,20.0,1.5,0,server-3,,,False,server-3,63.049,63.049,True,200,NORMAL,,11443.8864919,11443.9495413
p12_exp_22_mixed_rr_seen,phase12,mixed_workload,mixed_workload,round_robin,seen_configuration,train,False,63,p12_exp_22_mixed_rr_seen_30,1788873328.1396468,process,0.03,6,12.0,15.0,25.0,1,20.0,1.5,0,15.0,25.0,0,20.0,1.5,0,15.0,25.0,0,20.0,1.5,0,server-1,,,False,server-1,57.038,57.038,True,200,NORMAL,,11443.9704368,11444.0274753
p12_exp_22_mixed_rr_seen,phase12,mixed_workload,mixed_workload,round_robin,seen_configuration,train,False,63,p12_exp_22_mixed_rr_seen_31,1788873328.2234817,process,0.03,6,12.0,15.0,25.0,0,20.0,1.5,0,15.0,25.0,1,20.0,1.5,0,15.0,25.0,0,20.0,1.5,0,server-2,,,False,server-2,60.652,60.652,True,200,NORMAL,,11444.0542664,11444.1149184
p12_exp_22_mixed_rr_seen,phase12,mixed_workload,mixed_workload,round_robin,seen_configuration,train,False,63,p12_exp_22_mixed_rr_seen_32,1788873328.3072088,process,0.03,6,12.0,15.0,25.0,0,20.0,1.5,0,15.0,25.0,0,20.0,1.5,0,15.0,25.0,1,20.0,1.5,0,server-3,,,False,server-3,58.566,58.566,True,200,NORMAL,,11444.1379445,11444.1965104
p12_exp_22_mixed_rr_seen,phase12,mixed_workload,mixed_workload,round_robin,seen_configuration,train,False,63,p12_exp_22_mixed_rr_seen_33,1788873328.3911562,process,0.03,6,12.0,15.0,25.0,1,20.0,1.5,0,15.0,25.0,0,20.0,1.5,0,15.0,25.0,0,20.0,1.5,0,server-1,,,False,server-1,47.333,47.333,True,200,NORMAL,,11444.2220766,11444.26941
p12_exp_22_mixed_rr_seen,phase12,mixed_workload,mixed_workload,round_robin,seen_configuration,train,False,63,p12_exp_22_mixed_rr_seen_34,1788873328.4749734,process,0.03,6,12.0,15.0,25.0,0,20.0,1.5,0,15.0,25.0,1,20.0,1.5,0,15.0,25.0,0,20.0,1.5,0,server-2,,,False,server-2,62.252,62.252,True,200,NORMAL,,11444.3057705,11444.3680222
p12_exp_22_mixed_rr_seen,phase12,mixed_workload,mixed_workload,round_robin,seen_configuration,train,False,63,p12_exp_22_mixed_rr_seen_35,1788873328.558929,process,0.03,6,12.0,15.0,25.0,0,20.0,1.5,0,15.0,25.0,0,20.0,1.5,0,15.0,25.0,1,20.0,1.5,0,server-3,,,False,server-3,70.939,70.939,True,200,NORMAL,,11444.3897306,11444.4606692
p12_exp_22_mixed_rr_seen,phase12,mixed_workload,mixed_workload,round_robin,seen_configuration,train,False,63,p12_exp_22_mixed_rr_seen_36,1788873328.6425822,process,0.03,6,12.0,15.0,25.0,1,20.0,1.5,0,15.0,25.0,0,20.0,1.5,0,15.0,25.0,0,20.0,1.5,0,server-1,,,False,server-1,39.605,39.605,True,200,NORMAL,,11444.4733442,11444.512949
p12_exp_22_mixed_rr_seen,phase12,mixed_workload,mixed_workload,round_robin,seen_configuration,train,False,63,p12_exp_22_mixed_rr_seen_37,1788873328.7262156,process,0.03,6,12.0,15.0,25.0,0,20.0,1.5,0,15.0,25.0,1,20.0,1.5,0,15.0,25.0,0,20.0,1.5,0,server-2,,,False,server-2,58.741,58.741,True,200,NORMAL,,11444.5569973,11444.6157386
p12_exp_22_mixed_rr_seen,phase12,mixed_workload,mixed_workload,round_robin,seen_configuration,train,False,63,p12_exp_22_mixed_rr_seen_38,1788873328.8098395,process,0.03,6,12.0,15.0,25.0,0,20.0,1.5,0,15.0,25.0,0,20.0,1.5,0,15.0,25.0,1,20.0,1.5,0,server-3,,,False,server-3,49.324,49.324,True,200,NORMAL,,11444.6405469,11444.6898707
p12_exp_22_mixed_rr_seen,phase12,mixed_workload,mixed_workload,round_robin,seen_configuration,train,False,63,p12_exp_22_mixed_rr_seen_39,1788873328.8935318,process,0.03,6,12.0,15.0,25.0,1,20.0,1.5,0,15.0,25.0,0,20.0,1.5,0,15.0,25.0,0,20.0,1.5,0,server-1,,,False,server-1,51.591,51.591,True,200,NORMAL,,11444.7242997,11444.7758906
p12_exp_22_mixed_rr_seen,phase12,mixed_workload,mixed_workload,round_robin,seen_configuration,train,False,63,p12_exp_22_mixed_rr_seen_40,1788873328.977269,process,0.03,6,12.0,15.0,25.0,0,20.0,1.5,0,15.0,25.0,1,20.0,1.5,0,15.0,25.0,0,20.0,1.5,0,server-2,,,False,server-2,38.601,38.601,True,200,NORMAL,,11444.8080022,11444.8466028
p12_exp_23_mixed_lc_seen,phase12,mixed_workload,mixed_workload,least_connections,seen_configuration,val,False,64,p12_exp_23_mixed_lc_seen_1,1788873330.528936,process,0.03,6,12.0,15.0,25.0,1,20.0,1.5,0,15.0,25.0,0,20.0,1.5,0,15.0,25.0,0,20.0,1.5,0,server-1,,,False,server-1,44.052,44.052,True,200,NORMAL,,11446.3599209,11446.403973
p12_exp_23_mixed_lc_seen,phase12,mixed_workload,mixed_workload,least_connections,seen_configuration,val,False,64,p12_exp_23_mixed_lc_seen_2,1788873330.6134052,process,0.03,6,12.0,15.0,25.0,1,20.0,1.5,0,15.0,25.0,0,20.0,1.5,0,15.0,25.0,0,20.0,1.5,0,server-1,,,False,server-1,42.11,42.11,True,200,NORMAL,,11446.4441566,11446.4862671
p12_exp_23_mixed_lc_seen,phase12,mixed_workload,mixed_workload,least_connections,seen_configuration,val,False,64,p12_exp_23_mixed_lc_seen_3,1788873330.6971278,process,0.03,6,12.0,15.0,25.0,1,20.0,1.5,0,15.0,25.0,0,20.0,1.5,0,15.0,25.0,0,20.0,1.5,0,server-1,,,False,server-1,63.233,63.233,True,200,NORMAL,,11446.5278404,11446.5910735
p12_exp_23_mixed_lc_seen,phase12,mixed_workload,mixed_workload,least_connections,seen_configuration,val,False,64,p12_exp_23_mixed_lc_seen_4,1788873330.7808256,process,0.03,6,12.0,15.0,25.0,1,20.0,1.5,0,15.0,25.0,0,20.0,1.5,0,15.0,25.0,0,20.0,1.5,0,server-1,,,False,server-1,62.66,62.66,True,200,NORMAL,,11446.6114962,11446.6741562
p12_exp_23_mixed_lc_seen,phase12,mixed_workload,mixed_workload,least_connections,seen_configuration,val,False,64,p12_exp_23_mixed_lc_seen_5,1788873330.8645597,process,0.03,6,12.0,15.0,25.0,1,20.0,1.5,0,15.0,25.0,0,20.0,1.5,0,15.0,25.0,0,20.0,1.5,0,server-1,,,False,server-1,60.854,60.854,True,200,NORMAL,,11446.6952682,11446.7561219
p12_exp_23_mixed_lc_seen,phase12,mixed_workload,mixed_workload,least_connections,seen_configuration,val,False,64,p12_exp_23_mixed_lc_seen_6,1788873330.9484556,process,0.03,6,12.0,15.0,25.0,1,20.0,1.5,0,15.0,25.0,0,20.0,1.5,0,15.0,25.0,0,20.0,1.5,0,server-1,,,False,server-1,57.909,57.909,True,200,NORMAL,,11446.7791721,11446.8370815
p12_exp_23_mixed_lc_seen,phase12,mixed_workload,mixed_workload,least_connections,seen_configuration,val,False,64,p12_exp_23_mixed_lc_seen_7,1788873331.0319543,process,0.03,6,12.0,15.0,25.0,1,20.0,1.5,0,15.0,25.0,0,20.0,1.5,0,15.0,25.0,0,20.0,1.5,0,server-1,,,False,server-1,75.51,75.51,True,200,NORMAL,,11446.8626399,11446.93815
p12_exp_23_mixed_lc_seen,phase12,mixed_workload,mixed_workload,least_connections,seen_configuration,val,False,64,p12_exp_23_mixed_lc_seen_8,1788873331.1158123,process,0.03,6,12.0,15.0,25.0,1,20.0,1.5,0,15.0,25.0,0,20.0,1.5,0,15.0,25.0,0,20.0,1.5,0,server-1,,,False,server-1,62.56,62.56,True,200,NORMAL,,11446.9466358,11447.009196
p12_exp_23_mixed_lc_seen,phase12,mixed_workload,mixed_workload,least_connections,seen_configuration,val,False,64,p12_exp_23_mixed_lc_seen_9,1788873331.1997793,process,0.03,6,12.0,15.0,25.0,1,20.0,1.5,0,15.0,25.0,0,20.0,1.5,0,15.0,25.0,0,20.0,1.5,0,server-1,,,False,server-1,49.562,49.562,True,200,NORMAL,,11447.0304863,11447.0800485
p12_exp_23_mixed_lc_seen,phase12,mixed_workload,mixed_workload,least_connections,seen_configuration,val,False,64,p12_exp_23_mixed_lc_seen_10,1788873331.2836351,process,0.03,6,12.0,15.0,25.0,1,20.0,1.5,0,15.0,25.0,0,20.0,1.5,0,15.0,25.0,0,20.0,1.5,0,server-1,,,False,server-1,36.194,36.194,True,200,NORMAL,,11447.1143516,11447.1505452
p12_exp_23_mixed_lc_seen,phase12,mixed_workload,mixed_workload,least_connections,seen_configuration,val,False,64,p12_exp_23_mixed_lc_seen_11,1788873331.367377,process,0.03,6,12.0,15.0,25.0,1,20.0,1.5,0,15.0,25.0,0,20.0,1.5,0,15.0,25.0,0,20.0,1.5,0,server-1,,,False,server-1,49.766,49.766,True,200,NORMAL,,11447.1980951,11447.2478608
p12_exp_23_mixed_lc_seen,phase12,mixed_workload,mixed_workload,least_connections,seen_configuration,val,False,64,p12_exp_23_mixed_lc_seen_12,1788873331.45116,process,0.03,6,12.0,15.0,25.0,1,20.0,1.5,0,15.0,25.0,0,20.0,1.5,0,15.0,25.0,0,20.0,1.5,0,server-1,,,False,server-1,62.983,62.983,True,200,NORMAL,,11447.281918,11447.3449008
p12_exp_23_mixed_lc_seen,phase12,mixed_workload,mixed_workload,least_connections,seen_configuration,val,False,64,p12_exp_23_mixed_lc_seen_13,1788873331.5349343,process,0.03,6,12.0,15.0,25.0,1,20.0,1.5,0,15.0,25.0,0,20.0,1.5,0,15.0,25.0,0,20.0,1.5,0,server-1,,,False,server-1,65.219,65.219,True,200,NORMAL,,11447.3656494,11447.4308688
p12_exp_23_mixed_lc_seen,phase12,mixed_workload,mixed_workload,least_connections,seen_configuration,val,False,64,p12_exp_23_mixed_lc_seen_14,1788873331.618853,process,0.03,6,12.0,15.0,25.0,1,20.0,1.5,0,15.0,25.0,0,20.0,1.5,0,15.0,25.0,0,20.0,1.5,0,server-1,,,False,server-1,67.696,67.696,True,200,NORMAL,,11447.4496395,11447.5173355
p12_exp_23_mixed_lc_seen,phase12,mixed_workload,mixed_workload,least_connections,seen_configuration,val,False,64,p12_exp_23_mixed_lc_seen_15,1788873331.702542,process,0.03,6,12.0,15.0,25.0,1,20.0,1.5,0,15.0,25.0,0,20.0,1.5,0,15.0,25.0,0,20.0,1.5,0,server-1,,,False,server-1,35.279,35.279,True,200,NORMAL,,11447.5332301,11447.5685088
p12_exp_23_mixed_lc_seen,phase12,mixed_workload,mixed_workload,least_connections,seen_configuration,val,False,64,p12_exp_23_mixed_lc_seen_16,1788873331.7860248,process,0.03,6,12.0,15.0,25.0,1,20.0,1.5,0,15.0,25.0,0,20.0,1.5,0,15.0,25.0,0,20.0,1.5,0,server-1,,,False,server-1,63.079,63.079,True,200,NORMAL,,11447.6168147,11447.6798934
p12_exp_23_mixed_lc_seen,phase12,mixed_workload,mixed_workload,least_connections,seen_configuration,val,False,64,p12_exp_23_mixed_lc_seen_17,1788873331.869925,process,0.03,6,12.0,15.0,25.0,1,20.0,1.5,0,15.0,25.0,0,20.0,1.5,0,15.0,25.0,0,20.0,1.5,0,server-1,,,False,server-1,56.796,56.796,True,200,NORMAL,,11447.7006619,11447.7574584
p12_exp_23_mixed_lc_seen,phase12,mixed_workload,mixed_workload,least_connections,seen_configuration,val,False,64,p12_exp_23_mixed_lc_seen_18,1788873331.953737,process,0.03,6,12.0,15.0,25.0,1,20.0,1.5,0,15.0,25.0,0,20.0,1.5,0,15.0,25.0,0,20.0,1.5,0,server-1,,,False,server-1,42.057,42.057,True,200,NORMAL,,11447.784546,11447.8266028
p12_exp_23_mixed_lc_seen,phase12,mixed_workload,mixed_workload,least_connections,seen_configuration,val,False,64,p12_exp_23_mixed_lc_seen_19,1788873332.0374298,process,0.03,6,12.0,15.0,25.0,1,20.0,1.5,0,15.0,25.0,0,20.0,1.5,0,15.0,25.0,0,20.0,1.5,0,server-1,,,False,server-1,36.564,36.564,True,200,NORMAL,,11447.8681126,11447.9046767
p12_exp_23_mixed_lc_seen,phase12,mixed_workload,mixed_workload,least_connections,seen_configuration,val,False,64,p12_exp_23_mixed_lc_seen_20,1788873332.1210327,process,0.03,6,12.0,15.0,25.0,1,20.0,1.5,0,15.0,25.0,0,20.0,1.5,0,15.0,25.0,0,20.0,1.5,0,server-1,,,False,server-1,42.673,42.673,True,200,NORMAL,,11447.9518119,11447.9944845
p12_exp_23_mixed_lc_seen,phase12,mixed_workload,mixed_workload,least_connections,seen_configuration,val,False,64,p12_exp_23_mixed_lc_seen_21,1788873332.2050054,process,0.03,6,12.0,15.0,25.0,1,20.0,1.5,0,15.0,25.0,0,20.0,1.5,0,15.0,25.0,0,20.0,1.5,0,server-1,,,False,server-1,49.124,49.124,True,200,NORMAL,,11448.0357113,11448.0848349
p12_exp_23_mixed_lc_seen,phase12,mixed_workload,mixed_workload,least_connections,seen_configuration,val,False,64,p12_exp_23_mixed_lc_seen_22,1788873332.2887852,process,0.03,6,12.0,15.0,25.0,1,20.0,1.5,0,15.0,25.0,0,20.0,1.5,0,15.0,25.0,0,20.0,1.5,0,server-1,,,False,server-1,63.125,63.125,True,200,NORMAL,,11448.1196218,11448.1827465
p12_exp_23_mixed_lc_seen,phase12,mixed_workload,mixed_workload,least_connections,seen_configuration,val,False,64,p12_exp_23_mixed_lc_seen_23,1788873332.3726618,process,0.03,6,12.0,15.0,25.0,1,20.0,1.5,0,15.0,25.0,0,20.0,1.5,0,15.0,25.0,0,20.0,1.5,0,server-1,,,False,server-1,63.793,63.793,True,200,NORMAL,,11448.2033983,11448.2671915
p12_exp_23_mixed_lc_seen,phase12,mixed_workload,mixed_workload,least_connections,seen_configuration,val,False,64,p12_exp_23_mixed_lc_seen_24,1788873332.456522,process,0.03,6,12.0,15.0,25.0,1,20.0,1.5,0,15.0,25.0,0,20.0,1.5,0,15.0,25.0,0,20.0,1.5,0,server-1,,,False,server-1,72.388,72.388,True,200,NORMAL,,11448.2873558,11448.359744
p12_exp_23_mixed_lc_seen,phase12,mixed_workload,mixed_workload,least_connections,seen_configuration,val,False,64,p12_exp_23_mixed_lc_seen_25,1788873332.54046,process,0.03,6,12.0,15.0,25.0,1,20.0,1.5,0,15.0,25.0,0,20.0,1.5,0,15.0,25.0,0,20.0,1.5,0,server-1,,,False,server-1,49.969,49.969,True,200,NORMAL,,11448.3712485,11448.4212171
p12_exp_23_mixed_lc_seen,phase12,mixed_workload,mixed_workload,least_connections,seen_configuration,val,False,64,p12_exp_23_mixed_lc_seen_26,1788873332.624223,process,0.03,6,12.0,15.0,25.0,1,20.0,1.5,0,15.0,25.0,0,20.0,1.5,0,15.0,25.0,0,20.0,1.5,0,server-1,,,False,server-1,49.982,49.982,True,200,NORMAL,,11448.4550037,11448.5049858
p12_exp_23_mixed_lc_seen,phase12,mixed_workload,mixed_workload,least_connections,seen_configuration,val,False,64,p12_exp_23_mixed_lc_seen_27,1788873332.7079625,process,0.03,6,12.0,15.0,25.0,1,20.0,1.5,0,15.0,25.0,0,20.0,1.5,0,15.0,25.0,0,20.0,1.5,0,server-1,,,False,server-1,51.279,51.279,True,200,NORMAL,,11448.5387391,11448.5900184
p12_exp_23_mixed_lc_seen,phase12,mixed_workload,mixed_workload,least_connections,seen_configuration,val,False,64,p12_exp_23_mixed_lc_seen_28,1788873332.7919226,process,0.03,6,12.0,15.0,25.0,1,20.0,1.5,0,15.0,25.0,0,20.0,1.5,0,15.0,25.0,0,20.0,1.5,0,server-1,,,False,server-1,73.884,73.884,True,200,NORMAL,,11448.6226252,11448.6965091
p12_exp_23_mixed_lc_seen,phase12,mixed_workload,mixed_workload,least_connections,seen_configuration,val,False,64,p12_exp_23_mixed_lc_seen_29,1788873332.8757696,process,0.03,6,12.0,15.0,25.0,1,20.0,1.5,0,15.0,25.0,0,20.0,1.5,0,15.0,25.0,0,20.0,1.5,0,server-1,,,False,server-1,66.084,66.084,True,200,NORMAL,,11448.7065704,11448.7726548
p12_exp_23_mixed_lc_seen,phase12,mixed_workload,mixed_workload,least_connections,seen_configuration,val,False,64,p12_exp_23_mixed_lc_seen_30,1788873332.9597027,process,0.03,6,12.0,15.0,25.0,1,20.0,1.5,0,15.0,25.0,0,20.0,1.5,0,15.0,25.0,0,20.0,1.5,0,server-1,,,False,server-1,66.411,66.411,True,200,NORMAL,,11448.7904118,11448.8568224
p12_exp_23_mixed_lc_seen,phase12,mixed_workload,mixed_workload,least_connections,seen_configuration,val,False,64,p12_exp_23_mixed_lc_seen_31,1788873333.0433545,process,0.03,6,12.0,15.0,25.0,1,20.0,1.5,0,15.0,25.0,0,20.0,1.5,0,15.0,25.0,0,20.0,1.5,0,server-1,,,False,server-1,60.747,60.747,True,200,NORMAL,,11448.8741312,11448.9348779
p12_exp_23_mixed_lc_seen,phase12,mixed_workload,mixed_workload,least_connections,seen_configuration,val,False,64,p12_exp_23_mixed_lc_seen_32,1788873333.127026,process,0.03,6,12.0,15.0,25.0,1,20.0,1.5,0,15.0,25.0,0,20.0,1.5,0,15.0,25.0,0,20.0,1.5,0,server-1,,,False,server-1,66.761,66.761,True,200,NORMAL,,11448.9577785,11449.0245392
p12_exp_23_mixed_lc_seen,phase12,mixed_workload,mixed_workload,least_connections,seen_configuration,val,False,64,p12_exp_23_mixed_lc_seen_33,1788873333.2110062,process,0.03,6,12.0,15.0,25.0,1,20.0,1.5,0,15.0,25.0,0,20.0,1.5,0,15.0,25.0,0,20.0,1.5,0,server-1,,,False,server-1,50.254,50.254,True,200,NORMAL,,11449.0417445,11449.091999
p12_exp_23_mixed_lc_seen,phase12,mixed_workload,mixed_workload,least_connections,seen_configuration,val,False,64,p12_exp_23_mixed_lc_seen_34,1788873333.2947035,process,0.03,6,12.0,15.0,25.0,1,20.0,1.5,0,15.0,25.0,0,20.0,1.5,0,15.0,25.0,0,20.0,1.5,0,server-1,,,False,server-1,59.31,59.31,True,200,NORMAL,,11449.1254132,11449.1847228
p12_exp_23_mixed_lc_seen,phase12,mixed_workload,mixed_workload,least_connections,seen_configuration,val,False,64,p12_exp_23_mixed_lc_seen_35,1788873333.3783095,process,0.03,6,12.0,15.0,25.0,1,20.0,1.5,0,15.0,25.0,0,20.0,1.5,0,15.0,25.0,0,20.0,1.5,0,server-1,,,False,server-1,65.947,65.947,True,200,NORMAL,,11449.2090295,11449.2749765
p12_exp_23_mixed_lc_seen,phase12,mixed_workload,mixed_workload,least_connections,seen_configuration,val,False,64,p12_exp_23_mixed_lc_seen_36,1788873333.4621117,process,0.03,6,12.0,15.0,25.0,1,20.0,1.5,0,15.0,25.0,0,20.0,1.5,0,15.0,25.0,0,20.0,1.5,0,server-1,,,False,server-1,63.649,63.649,True,200,NORMAL,,11449.2929302,11449.3565797
p12_exp_23_mixed_lc_seen,phase12,mixed_workload,mixed_workload,least_connections,seen_configuration,val,False,64,p12_exp_23_mixed_lc_seen_37,1788873333.545726,process,0.03,6,12.0,15.0,25.0,1,20.0,1.5,0,15.0,25.0,0,20.0,1.5,0,15.0,25.0,0,20.0,1.5,0,server-1,,,False,server-1,67.477,67.477,True,200,NORMAL,,11449.3765102,11449.4439867
p12_exp_23_mixed_lc_seen,phase12,mixed_workload,mixed_workload,least_connections,seen_configuration,val,False,64,p12_exp_23_mixed_lc_seen_38,1788873333.629716,process,0.03,6,12.0,15.0,25.0,1,20.0,1.5,0,15.0,25.0,0,20.0,1.5,0,15.0,25.0,0,20.0,1.5,0,server-1,,,False,server-1,59.273,59.273,True,200,NORMAL,,11449.4604443,11449.519717
p12_exp_23_mixed_lc_seen,phase12,mixed_workload,mixed_workload,least_connections,seen_configuration,val,False,64,p12_exp_23_mixed_lc_seen_39,1788873333.7133803,process,0.03,6,12.0,15.0,25.0,1,20.0,1.5,0,15.0,25.0,0,20.0,1.5,0,15.0,25.0,0,20.0,1.5,0,server-1,,,False,server-1,51.718,51.718,True,200,NORMAL,,11449.5441483,11449.5958664
p12_exp_23_mixed_lc_seen,phase12,mixed_workload,mixed_workload,least_connections,seen_configuration,val,False,64,p12_exp_23_mixed_lc_seen_40,1788873333.797118,process,0.03,6,12.0,15.0,25.0,1,20.0,1.5,0,15.0,25.0,0,20.0,1.5,0,15.0,25.0,0,20.0,1.5,0,server-1,,,False,server-1,71.422,71.422,True,200,NORMAL,,11449.6278317,11449.6992534
p12_exp_24_mixed_ml_unseen,phase12,mixed_workload,mixed_workload,ml,unseen_configuration,test_unseen,False,65,p12_exp_24_mixed_ml_unseen_1,1788873335.2241442,process,0.025,8,16.0,15.0,25.0,0,20.0,1.5,0,15.0,25.0,0,20.0,1.5,0,15.0,25.0,1,20.0,1.5,0,server-3,http://127.0.0.1:8003,1.0,False,server-3,94.108,94.108,True,200,NORMAL,,11451.0557706,11451.1498782
p12_exp_24_mixed_ml_unseen,phase12,mixed_workload,mixed_workload,ml,unseen_configuration,test_unseen,False,65,p12_exp_24_mixed_ml_unseen_2,1788873335.2883549,process,0.025,8,16.0,15.0,25.0,0,20.0,1.5,0,15.0,25.0,0,20.0,1.5,0,15.0,25.0,1,20.0,1.5,0,server-3,http://127.0.0.1:8003,1.0,False,server-3,64.128,64.128,True,200,NORMAL,,11451.1197999,11451.1839275
p12_exp_24_mixed_ml_unseen,phase12,mixed_workload,mixed_workload,ml,unseen_configuration,test_unseen,False,65,p12_exp_24_mixed_ml_unseen_3,1788873335.353269,process,0.025,8,16.0,15.0,25.0,0,20.0,1.5,0,15.0,25.0,0,20.0,1.5,0,15.0,25.0,1,20.0,1.5,0,server-3,http://127.0.0.1:8003,1.0,False,server-3,94.476,94.476,True,200,NORMAL,,11451.1839927,11451.2784691
p12_exp_24_mixed_ml_unseen,phase12,mixed_workload,mixed_workload,ml,unseen_configuration,test_unseen,False,65,p12_exp_24_mixed_ml_unseen_4,1788873335.4180543,process,0.025,8,16.0,15.0,25.0,0,20.0,1.5,0,15.0,25.0,0,20.0,1.5,0,15.0,25.0,1,20.0,1.5,0,server-3,http://127.0.0.1:8003,1.0,False,server-3,72.123,72.123,True,200,NORMAL,,11451.2487793,11451.3209024
p12_exp_24_mixed_ml_unseen,phase12,mixed_workload,mixed_workload,ml,unseen_configuration,test_unseen,False,65,p12_exp_24_mixed_ml_unseen_5,1788873335.4813714,process,0.025,8,16.0,15.0,25.0,0,20.0,1.5,0,15.0,25.0,0,20.0,1.5,0,15.0,25.0,1,20.0,1.5,0,server-3,http://127.0.0.1:8003,1.0,False,server-3,79.27,79.27,True,200,NORMAL,,11451.3120824,11451.3913527
p12_exp_24_mixed_ml_unseen,phase12,mixed_workload,mixed_workload,ml,unseen_configuration,test_unseen,False,65,p12_exp_24_mixed_ml_unseen_6,1788873335.5440748,process,0.025,8,16.0,15.0,25.0,0,20.0,1.5,0,15.0,25.0,0,20.0,1.5,0,15.0,25.0,1,20.0,1.5,0,server-3,http://127.0.0.1:8003,1.0,False,server-3,100.643,100.643,True,200,NORMAL,,11451.3747771,11451.4754199
p12_exp_24_mixed_ml_unseen,phase12,mixed_workload,mixed_workload,ml,unseen_configuration,test_unseen,False,65,p12_exp_24_mixed_ml_unseen_7,1788873335.6067092,process,0.025,8,16.0,15.0,25.0,0,20.0,1.5,0,15.0,25.0,0,20.0,1.5,0,15.0,25.0,1,20.0,1.5,0,server-3,http://127.0.0.1:8003,1.0,False,server-3,84.807,84.807,True,200,NORMAL,,11451.4374537,11451.5222612
p12_exp_24_mixed_ml_unseen,phase12,mixed_workload,mixed_workload,ml,unseen_configuration,test_unseen,False,65,p12_exp_24_mixed_ml_unseen_8,1788873335.6697862,process,0.025,8,16.0,15.0,25.0,0,20.0,1.5,0,15.0,25.0,0,20.0,1.5,0,15.0,25.0,1,20.0,1.5,0,server-3,http://127.0.0.1:8003,1.0,False,server-3,43.916,43.916,True,200,NORMAL,,11451.5004773,11451.5443929
p12_exp_24_mixed_ml_unseen,phase12,mixed_workload,mixed_workload,ml,unseen_configuration,test_unseen,False,65,p12_exp_24_mixed_ml_unseen_9,1788873335.7325263,process,0.025,8,16.0,15.0,25.0,0,20.0,1.5,0,15.0,25.0,0,20.0,1.5,0,15.0,25.0,1,20.0,1.5,0,server-3,http://127.0.0.1:8003,1.0,False,server-3,93.383,93.383,True,200,NORMAL,,11451.5632212,11451.6566041
p12_exp_24_mixed_ml_unseen,phase12,mixed_workload,mixed_workload,ml,unseen_configuration,test_unseen,False,65,p12_exp_24_mixed_ml_unseen_10,1788873335.7959604,process,0.025,8,16.0,15.0,25.0,0,20.0,1.5,0,15.0,25.0,0,20.0,1.5,0,15.0,25.0,1,20.0,1.5,0,server-3,http://127.0.0.1:8003,1.0,False,server-3,85.415,85.415,True,200,NORMAL,,11451.6265309,11451.7119459
p12_exp_24_mixed_ml_unseen,phase12,mixed_workload,mixed_workload,ml,unseen_configuration,test_unseen,False,65,p12_exp_24_mixed_ml_unseen_11,1788873335.8586504,process,0.025,8,16.0,15.0,25.0,0,20.0,1.5,0,15.0,25.0,0,20.0,1.5,0,15.0,25.0,1,20.0,1.5,0,server-3,http://127.0.0.1:8003,1.0,False,server-3,90.131,90.131,True,200,NORMAL,,11451.6894298,11451.7795605
p12_exp_24_mixed_ml_unseen,phase12,mixed_workload,mixed_workload,ml,unseen_configuration,test_unseen,False,65,p12_exp_24_mixed_ml_unseen_12,1788873335.921706,process,0.025,8,16.0,15.0,25.0,0,20.0,1.5,0,15.0,25.0,0,20.0,1.5,0,15.0,25.0,1,20.0,1.5,0,server-3,http://127.0.0.1:8003,1.0,False,server-3,106.556,106.556,True,200,NORMAL,,11451.7529137,11451.8594701
p12_exp_24_mixed_ml_unseen,phase12,mixed_workload,mixed_workload,ml,unseen_configuration,test_unseen,False,65,p12_exp_24_mixed_ml_unseen_13,1788873335.9845648,process,0.025,8,16.0,15.0,25.0,0,20.0,1.5,0,15.0,25.0,0,20.0,1.5,0,15.0,25.0,1,20.0,1.5,0,server-3,http://127.0.0.1:8003,1.0,False,server-3,129.531,129.531,True,200,NORMAL,,11451.8154666,11451.9449977
p12_exp_24_mixed_ml_unseen,phase12,mixed_workload,mixed_workload,ml,unseen_configuration,test_unseen,False,65,p12_exp_24_mixed_ml_unseen_14,1788873336.0478375,process,0.025,8,16.0,15.0,25.0,0,20.0,1.5,0,15.0,25.0,0,20.0,1.5,0,15.0,25.0,1,20.0,1.5,0,server-3,http://127.0.0.1:8003,1.0,False,server-3,133.956,133.956,True,200,NORMAL,,11451.8785131,11452.0124695
p12_exp_24_mixed_ml_unseen,phase12,mixed_workload,mixed_workload,ml,unseen_configuration,test_unseen,False,65,p12_exp_24_mixed_ml_unseen_15,1788873336.1105185,process,0.025,8,16.0,15.0,25.0,0,20.0,1.5,0,15.0,25.0,0,20.0,1.5,0,15.0,25.0,1,20.0,1.5,0,server-3,http://127.0.0.1:8003,1.0,False,server-3,65.191,65.191,True,200,NORMAL,,11451.9412997,11452.0064906
p12_exp_24_mixed_ml_unseen,phase12,mixed_workload,mixed_workload,ml,unseen_configuration,test_unseen,False,65,p12_exp_24_mixed_ml_unseen_16,1788873336.1734924,process,0.025,8,16.0,15.0,25.0,0,20.0,1.5,0,15.0,25.0,0,20.0,1.5,0,15.0,25.0,1,20.0,1.5,0,server-3,http://127.0.0.1:8003,1.0,False,server-3,94.66,94.66,True,200,NORMAL,,11452.0041903,11452.0988506
p12_exp_24_mixed_ml_unseen,phase12,mixed_workload,mixed_workload,ml,unseen_configuration,test_unseen,False,65,p12_exp_24_mixed_ml_unseen_17,1788873336.2381935,process,0.025,8,16.0,15.0,25.0,0,20.0,1.5,0,15.0,25.0,0,20.0,1.5,0,15.0,25.0,1,20.0,1.5,0,server-3,http://127.0.0.1:8003,1.0,False,server-3,44.588,44.588,True,200,NORMAL,,11452.0690569,11452.1136444
p12_exp_24_mixed_ml_unseen,phase12,mixed_workload,mixed_workload,ml,unseen_configuration,test_unseen,False,65,p12_exp_24_mixed_ml_unseen_18,1788873336.3010592,process,0.025,8,16.0,15.0,25.0,0,20.0,1.5,0,15.0,25.0,0,20.0,1.5,0,15.0,25.0,1,20.0,1.5,0,server-3,http://127.0.0.1:8003,1.0,False,server-3,82.384,82.384,True,200,NORMAL,,11452.131761,11452.2141448
p12_exp_24_mixed_ml_unseen,phase12,mixed_workload,mixed_workload,ml,unseen_configuration,test_unseen,False,65,p12_exp_24_mixed_ml_unseen_19,1788873336.36419,process,0.025,8,16.0,15.0,25.0,0,20.0,1.5,0,15.0,25.0,0,20.0,1.5,0,15.0,25.0,1,20.0,1.5,0,server-3,http://127.0.0.1:8003,1.0,False,server-3,65.949,65.949,True,200,NORMAL,,11452.1949142,11452.2608627
p12_exp_24_mixed_ml_unseen,phase12,mixed_workload,mixed_workload,ml,unseen_configuration,test_unseen,False,65,p12_exp_24_mixed_ml_unseen_20,1788873336.427039,process,0.025,8,16.0,15.0,25.0,0,20.0,1.5,0,15.0,25.0,0,20.0,1.5,0,15.0,25.0,1,20.0,1.5,0,server-3,http://127.0.0.1:8003,1.0,False,server-3,107.259,107.259,True,200,NORMAL,,11452.2577715,11452.3650301
p12_exp_24_mixed_ml_unseen,phase12,mixed_workload,mixed_workload,ml,unseen_configuration,test_unseen,False,65,p12_exp_24_mixed_ml_unseen_21,1788873336.490186,process,0.025,8,16.0,15.0,25.0,0,20.0,1.5,0,15.0,25.0,0,20.0,1.5,0,15.0,25.0,1,20.0,1.5,0,server-3,http://127.0.0.1:8003,1.0,False,server-3,107.971,107.971,True,200,NORMAL,,11452.3208535,11452.4288245
p12_exp_24_mixed_ml_unseen,phase12,mixed_workload,mixed_workload,ml,unseen_configuration,test_unseen,False,65,p12_exp_24_mixed_ml_unseen_22,1788873336.5528235,process,0.025,8,16.0,15.0,25.0,0,20.0,1.5,0,15.0,25.0,0,20.0,1.5,0,15.0,25.0,1,20.0,1.5,0,server-3,http://127.0.0.1:8003,1.0,False,server-3,83.881,83.881,True,200,NORMAL,,11452.3835314,11452.4674125
p12_exp_24_mixed_ml_unseen,phase12,mixed_workload,mixed_workload,ml,unseen_configuration,test_unseen,False,65,p12_exp_24_mixed_ml_unseen_23,1788873336.6157243,process,0.025,8,16.0,15.0,25.0,0,20.0,1.5,0,15.0,25.0,0,20.0,1.5,0,15.0,25.0,1,20.0,1.5,0,server-3,http://127.0.0.1:8003,1.0,False,server-3,106.561,106.561,True,200,NORMAL,,11452.4464602,11452.5530209
p12_exp_24_mixed_ml_unseen,phase12,mixed_workload,mixed_workload,ml,unseen_configuration,test_unseen,False,65,p12_exp_24_mixed_ml_unseen_24,1788873336.681451,process,0.025,8,16.0,15.0,25.0,0,20.0,1.5,0,15.0,25.0,0,20.0,1.5,0,15.0,25.0,1,20.0,1.5,0,server-3,http://127.0.0.1:8003,1.0,False,server-3,102.761,102.761,True,200,NORMAL,,11452.5122795,11452.6150407
p12_exp_24_mixed_ml_unseen,phase12,mixed_workload,mixed_workload,ml,unseen_configuration,test_unseen,False,65,p12_exp_24_mixed_ml_unseen_25,1788873336.7445736,process,0.025,8,16.0,15.0,25.0,0,20.0,1.5,0,15.0,25.0,0,20.0,1.5,0,15.0,25.0,1,20.0,1.5,0,server-3,http://127.0.0.1:8003,1.0,False,server-3,81.059,81.059,True,200,NORMAL,,11452.5752804,11452.6563398
p12_exp_24_mixed_ml_unseen,phase12,mixed_workload,mixed_workload,ml,unseen_configuration,test_unseen,False,65,p12_exp_24_mixed_ml_unseen_26,1788873336.8072095,process,0.025,8,16.0,15.0,25.0,0,20.0,1.5,0,15.0,25.0,0,20.0,1.5,0,15.0,25.0,1,20.0,1.5,0,server-3,http://127.0.0.1:8003,1.0,False,server-3,94.715,94.715,True,200,NORMAL,,11452.6379515,11452.7326668
p12_exp_24_mixed_ml_unseen,phase12,mixed_workload,mixed_workload,ml,unseen_configuration,test_unseen,False,65,p12_exp_24_mixed_ml_unseen_27,1788873336.8712916,process,0.025,8,16.0,15.0,25.0,0,20.0,1.5,0,15.0,25.0,0,20.0,1.5,0,15.0,25.0,1,20.0,1.5,0,server-3,http://127.0.0.1:8003,1.0,False,server-3,97.317,97.317,True,200,NORMAL,,11452.7021232,11452.7994406
p12_exp_24_mixed_ml_unseen,phase12,mixed_workload,mixed_workload,ml,unseen_configuration,test_unseen,False,65,p12_exp_24_mixed_ml_unseen_28,1788873336.938935,process,0.025,8,16.0,15.0,25.0,0,20.0,1.5,0,15.0,25.0,0,20.0,1.5,0,15.0,25.0,1,20.0,1.5,0,server-3,http://127.0.0.1:8003,1.0,False,server-3,43.456,43.456,True,200,NORMAL,,11452.7696476,11452.8131033
p12_exp_24_mixed_ml_unseen,phase12,mixed_workload,mixed_workload,ml,unseen_configuration,test_unseen,False,65,p12_exp_24_mixed_ml_unseen_29,1788873337.0016525,process,0.025,8,16.0,15.0,25.0,0,20.0,1.5,0,15.0,25.0,0,20.0,1.5,0,15.0,25.0,1,20.0,1.5,0,server-3,http://127.0.0.1:8003,1.0,False,server-3,54.368,54.368,True,200,NORMAL,,11452.8323262,11452.8866937
p12_exp_24_mixed_ml_unseen,phase12,mixed_workload,mixed_workload,ml,unseen_configuration,test_unseen,False,65,p12_exp_24_mixed_ml_unseen_30,1788873337.0646334,process,0.025,8,16.0,15.0,25.0,0,20.0,1.5,0,15.0,25.0,0,20.0,1.5,0,15.0,25.0,1,20.0,1.5,0,server-3,http://127.0.0.1:8003,1.0,False,server-3,48.416,48.416,True,200,NORMAL,,11452.8953353,11452.9437509
p12_exp_24_mixed_ml_unseen,phase12,mixed_workload,mixed_workload,ml,unseen_configuration,test_unseen,False,65,p12_exp_24_mixed_ml_unseen_31,1788873337.127774,process,0.025,8,16.0,15.0,25.0,0,20.0,1.5,0,15.0,25.0,0,20.0,1.5,0,15.0,25.0,1,20.0,1.5,0,server-3,http://127.0.0.1:8003,1.0,False,server-3,42.889,42.889,True,200,NORMAL,,11452.9585591,11453.0014482
p12_exp_24_mixed_ml_unseen,phase12,mixed_workload,mixed_workload,ml,unseen_configuration,test_unseen,False,65,p12_exp_24_mixed_ml_unseen_32,1788873337.190488,process,0.025,8,16.0,15.0,25.0,0,20.0,1.5,0,15.0,25.0,0,20.0,1.5,0,15.0,25.0,1,20.0,1.5,0,server-3,http://127.0.0.1:8003,1.0,False,server-3,65.483,65.483,True,200,NORMAL,,11453.0211602,11453.0866428
p12_exp_24_mixed_ml_unseen,phase12,mixed_workload,mixed_workload,ml,unseen_configuration,test_unseen,False,65,p12_exp_24_mixed_ml_unseen_33,1788873337.253453,process,0.025,8,16.0,15.0,25.0,0,20.0,1.5,0,15.0,25.0,0,20.0,1.5,0,15.0,25.0,1,20.0,1.5,0,server-3,http://127.0.0.1:8003,1.0,False,server-3,87.259,87.259,True,200,NORMAL,,11453.0841272,11453.1713863
p12_exp_24_mixed_ml_unseen,phase12,mixed_workload,mixed_workload,ml,unseen_configuration,test_unseen,False,65,p12_exp_24_mixed_ml_unseen_34,1788873337.3165305,process,0.025,8,16.0,15.0,25.0,0,20.0,1.5,0,15.0,25.0,0,20.0,1.5,0,15.0,25.0,1,20.0,1.5,0,server-3,http://127.0.0.1:8003,1.0,False,server-3,80.157,80.157,True,200,NORMAL,,11453.1472033,11453.2273603
p12_exp_24_mixed_ml_unseen,phase12,mixed_workload,mixed_workload,ml,unseen_configuration,test_unseen,False,65,p12_exp_24_mixed_ml_unseen_35,1788873337.3794968,process,0.025,8,16.0,15.0,25.0,0,20.0,1.5,0,15.0,25.0,0,20.0,1.5,0,15.0,25.0,1,20.0,1.5,0,server-3,http://127.0.0.1:8003,1.0,False,server-3,95.59,95.59,True,200,NORMAL,,11453.2101586,11453.3057488
p12_exp_24_mixed_ml_unseen,phase12,mixed_workload,mixed_workload,ml,unseen_configuration,test_unseen,False,65,p12_exp_24_mixed_ml_unseen_36,1788873337.444845,process,0.025,8,16.0,15.0,25.0,0,20.0,1.5,0,15.0,25.0,0,20.0,1.5,0,15.0,25.0,1,20.0,1.5,0,server-3,http://127.0.0.1:8003,1.0,False,server-3,45.549,45.549,True,200,NORMAL,,11453.2755586,11453.3211077
p12_exp_24_mixed_ml_unseen,phase12,mixed_workload,mixed_workload,ml,unseen_configuration,test_unseen,False,65,p12_exp_24_mixed_ml_unseen_37,1788873337.507862,process,0.025,8,16.0,15.0,25.0,0,20.0,1.5,0,15.0,25.0,0,20.0,1.5,0,15.0,25.0,1,20.0,1.5,0,server-3,http://127.0.0.1:8003,1.0,False,server-3,99.441,99.441,True,200,NORMAL,,11453.3385704,11453.4380118
p12_exp_24_mixed_ml_unseen,phase12,mixed_workload,mixed_workload,ml,unseen_configuration,test_unseen,False,65,p12_exp_24_mixed_ml_unseen_38,1788873337.5705118,process,0.025,8,16.0,15.0,25.0,0,20.0,1.5,0,15.0,25.0,0,20.0,1.5,0,15.0,25.0,1,20.0,1.5,0,server-3,http://127.0.0.1:8003,1.0,False,server-3,107.316,107.316,True,200,NORMAL,,11453.4011797,11453.5084953
p12_exp_24_mixed_ml_unseen,phase12,mixed_workload,mixed_workload,ml,unseen_configuration,test_unseen,False,65,p12_exp_24_mixed_ml_unseen_39,1788873337.6331198,process,0.025,8,16.0,15.0,25.0,0,20.0,1.5,0,15.0,25.0,0,20.0,1.5,0,15.0,25.0,1,20.0,1.5,0,server-3,http://127.0.0.1:8003,1.0,False,server-3,66.68,66.68,True,200,NORMAL,,11453.4637746,11453.5304545
p12_exp_24_mixed_ml_unseen,phase12,mixed_workload,mixed_workload,ml,unseen_configuration,test_unseen,False,65,p12_exp_24_mixed_ml_unseen_40,1788873337.6958206,process,0.025,8,16.0,15.0,25.0,0,20.0,1.5,0,15.0,25.0,0,20.0,1.5,0,15.0,25.0,1,20.0,1.5,0,server-3,http://127.0.0.1:8003,1.0,False,server-3,115.389,115.389,True,200,NORMAL,,11453.5265383,11453.6419272
p12_exp_25_mixed_iphash_unseen,phase12,mixed_workload,mixed_workload,ip_hash,unseen_configuration,test_unseen,False,66,p12_exp_25_mixed_iphash_unseen_1,1788873338.473876,process,0.028,9,18.0,15.0,25.0,1,20.0,1.5,0,15.0,25.0,0,20.0,1.5,0,15.0,25.0,0,20.0,1.5,0,server-1,,,False,server-1,63.718,63.718,True,200,NORMAL,,11454.3051057,11454.368824
p12_exp_25_mixed_iphash_unseen,phase12,mixed_workload,mixed_workload,ip_hash,unseen_configuration,test_unseen,False,66,p12_exp_25_mixed_iphash_unseen_2,1788873338.5312643,process,0.028,9,18.0,15.0,25.0,1,20.0,1.5,0,15.0,25.0,0,20.0,1.5,0,15.0,25.0,0,20.0,1.5,0,server-1,,,False,server-1,61.742,61.742,True,200,NORMAL,,11454.363372,11454.4251141
p12_exp_25_mixed_iphash_unseen,phase12,mixed_workload,mixed_workload,ip_hash,unseen_configuration,test_unseen,False,66,p12_exp_25_mixed_iphash_unseen_3,1788873338.5892415,process,0.028,9,18.0,15.0,25.0,1,20.0,1.5,0,15.0,25.0,0,20.0,1.5,0,15.0,25.0,0,20.0,1.5,0,server-1,,,False,server-1,49.609,49.609,True,200,NORMAL,,11454.4201084,11454.4697172
p12_exp_25_mixed_iphash_unseen,phase12,mixed_workload,mixed_workload,ip_hash,unseen_configuration,test_unseen,False,66,p12_exp_25_mixed_iphash_unseen_4,1788873338.6452477,process,0.028,9,18.0,15.0,25.0,1,20.0,1.5,0,15.0,25.0,0,20.0,1.5,0,15.0,25.0,0,20.0,1.5,0,server-1,,,False,server-1,36.027,36.027,True,200,NORMAL,,11454.4759861,11454.512013
p12_exp_25_mixed_iphash_unseen,phase12,mixed_workload,mixed_workload,ip_hash,unseen_configuration,test_unseen,False,66,p12_exp_25_mixed_iphash_unseen_5,1788873338.7012951,process,0.028,9,18.0,15.0,25.0,1,20.0,1.5,0,15.0,25.0,0,20.0,1.5,0,15.0,25.0,0,20.0,1.5,0,server-1,,,False,server-1,70.662,70.662,True,200,NORMAL,,11454.5320789,11454.6027408
p12_exp_25_mixed_iphash_unseen,phase12,mixed_workload,mixed_workload,ip_hash,unseen_configuration,test_unseen,False,66,p12_exp_25_mixed_iphash_unseen_6,1788873338.7575114,process,0.028,9,18.0,15.0,25.0,1,20.0,1.5,0,15.0,25.0,0,20.0,1.5,0,15.0,25.0,0,20.0,1.5,0,server-1,,,False,server-1,68.676,68.676,True,200,NORMAL,,11454.5882956,11454.6569721
p12_exp_25_mixed_iphash_unseen,phase12,mixed_workload,mixed_workload,ip_hash,unseen_configuration,test_unseen,False,66,p12_exp_25_mixed_iphash_unseen_7,1788873338.8137493,process,0.028,9,18.0,15.0,25.0,1,20.0,1.5,0,15.0,25.0,0,20.0,1.5,0,15.0,25.0,0,20.0,1.5,0,server-1,,,False,server-1,68.163,68.163,True,200,NORMAL,,11454.6444517,11454.712615
p12_exp_25_mixed_iphash_unseen,phase12,mixed_workload,mixed_workload,ip_hash,unseen_configuration,test_unseen,False,66,p12_exp_25_mixed_iphash_unseen_8,1788873338.869908,process,0.028,9,18.0,15.0,25.0,1,20.0,1.5,0,15.0,25.0,0,20.0,1.5,0,15.0,25.0,0,20.0,1.5,0,server-1,,,False,server-1,53.29,53.29,True,200,NORMAL,,11454.7006034,11454.7538932
p12_exp_25_mixed_iphash_unseen,phase12,mixed_workload,mixed_workload,ip_hash,unseen_configuration,test_unseen,False,66,p12_exp_25_mixed_iphash_unseen_9,1788873338.9256856,process,0.028,9,18.0,15.0,25.0,1,20.0,1.5,0,15.0,25.0,0,20.0,1.5,0,15.0,25.0,0,20.0,1.5,0,server-1,,,False,server-1,34.976,34.976,True,200,NORMAL,,11454.7563808,11454.7913564
p12_exp_25_mixed_iphash_unseen,phase12,mixed_workload,mixed_workload,ip_hash,unseen_configuration,test_unseen,False,66,p12_exp_25_mixed_iphash_unseen_10,1788873338.981657,process,0.028,9,18.0,15.0,25.0,1,20.0,1.5,0,15.0,25.0,0,20.0,1.5,0,15.0,25.0,0,20.0,1.5,0,server-1,,,False,server-1,56.978,56.978,True,200,NORMAL,,11454.812365,11454.8693425
p12_exp_25_mixed_iphash_unseen,phase12,mixed_workload,mixed_workload,ip_hash,unseen_configuration,test_unseen,False,66,p12_exp_25_mixed_iphash_unseen_11,1788873339.0389807,process,0.028,9,18.0,15.0,25.0,1,20.0,1.5,0,15.0,25.0,0,20.0,1.5,0,15.0,25.0,0,20.0,1.5,0,server-1,,,False,server-1,48.552,48.552,True,200,NORMAL,,11454.8696988,11454.918251
p12_exp_25_mixed_iphash_unseen,phase12,mixed_workload,mixed_workload,ip_hash,unseen_configuration,test_unseen,False,66,p12_exp_25_mixed_iphash_unseen_12,1788873339.0948195,process,0.028,9,18.0,15.0,25.0,1,20.0,1.5,0,15.0,25.0,0,20.0,1.5,0,15.0,25.0,0,20.0,1.5,0,server-1,,,False,server-1,53.767,53.767,True,200,NORMAL,,11454.9255429,11454.9793099
p12_exp_25_mixed_iphash_unseen,phase12,mixed_workload,mixed_workload,ip_hash,unseen_configuration,test_unseen,False,66,p12_exp_25_mixed_iphash_unseen_13,1788873339.1510262,process,0.028,9,18.0,15.0,25.0,1,20.0,1.5,0,15.0,25.0,0,20.0,1.5,0,15.0,25.0,0,20.0,1.5,0,server-1,,,False,server-1,62.623,62.623,True,200,NORMAL,,11454.9817564,11455.044379
p12_exp_25_mixed_iphash_unseen,phase12,mixed_workload,mixed_workload,ip_hash,unseen_configuration,test_unseen,False,66,p12_exp_25_mixed_iphash_unseen_14,1788873339.2069995,process,0.028,9,18.0,15.0,25.0,1,20.0,1.5,0,15.0,25.0,0,20.0,1.5,0,15.0,25.0,0,20.0,1.5,0,server-1,,,False,server-1,66.141,66.141,True,200,NORMAL,,11455.0377911,11455.1039317
p12_exp_25_mixed_iphash_unseen,phase12,mixed_workload,mixed_workload,ip_hash,unseen_configuration,test_unseen,False,66,p12_exp_25_mixed_iphash_unseen_15,1788873339.2629764,process,0.028,9,18.0,15.0,25.0,1,20.0,1.5,0,15.0,25.0,0,20.0,1.5,0,15.0,25.0,0,20.0,1.5,0,server-1,,,False,server-1,69.859,69.859,True,200,NORMAL,,11455.0937263,11455.1635848
p12_exp_25_mixed_iphash_unseen,phase12,mixed_workload,mixed_workload,ip_hash,unseen_configuration,test_unseen,False,66,p12_exp_25_mixed_iphash_unseen_16,1788873339.3191712,process,0.028,9,18.0,15.0,25.0,1,20.0,1.5,0,15.0,25.0,0,20.0,1.5,0,15.0,25.0,0,20.0,1.5,0,server-1,,,False,server-1,73.219,73.219,True,200,NORMAL,,11455.1498899,11455.2231086
p12_exp_25_mixed_iphash_unseen,phase12,mixed_workload,mixed_workload,ip_hash,unseen_configuration,test_unseen,False,66,p12_exp_25_mixed_iphash_unseen_17,1788873339.375222,process,0.028,9,18.0,15.0,25.0,1,20.0,1.5,0,15.0,25.0,0,20.0,1.5,0,15.0,25.0,0,20.0,1.5,0,server-1,,,False,server-1,44.894,44.894,True,200,NORMAL,,11455.2059518,11455.2508455
p12_exp_25_mixed_iphash_unseen,phase12,mixed_workload,mixed_workload,ip_hash,unseen_configuration,test_unseen,False,66,p12_exp_25_mixed_iphash_unseen_18,1788873339.431002,process,0.028,9,18.0,15.0,25.0,1,20.0,1.5,0,15.0,25.0,0,20.0,1.5,0,15.0,25.0,0,20.0,1.5,0,server-1,,,False,server-1,37.677,37.677,True,200,NORMAL,,11455.2617273,11455.2994041
p12_exp_25_mixed_iphash_unseen,phase12,mixed_workload,mixed_workload,ip_hash,unseen_configuration,test_unseen,False,66,p12_exp_25_mixed_iphash_unseen_19,1788873339.4867356,process,0.028,9,18.0,15.0,25.0,1,20.0,1.5,0,15.0,25.0,0,20.0,1.5,0,15.0,25.0,0,20.0,1.5,0,server-1,,,False,server-1,35.277,35.277,True,200,NORMAL,,11455.3174865,11455.352764
p12_exp_25_mixed_iphash_unseen,phase12,mixed_workload,mixed_workload,ip_hash,unseen_configuration,test_unseen,False,66,p12_exp_25_mixed_iphash_unseen_20,1788873339.542885,process,0.028,9,18.0,15.0,25.0,1,20.0,1.5,0,15.0,25.0,0,20.0,1.5,0,15.0,25.0,0,20.0,1.5,0,server-1,,,False,server-1,66.83,66.83,True,200,NORMAL,,11455.373596,11455.4404259
p12_exp_25_mixed_iphash_unseen,phase12,mixed_workload,mixed_workload,ip_hash,unseen_configuration,test_unseen,False,66,p12_exp_25_mixed_iphash_unseen_21,1788873339.598722,process,0.028,9,18.0,15.0,25.0,1,20.0,1.5,0,15.0,25.0,0,20.0,1.5,0,15.0,25.0,0,20.0,1.5,0,server-1,,,False,server-1,46.129,46.129,True,200,NORMAL,,11455.4295287,11455.4756574
p12_exp_25_mixed_iphash_unseen,phase12,mixed_workload,mixed_workload,ip_hash,unseen_configuration,test_unseen,False,66,p12_exp_25_mixed_iphash_unseen_22,1788873339.6547525,process,0.028,9,18.0,15.0,25.0,1,20.0,1.5,0,15.0,25.0,0,20.0,1.5,0,15.0,25.0,0,20.0,1.5,0,server-1,,,False,server-1,48.282,48.282,True,200,NORMAL,,11455.4854412,11455.5337228
p12_exp_25_mixed_iphash_unseen,phase12,mixed_workload,mixed_workload,ip_hash,unseen_configuration,test_unseen,False,66,p12_exp_25_mixed_iphash_unseen_23,1788873339.7108696,process,0.028,9,18.0,15.0,25.0,1,20.0,1.5,0,15.0,25.0,0,20.0,1.5,0,15.0,25.0,0,20.0,1.5,0,server-1,,,False,server-1,71.269,71.269,True,200,NORMAL,,11455.5415379,11455.6128072
p12_exp_25_mixed_iphash_unseen,phase12,mixed_workload,mixed_workload,ip_hash,unseen_configuration,test_unseen,False,66,p12_exp_25_mixed_iphash_unseen_24,1788873339.767092,process,0.028,9,18.0,15.0,25.0,1,20.0,1.5,0,15.0,25.0,0,20.0,1.5,0,15.0,25.0,0,20.0,1.5,0,server-1,,,False,server-1,75.257,75.257,True,200,NORMAL,,11455.5978441,11455.6731014
p12_exp_25_mixed_iphash_unseen,phase12,mixed_workload,mixed_workload,ip_hash,unseen_configuration,test_unseen,False,66,p12_exp_25_mixed_iphash_unseen_25,1788873339.8231406,process,0.028,9,18.0,15.0,25.0,1,20.0,1.5,0,15.0,25.0,0,20.0,1.5,0,15.0,25.0,0,20.0,1.5,0,server-1,,,False,server-1,51.59,51.59,True,200,NORMAL,,11455.653953,11455.7055432
p12_exp_25_mixed_iphash_unseen,phase12,mixed_workload,mixed_workload,ip_hash,unseen_configuration,test_unseen,False,66,p12_exp_25_mixed_iphash_unseen_26,1788873339.8790617,process,0.028,9,18.0,15.0,25.0,1,20.0,1.5,0,15.0,25.0,0,20.0,1.5,0,15.0,25.0,0,20.0,1.5,0,server-1,,,False,server-1,34.526,34.526,True,200,NORMAL,,11455.7097919,11455.7443183
p12_exp_25_mixed_iphash_unseen,phase12,mixed_workload,mixed_workload,ip_hash,unseen_configuration,test_unseen,False,66,p12_exp_25_mixed_iphash_unseen_27,1788873339.9350257,process,0.028,9,18.0,15.0,25.0,1,20.0,1.5,0,15.0,25.0,0,20.0,1.5,0,15.0,25.0,0,20.0,1.5,0,server-1,,,False,server-1,35.871,35.871,True,200,NORMAL,,11455.7657959,11455.8016674
p12_exp_25_mixed_iphash_unseen,phase12,mixed_workload,mixed_workload,ip_hash,unseen_configuration,test_unseen,False,66,p12_exp_25_mixed_iphash_unseen_28,1788873339.991116,process,0.028,9,18.0,15.0,25.0,1,20.0,1.5,0,15.0,25.0,0,20.0,1.5,0,15.0,25.0,0,20.0,1.5,0,server-1,,,False,server-1,79.887,79.887,True,200,NORMAL,,11455.8218641,11455.9017508
p12_exp_25_mixed_iphash_unseen,phase12,mixed_workload,mixed_workload,ip_hash,unseen_configuration,test_unseen,False,66,p12_exp_25_mixed_iphash_unseen_29,1788873340.047048,process,0.028,9,18.0,15.0,25.0,1,20.0,1.5,0,15.0,25.0,0,20.0,1.5,0,15.0,25.0,0,20.0,1.5,0,server-1,,,False,server-1,60.893,60.893,True,200,NORMAL,,11455.8777565,11455.9386494
p12_exp_25_mixed_iphash_unseen,phase12,mixed_workload,mixed_workload,ip_hash,unseen_configuration,test_unseen,False,66,p12_exp_25_mixed_iphash_unseen_30,1788873340.102752,process,0.028,9,18.0,15.0,25.0,1,20.0,1.5,0,15.0,25.0,0,20.0,1.5,0,15.0,25.0,0,20.0,1.5,0,server-1,,,False,server-1,52.546,52.546,True,200,NORMAL,,11455.9334241,11455.9859697
p12_exp_25_mixed_iphash_unseen,phase12,mixed_workload,mixed_workload,ip_hash,unseen_configuration,test_unseen,False,66,p12_exp_25_mixed_iphash_unseen_31,1788873340.1601648,process,0.028,9,18.0,15.0,25.0,1,20.0,1.5,0,15.0,25.0,0,20.0,1.5,0,15.0,25.0,0,20.0,1.5,0,server-1,,,False,server-1,52.07,52.07,True,200,NORMAL,,11455.9909225,11456.0429922
p12_exp_25_mixed_iphash_unseen,phase12,mixed_workload,mixed_workload,ip_hash,unseen_configuration,test_unseen,False,66,p12_exp_25_mixed_iphash_unseen_32,1788873340.2163277,process,0.028,9,18.0,15.0,25.0,1,20.0,1.5,0,15.0,25.0,0,20.0,1.5,0,15.0,25.0,0,20.0,1.5,0,server-1,,,False,server-1,60.243,60.243,True,200,NORMAL,,11456.0470205,11456.1072633
p12_exp_25_mixed_iphash_unseen,phase12,mixed_workload,mixed_workload,ip_hash,unseen_configuration,test_unseen,False,66,p12_exp_25_mixed_iphash_unseen_33,1788873340.2728405,process,0.028,9,18.0,15.0,25.0,1,20.0,1.5,0,15.0,25.0,0,20.0,1.5,0,15.0,25.0,0,20.0,1.5,0,server-1,,,False,server-1,62.303,62.303,True,200,NORMAL,,11456.1034768,11456.1657796
p12_exp_25_mixed_iphash_unseen,phase12,mixed_workload,mixed_workload,ip_hash,unseen_configuration,test_unseen,False,66,p12_exp_25_mixed_iphash_unseen_34,1788873340.3286982,process,0.028,9,18.0,15.0,25.0,1,20.0,1.5,0,15.0,25.0,0,20.0,1.5,0,15.0,25.0,0,20.0,1.5,0,server-1,,,False,server-1,63.735,63.735,True,200,NORMAL,,11456.159409,11456.2231437
p12_exp_25_mixed_iphash_unseen,phase12,mixed_workload,mixed_workload,ip_hash,unseen_configuration,test_unseen,False,66,p12_exp_25_mixed_iphash_unseen_35,1788873340.3846877,process,0.028,9,18.0,15.0,25.0,1,20.0,1.5,0,15.0,25.0,0,20.0,1.5,0,15.0,25.0,0,20.0,1.5,0,server-1,,,False,server-1,53.917,53.917,True,200,NORMAL,,11456.2154331,11456.2693506
p12_exp_25_mixed_iphash_unseen,phase12,mixed_workload,mixed_workload,ip_hash,unseen_configuration,test_unseen,False,66,p12_exp_25_mixed_iphash_unseen_36,1788873340.4404528,process,0.028,9,18.0,15.0,25.0,1,20.0,1.5,0,15.0,25.0,0,20.0,1.5,0,15.0,25.0,0,20.0,1.5,0,server-1,,,False,server-1,35.182,35.182,True,200,NORMAL,,11456.27118,11456.306362
p12_exp_25_mixed_iphash_unseen,phase12,mixed_workload,mixed_workload,ip_hash,unseen_configuration,test_unseen,False,66,p12_exp_25_mixed_iphash_unseen_37,1788873340.496524,process,0.028,9,18.0,15.0,25.0,1,20.0,1.5,0,15.0,25.0,0,20.0,1.5,0,15.0,25.0,0,20.0,1.5,0,server-1,,,False,server-1,36.261,36.261,True,200,NORMAL,,11456.327224,11456.3634846
p12_exp_25_mixed_iphash_unseen,phase12,mixed_workload,mixed_workload,ip_hash,unseen_configuration,test_unseen,False,66,p12_exp_25_mixed_iphash_unseen_38,1788873340.5524917,process,0.028,9,18.0,15.0,25.0,1,20.0,1.5,0,15.0,25.0,0,20.0,1.5,0,15.0,25.0,0,20.0,1.5,0,server-1,,,False,server-1,56.902,56.902,True,200,NORMAL,,11456.3831844,11456.4400859
p12_exp_25_mixed_iphash_unseen,phase12,mixed_workload,mixed_workload,ip_hash,unseen_configuration,test_unseen,False,66,p12_exp_25_mixed_iphash_unseen_39,1788873340.6085532,process,0.028,9,18.0,15.0,25.0,1,20.0,1.5,0,15.0,25.0,0,20.0,1.5,0,15.0,25.0,0,20.0,1.5,0,server-1,,,False,server-1,35.308,35.308,True,200,NORMAL,,11456.4395327,11456.4748403
p12_exp_25_mixed_iphash_unseen,phase12,mixed_workload,mixed_workload,ip_hash,unseen_configuration,test_unseen,False,66,p12_exp_25_mixed_iphash_unseen_40,1788873340.664535,process,0.028,9,18.0,15.0,25.0,1,20.0,1.5,0,15.0,25.0,0,20.0,1.5,0,15.0,25.0,0,20.0,1.5,0,server-1,,,False,server-1,69.726,69.726,True,200,NORMAL,,11456.4952468,11456.5649724
p12_exp_26_dyn_rr_seen,phase12,dynamic_workload,dynamic_workload,round_robin,seen_configuration,train,False,67,p12_exp_26_dyn_rr_seen_1,1788873342.076404,process,0.03,6,14.0,15.0,25.0,0,20.0,1.5,0,15.0,25.0,1,20.0,1.5,0,15.0,25.0,0,20.0,1.5,0,server-2,,,False,server-2,54.201,54.201,True,200,NORMAL,,11457.9078725,11457.9620736
p12_exp_26_dyn_rr_seen,phase12,dynamic_workload,dynamic_workload,round_robin,seen_configuration,train,False,67,p12_exp_26_dyn_rr_seen_2,1788873342.1494634,process,0.03,6,14.0,15.0,25.0,0,20.0,1.5,0,15.0,25.0,0,20.0,1.5,0,15.0,25.0,1,20.0,1.5,0,server-3,,,False,server-3,60.151,60.151,True,200,NORMAL,,11457.9802283,11458.0403797
p12_exp_26_dyn_rr_seen,phase12,dynamic_workload,dynamic_workload,round_robin,seen_configuration,train,False,67,p12_exp_26_dyn_rr_seen_3,1788873342.2213397,process,0.03,6,14.0,15.0,25.0,1,20.0,1.5,0,15.0,25.0,0,20.0,1.5,0,15.0,25.0,0,20.0,1.5,0,server-1,,,False,server-1,40.567,40.567,True,200,NORMAL,,11458.0520832,11458.0926506
p12_exp_26_dyn_rr_seen,phase12,dynamic_workload,dynamic_workload,round_robin,seen_configuration,train,False,67,p12_exp_26_dyn_rr_seen_4,1788873342.2929742,process,0.03,6,14.0,15.0,25.0,0,20.0,1.5,0,15.0,25.0,1,20.0,1.5,0,15.0,25.0,0,20.0,1.5,0,server-2,,,False,server-2,58.834,58.834,True,200,NORMAL,,11458.1236368,11458.1824711
p12_exp_26_dyn_rr_seen,phase12,dynamic_workload,dynamic_workload,round_robin,seen_configuration,train,False,67,p12_exp_26_dyn_rr_seen_5,1788873342.3648283,process,0.03,6,14.0,15.0,25.0,0,20.0,1.5,0,15.0,25.0,0,20.0,1.5,0,15.0,25.0,1,20.0,1.5,0,server-3,,,False,server-3,42.293,42.293,True,200,NORMAL,,11458.1955646,11458.2378581
p12_exp_26_dyn_rr_seen,phase12,dynamic_workload,dynamic_workload,round_robin,seen_configuration,train,False,67,p12_exp_26_dyn_rr_seen_6,1788873342.4365537,process,0.03,6,14.0,15.0,25.0,1,20.0,1.5,0,15.0,25.0,0,20.0,1.5,0,15.0,25.0,0,20.0,1.5,0,server-1,,,False,server-1,70.459,70.459,True,200,NORMAL,,11458.2672705,11458.3377292
p12_exp_26_dyn_rr_seen,phase12,dynamic_workload,dynamic_workload,round_robin,seen_configuration,train,False,67,p12_exp_26_dyn_rr_seen_7,1788873342.5083432,process,0.03,6,14.0,15.0,25.0,0,20.0,1.5,0,15.0,25.0,1,20.0,1.5,0,15.0,25.0,0,20.0,1.5,0,server-2,,,False,server-2,75.066,75.066,True,200,NORMAL,,11458.3390508,11458.4141166
p12_exp_26_dyn_rr_seen,phase12,dynamic_workload,dynamic_workload,round_robin,seen_configuration,train,False,67,p12_exp_26_dyn_rr_seen_8,1788873342.5817783,process,0.03,6,14.0,15.0,25.0,0,20.0,1.5,0,15.0,25.0,0,20.0,1.5,0,15.0,25.0,1,20.0,1.5,0,server-3,,,False,server-3,58.205,58.205,True,200,NORMAL,,11458.4124057,11458.4706107
p12_exp_26_dyn_rr_seen,phase12,dynamic_workload,dynamic_workload,round_robin,seen_configuration,train,False,67,p12_exp_26_dyn_rr_seen_9,1788873342.6540608,process,0.03,6,14.0,15.0,25.0,1,20.0,1.5,0,15.0,25.0,0,20.0,1.5,0,15.0,25.0,0,20.0,1.5,0,server-1,,,False,server-1,38.377,38.377,True,200,NORMAL,,11458.4847876,11458.5231643
p12_exp_26_dyn_rr_seen,phase12,dynamic_workload,dynamic_workload,round_robin,seen_configuration,train,False,67,p12_exp_26_dyn_rr_seen_10,1788873342.7258534,process,0.03,6,14.0,15.0,25.0,0,20.0,1.5,0,15.0,25.0,1,20.0,1.5,0,15.0,25.0,0,20.0,1.5,0,server-2,,,False,server-2,58.803,58.803,True,200,NORMAL,,11458.5566021,11458.6154047
p12_exp_26_dyn_rr_seen,phase12,dynamic_workload,dynamic_workload,round_robin,seen_configuration,train,False,67,p12_exp_26_dyn_rr_seen_11,1788873342.7979534,process,0.03,6,14.0,15.0,25.0,0,20.0,1.5,0,15.0,25.0,0,20.0,1.5,0,15.0,25.0,1,20.0,1.5,0,server-3,,,False,server-3,41.789,41.789,True,200,NORMAL,,11458.6287655,11458.6705548
p12_exp_26_dyn_rr_seen,phase12,dynamic_workload,dynamic_workload,round_robin,seen_configuration,train,False,67,p12_exp_26_dyn_rr_seen_12,1788873342.869977,process,0.03,6,14.0,15.0,25.0,1,20.0,1.5,0,15.0,25.0,0,20.0,1.5,0,15.0,25.0,0,20.0,1.5,0,server-1,,,False,server-1,43.527,43.527,True,200,NORMAL,,11458.7008802,11458.7444068
p12_exp_26_dyn_rr_seen,phase12,dynamic_workload,dynamic_workload,round_robin,seen_configuration,train,False,67,p12_exp_26_dyn_rr_seen_13,1788873342.9417815,process,0.03,6,14.0,15.0,25.0,0,20.0,1.5,0,15.0,25.0,1,20.0,1.5,0,15.0,25.0,0,20.0,1.5,0,server-2,,,False,server-2,36.17,36.17,True,200,NORMAL,,11458.7724375,11458.8086079
p12_exp_26_dyn_rr_seen,phase12,dynamic_workload,dynamic_workload,round_robin,seen_configuration,train,False,67,p12_exp_26_dyn_rr_seen_14,1788873343.0137134,process,0.03,6,14.0,15.0,25.0,0,20.0,1.5,0,15.0,25.0,0,20.0,1.5,0,15.0,25.0,1,20.0,1.5,0,server-3,,,False,server-3,68.318,68.318,True,200,NORMAL,,11458.8443623,11458.9126799
p12_exp_26_dyn_rr_seen,phase12,dynamic_workload,dynamic_workload,round_robin,seen_configuration,train,False,67,p12_exp_26_dyn_rr_seen_15,1788873343.0852964,process,0.03,6,14.0,15.0,25.0,1,20.0,1.5,0,15.0,25.0,0,20.0,1.5,0,15.0,25.0,0,20.0,1.5,0,server-1,,,False,server-1,34.575,34.575,True,200,NORMAL,,11458.9159244,11458.9504991
p12_exp_26_dyn_rr_seen,phase12,dynamic_workload,dynamic_workload,round_robin,seen_configuration,train,False,67,p12_exp_26_dyn_rr_seen_16,1788873343.1570854,process,0.03,6,14.0,15.0,25.0,0,20.0,1.5,0,15.0,25.0,1,20.0,1.5,0,15.0,25.0,0,20.0,1.5,0,server-2,,,False,server-2,33.691,33.691,True,200,NORMAL,,11458.9877498,11459.0214404
p12_exp_26_dyn_rr_seen,phase12,dynamic_workload,dynamic_workload,round_robin,seen_configuration,train,False,67,p12_exp_26_dyn_rr_seen_17,1788873343.2286696,process,0.03,6,14.0,15.0,25.0,0,20.0,1.5,0,15.0,25.0,0,20.0,1.5,0,15.0,25.0,1,20.0,1.5,0,server-3,,,False,server-3,66.368,66.368,True,200,NORMAL,,11459.0593448,11459.1257131
p12_exp_26_dyn_rr_seen,phase12,dynamic_workload,dynamic_workload,round_robin,seen_configuration,train,False,67,p12_exp_26_dyn_rr_seen_18,1788873343.300541,process,0.03,6,14.0,15.0,25.0,1,20.0,1.5,0,15.0,25.0,0,20.0,1.5,0,15.0,25.0,0,20.0,1.5,0,server-1,,,False,server-1,63.58,63.58,True,200,NORMAL,,11459.1312854,11459.1948651
p12_exp_26_dyn_rr_seen,phase12,dynamic_workload,dynamic_workload,round_robin,seen_configuration,train,False,67,p12_exp_26_dyn_rr_seen_19,1788873343.3722682,process,0.03,6,14.0,15.0,25.0,0,20.0,1.5,0,15.0,25.0,1,20.0,1.5,0,15.0,25.0,0,20.0,1.5,0,server-2,,,False,server-2,38.203,38.203,True,200,NORMAL,,11459.2029605,11459.2411637
p12_exp_26_dyn_rr_seen,phase12,dynamic_workload,dynamic_workload,round_robin,seen_configuration,train,False,67,p12_exp_26_dyn_rr_seen_20,1788873343.4440546,process,0.03,6,14.0,15.0,25.0,0,20.0,1.5,0,15.0,25.0,0,20.0,1.5,0,15.0,25.0,1,20.0,1.5,0,server-3,,,False,server-3,58.052,58.052,True,200,NORMAL,,11459.2747913,11459.332843
p12_exp_26_dyn_rr_seen,phase12,dynamic_workload,dynamic_workload,round_robin,seen_configuration,train,False,67,p12_exp_26_dyn_rr_seen_21,1788873343.515867,process,0.03,6,14.0,15.0,25.0,1,20.0,1.5,0,15.0,25.0,0,20.0,1.5,0,15.0,25.0,0,20.0,1.5,0,server-1,,,False,server-1,34.903,34.903,True,200,NORMAL,,11459.3466906,11459.3815935
p12_exp_26_dyn_rr_seen,phase12,dynamic_workload,dynamic_workload,round_robin,seen_configuration,train,False,67,p12_exp_26_dyn_rr_seen_22,1788873343.5876534,process,0.03,6,14.0,15.0,25.0,0,20.0,1.5,0,15.0,25.0,1,20.0,1.5,0,15.0,25.0,0,20.0,1.5,0,server-2,,,False,server-2,63.763,63.763,True,200,NORMAL,,11459.4183021,11459.4820654
p12_exp_26_dyn_rr_seen,phase12,dynamic_workload,dynamic_workload,round_robin,seen_configuration,train,False,67,p12_exp_26_dyn_rr_seen_23,1788873343.659608,process,0.03,6,14.0,15.0,25.0,0,20.0,1.5,0,15.0,25.0,0,20.0,1.5,0,15.0,25.0,1,20.0,1.5,0,server-3,,,False,server-3,62.444,62.444,True,200,NORMAL,,11459.4902706,11459.5527146
p12_exp_26_dyn_rr_seen,phase12,dynamic_workload,dynamic_workload,round_robin,seen_configuration,train,False,67,p12_exp_26_dyn_rr_seen_24,1788873343.731253,process,0.03,6,14.0,15.0,25.0,1,20.0,1.5,0,15.0,25.0,0,20.0,1.5,0,15.0,25.0,0,20.0,1.5,0,server-1,,,False,server-1,34.657,34.657,True,200,NORMAL,,11459.561927,11459.5965839
p12_exp_26_dyn_rr_seen,phase12,dynamic_workload,dynamic_workload,round_robin,seen_configuration,train,False,67,p12_exp_26_dyn_rr_seen_25,1788873343.8031,process,0.03,6,14.0,15.0,25.0,0,20.0,1.5,0,15.0,25.0,1,20.0,1.5,0,15.0,25.0,0,20.0,1.5,0,server-2,,,False,server-2,72.603,72.603,True,200,NORMAL,,11459.6337523,11459.7063554
p12_exp_26_dyn_rr_seen,phase12,dynamic_workload,dynamic_workload,round_robin,seen_configuration,train,False,67,p12_exp_26_dyn_rr_seen_26,1788873343.874725,process,0.03,6,14.0,15.0,25.0,0,20.0,1.5,0,15.0,25.0,0,20.0,1.5,0,15.0,25.0,1,20.0,1.5,0,server-3,,,False,server-3,46.724,46.724,True,200,NORMAL,,11459.7055675,11459.7522914
p12_exp_26_dyn_rr_seen,phase12,dynamic_workload,dynamic_workload,round_robin,seen_configuration,train,False,67,p12_exp_26_dyn_rr_seen_27,1788873343.9468472,process,0.03,6,14.0,15.0,25.0,1,20.0,1.5,0,15.0,25.0,0,20.0,1.5,0,15.0,25.0,0,20.0,1.5,0,server-1,,,False,server-1,92.649,92.649,True,200,NORMAL,,11459.7775069,11459.8701555
p12_exp_26_dyn_rr_seen,phase12,dynamic_workload,dynamic_workload,round_robin,seen_configuration,train,False,67,p12_exp_26_dyn_rr_seen_28,1788873344.018733,process,0.03,6,14.0,15.0,25.0,0,20.0,1.5,0,15.0,25.0,1,20.0,1.5,0,15.0,25.0,0,20.0,1.5,0,server-2,,,False,server-2,75.101,75.101,True,200,NORMAL,,11459.8495278,11459.9246291
p12_exp_26_dyn_rr_seen,phase12,dynamic_workload,dynamic_workload,round_robin,seen_configuration,train,False,67,p12_exp_26_dyn_rr_seen_29,1788873344.090731,process,0.03,6,14.0,15.0,25.0,0,20.0,1.5,0,15.0,25.0,0,20.0,1.5,0,15.0,25.0,1,20.0,1.5,0,server-3,,,False,server-3,50.512,50.512,True,200,NORMAL,,11459.9215009,11459.9720125
p12_exp_26_dyn_rr_seen,phase12,dynamic_workload,dynamic_workload,round_robin,seen_configuration,train,False,67,p12_exp_26_dyn_rr_seen_30,1788873344.1627214,process,0.03,6,14.0,15.0,25.0,1,20.0,1.5,0,15.0,25.0,0,20.0,1.5,0,15.0,25.0,0,20.0,1.5,0,server-1,,,False,server-1,60.29,60.29,True,200,NORMAL,,11459.9933967,11460.053687
p12_exp_26_dyn_rr_seen,phase12,dynamic_workload,dynamic_workload,round_robin,seen_configuration,train,False,67,p12_exp_26_dyn_rr_seen_31,1788873344.23463,process,0.03,6,14.0,15.0,25.0,0,20.0,1.5,0,15.0,25.0,1,20.0,1.5,0,15.0,25.0,0,20.0,1.5,0,server-2,,,False,server-2,72.46,72.46,True,200,NORMAL,,11460.0653651,11460.1378251
p12_exp_26_dyn_rr_seen,phase12,dynamic_workload,dynamic_workload,round_robin,seen_configuration,train,False,67,p12_exp_26_dyn_rr_seen_32,1788873344.3065438,process,0.03,6,14.0,15.0,25.0,0,20.0,1.5,0,15.0,25.0,0,20.0,1.5,0,15.0,25.0,1,20.0,1.5,0,server-3,,,False,server-3,61.253,61.253,True,200,NORMAL,,11460.1373045,11460.1985579
p12_exp_26_dyn_rr_seen,phase12,dynamic_workload,dynamic_workload,round_robin,seen_configuration,train,False,67,p12_exp_26_dyn_rr_seen_33,1788873344.3783324,process,0.03,6,14.0,15.0,25.0,1,20.0,1.5,0,15.0,25.0,0,20.0,1.5,0,15.0,25.0,0,20.0,1.5,0,server-1,,,False,server-1,53.066,53.066,True,200,NORMAL,,11460.2091659,11460.2622317
p12_exp_26_dyn_rr_seen,phase12,dynamic_workload,dynamic_workload,round_robin,seen_configuration,train,False,67,p12_exp_26_dyn_rr_seen_34,1788873344.450085,process,0.03,6,14.0,15.0,25.0,0,20.0,1.5,0,15.0,25.0,1,20.0,1.5,0,15.0,25.0,0,20.0,1.5,0,server-2,,,False,server-2,56.817,56.817,True,200,NORMAL,,11460.2807798,11460.3375972
p12_exp_26_dyn_rr_seen,phase12,dynamic_workload,dynamic_workload,round_robin,seen_configuration,train,False,67,p12_exp_26_dyn_rr_seen_35,1788873344.521944,process,0.03,6,14.0,15.0,25.0,0,20.0,1.5,0,15.0,25.0,0,20.0,1.5,0,15.0,25.0,1,20.0,1.5,0,server-3,,,False,server-3,60.962,60.962,True,200,NORMAL,,11460.3527585,11460.4137201
p12_exp_26_dyn_rr_seen,phase12,dynamic_workload,dynamic_workload,round_robin,seen_configuration,train,False,67,p12_exp_26_dyn_rr_seen_36,1788873344.5938933,process,0.03,6,14.0,15.0,25.0,1,20.0,1.5,0,15.0,25.0,0,20.0,1.5,0,15.0,25.0,0,20.0,1.5,0,server-1,,,False,server-1,60.351,60.351,True,200,NORMAL,,11460.4247072,11460.4850582
p12_exp_26_dyn_rr_seen,phase12,dynamic_workload,dynamic_workload,round_robin,seen_configuration,train,False,67,p12_exp_26_dyn_rr_seen_37,1788873344.6658778,process,0.03,6,14.0,15.0,25.0,0,20.0,1.5,0,15.0,25.0,1,20.0,1.5,0,15.0,25.0,0,20.0,1.5,0,server-2,,,False,server-2,49.619,49.619,True,200,NORMAL,,11460.4965954,11460.5462146
p12_exp_26_dyn_rr_seen,phase12,dynamic_workload,dynamic_workload,round_robin,seen_configuration,train,False,67,p12_exp_26_dyn_rr_seen_38,1788873344.7375972,process,0.03,6,14.0,15.0,25.0,0,20.0,1.5,0,15.0,25.0,0,20.0,1.5,0,15.0,25.0,1,20.0,1.5,0,server-3,,,False,server-3,36.558,36.558,True,200,NORMAL,,11460.5683499,11460.6049082
p12_exp_26_dyn_rr_seen,phase12,dynamic_workload,dynamic_workload,round_robin,seen_configuration,train,False,67,p12_exp_26_dyn_rr_seen_39,1788873344.8092513,process,0.03,6,14.0,15.0,25.0,1,20.0,1.5,0,15.0,25.0,0,20.0,1.5,0,15.0,25.0,0,20.0,1.5,0,server-1,,,False,server-1,55.132,55.132,True,200,NORMAL,,11460.6399549,11460.6950872
p12_exp_26_dyn_rr_seen,phase12,dynamic_workload,dynamic_workload,round_robin,seen_configuration,train,False,67,p12_exp_26_dyn_rr_seen_40,1788873344.8809683,process,0.03,6,14.0,15.0,25.0,0,20.0,1.5,0,15.0,25.0,1,20.0,1.5,0,15.0,25.0,0,20.0,1.5,0,server-2,,,False,server-2,45.824,45.824,True,200,NORMAL,,11460.7116009,11460.7574244
p12_exp_27_dyn_lc_seen,phase12,dynamic_workload,dynamic_workload,least_connections,seen_configuration,val,False,68,p12_exp_27_dyn_lc_seen_1,1788873346.4825356,process,0.03,6,14.0,15.0,25.0,1,20.0,1.5,0,15.0,25.0,0,20.0,1.5,0,15.0,25.0,0,20.0,1.5,0,server-1,,,False,server-1,67.308,67.308,True,200,NORMAL,,11462.3137788,11462.3810865
p12_exp_27_dyn_lc_seen,phase12,dynamic_workload,dynamic_workload,least_connections,seen_configuration,val,False,68,p12_exp_27_dyn_lc_seen_2,1788873346.5555873,process,0.03,6,14.0,15.0,25.0,1,20.0,1.5,0,15.0,25.0,0,20.0,1.5,0,15.0,25.0,0,20.0,1.5,0,server-1,,,False,server-1,72.984,72.984,True,200,NORMAL,,11462.3863179,11462.4593016
p12_exp_27_dyn_lc_seen,phase12,dynamic_workload,dynamic_workload,least_connections,seen_configuration,val,False,68,p12_exp_27_dyn_lc_seen_3,1788873346.628444,process,0.03,6,14.0,15.0,25.0,1,20.0,1.5,0,15.0,25.0,0,20.0,1.5,0,15.0,25.0,0,20.0,1.5,0,server-1,,,False,server-1,54.709,54.709,True,200,NORMAL,,11462.4593446,11462.5140532
p12_exp_27_dyn_lc_seen,phase12,dynamic_workload,dynamic_workload,least_connections,seen_configuration,val,False,68,p12_exp_27_dyn_lc_seen_4,1788873346.7007318,process,0.03,6,14.0,15.0,25.0,1,20.0,1.5,0,15.0,25.0,0,20.0,1.5,0,15.0,25.0,0,20.0,1.5,0,server-1,,,False,server-1,73.318,73.318,True,200,NORMAL,,11462.5313871,11462.6047046
p12_exp_27_dyn_lc_seen,phase12,dynamic_workload,dynamic_workload,least_connections,seen_configuration,val,False,68,p12_exp_27_dyn_lc_seen_5,1788873346.7726746,process,0.03,6,14.0,15.0,25.0,1,20.0,1.5,0,15.0,25.0,0,20.0,1.5,0,15.0,25.0,0,20.0,1.5,0,server-1,,,False,server-1,77.939,77.939,True,200,NORMAL,,11462.6037867,11462.6817258
p12_exp_27_dyn_lc_seen,phase12,dynamic_workload,dynamic_workload,least_connections,seen_configuration,val,False,68,p12_exp_27_dyn_lc_seen_6,1788873346.844599,process,0.03,6,14.0,15.0,25.0,1,20.0,1.5,0,15.0,25.0,0,20.0,1.5,0,15.0,25.0,0,20.0,1.5,0,server-1,,,False,server-1,67.299,67.299,True,200,NORMAL,,11462.6754496,11462.7427489
p12_exp_27_dyn_lc_seen,phase12,dynamic_workload,dynamic_workload,least_connections,seen_configuration,val,False,68,p12_exp_27_dyn_lc_seen_7,1788873346.9167264,process,0.03,6,14.0,15.0,25.0,1,20.0,1.5,0,15.0,25.0,0,20.0,1.5,0,15.0,25.0,0,20.0,1.5,0,server-1,,,False,server-1,52.784,52.784,True,200,NORMAL,,11462.7474314,11462.8002157
p12_exp_27_dyn_lc_seen,phase12,dynamic_workload,dynamic_workload,least_connections,seen_configuration,val,False,68,p12_exp_27_dyn_lc_seen_8,1788873346.9885898,process,0.03,6,14.0,15.0,25.0,1,20.0,1.5,0,15.0,25.0,0,20.0,1.5,0,15.0,25.0,0,20.0,1.5,0,server-1,,,False,server-1,64.914,64.914,True,200,NORMAL,,11462.8193068,11462.8842205
p12_exp_27_dyn_lc_seen,phase12,dynamic_workload,dynamic_workload,least_connections,seen_configuration,val,False,68,p12_exp_27_dyn_lc_seen_9,1788873347.0606878,process,0.03,6,14.0,15.0,25.0,1,20.0,1.5,0,15.0,25.0,0,20.0,1.5,0,15.0,25.0,0,20.0,1.5,0,server-1,,,False,server-1,38.191,38.191,True,200,NORMAL,,11462.8915452,11462.9297366
p12_exp_27_dyn_lc_seen,phase12,dynamic_workload,dynamic_workload,least_connections,seen_configuration,val,False,68,p12_exp_27_dyn_lc_seen_10,1788873347.1326358,process,0.03,6,14.0,15.0,25.0,1,20.0,1.5,0,15.0,25.0,0,20.0,1.5,0,15.0,25.0,0,20.0,1.5,0,server-1,,,False,server-1,65.474,65.474,True,200,NORMAL,,11462.9634559,11463.02893
p12_exp_27_dyn_lc_seen,phase12,dynamic_workload,dynamic_workload,least_connections,seen_configuration,val,False,68,p12_exp_27_dyn_lc_seen_11,1788873347.2044077,process,0.03,6,14.0,15.0,25.0,1,20.0,1.5,0,15.0,25.0,0,20.0,1.5,0,15.0,25.0,0,20.0,1.5,0,server-1,,,False,server-1,54.84,54.84,True,200,NORMAL,,11463.0351082,11463.089948
p12_exp_27_dyn_lc_seen,phase12,dynamic_workload,dynamic_workload,least_connections,seen_configuration,val,False,68,p12_exp_27_dyn_lc_seen_12,1788873347.276302,process,0.03,6,14.0,15.0,25.0,1,20.0,1.5,0,15.0,25.0,0,20.0,1.5,0,15.0,25.0,0,20.0,1.5,0,server-1,,,False,server-1,75.314,75.314,True,200,NORMAL,,11463.1070619,11463.1823755
p12_exp_27_dyn_lc_seen,phase12,dynamic_workload,dynamic_workload,least_connections,seen_configuration,val,False,68,p12_exp_27_dyn_lc_seen_13,1788873347.3490837,process,0.03,6,14.0,15.0,25.0,1,20.0,1.5,0,15.0,25.0,0,20.0,1.5,0,15.0,25.0,0,20.0,1.5,0,server-1,,,False,server-1,40.835,40.835,True,200,NORMAL,,11463.1796764,11463.2205111
p12_exp_27_dyn_lc_seen,phase12,dynamic_workload,dynamic_workload,least_connections,seen_configuration,val,False,68,p12_exp_27_dyn_lc_seen_14,1788873347.4205527,process,0.03,6,14.0,15.0,25.0,1,20.0,1.5,0,15.0,25.0,0,20.0,1.5,0,15.0,25.0,0,20.0,1.5,0,server-1,,,False,server-1,76.5,76.5,True,200,NORMAL,,11463.2513346,11463.3278349
p12_exp_27_dyn_lc_seen,phase12,dynamic_workload,dynamic_workload,least_connections,seen_configuration,val,False,68,p12_exp_27_dyn_lc_seen_15,1788873347.4924622,process,0.03,6,14.0,15.0,25.0,1,20.0,1.5,0,15.0,25.0,0,20.0,1.5,0,15.0,25.0,0,20.0,1.5,0,server-1,,,False,server-1,70.682,70.682,True,200,NORMAL,,11463.3232088,11463.3938908
p12_exp_27_dyn_lc_seen,phase12,dynamic_workload,dynamic_workload,least_connections,seen_configuration,val,False,68,p12_exp_27_dyn_lc_seen_16,1788873347.564345,process,0.03,6,14.0,15.0,25.0,1,20.0,1.5,0,15.0,25.0,0,20.0,1.5,0,15.0,25.0,0,20.0,1.5,0,server-1,,,False,server-1,62.432,62.432,True,200,NORMAL,,11463.395088,11463.4575204
p12_exp_27_dyn_lc_seen,phase12,dynamic_workload,dynamic_workload,least_connections,seen_configuration,val,False,68,p12_exp_27_dyn_lc_seen_17,1788873347.6359303,process,0.03,6,14.0,15.0,25.0,1,20.0,1.5,0,15.0,25.0,0,20.0,1.5,0,15.0,25.0,0,20.0,1.5,0,server-1,,,False,server-1,49.685,49.685,True,200,NORMAL,,11463.4667164,11463.5164011
p12_exp_27_dyn_lc_seen,phase12,dynamic_workload,dynamic_workload,least_connections,seen_configuration,val,False,68,p12_exp_27_dyn_lc_seen_18,1788873347.7076335,process,0.03,6,14.0,15.0,25.0,1,20.0,1.5,0,15.0,25.0,0,20.0,1.5,0,15.0,25.0,0,20.0,1.5,0,server-1,,,False,server-1,67.877,67.877,True,200,NORMAL,,11463.5383723,11463.6062494
p12_exp_27_dyn_lc_seen,phase12,dynamic_workload,dynamic_workload,least_connections,seen_configuration,val,False,68,p12_exp_27_dyn_lc_seen_19,1788873347.779621,process,0.03,6,14.0,15.0,25.0,1,20.0,1.5,0,15.0,25.0,0,20.0,1.5,0,15.0,25.0,0,20.0,1.5,0,server-1,,,False,server-1,36.777,36.777,True,200,NORMAL,,11463.6104282,11463.647205
p12_exp_27_dyn_lc_seen,phase12,dynamic_workload,dynamic_workload,least_connections,seen_configuration,val,False,68,p12_exp_27_dyn_lc_seen_20,1788873347.8517995,process,0.03,6,14.0,15.0,25.0,1,20.0,1.5,0,15.0,25.0,0,20.0,1.5,0,15.0,25.0,0,20.0,1.5,0,server-1,,,False,server-1,61.094,61.094,True,200,NORMAL,,11463.6825365,11463.7436301
p12_exp_27_dyn_lc_seen,phase12,dynamic_workload,dynamic_workload,least_connections,seen_configuration,val,False,68,p12_exp_27_dyn_lc_seen_21,1788873347.9238608,process,0.03,6,14.0,15.0,25.0,1,20.0,1.5,0,15.0,25.0,0,20.0,1.5,0,15.0,25.0,0,20.0,1.5,0,server-1,,,False,server-1,48.69,48.69,True,200,NORMAL,,11463.7545435,11463.8032334
p12_exp_27_dyn_lc_seen,phase12,dynamic_workload,dynamic_workload,least_connections,seen_configuration,val,False,68,p12_exp_27_dyn_lc_seen_22,1788873347.9958005,process,0.03,6,14.0,15.0,25.0,1,20.0,1.5,0,15.0,25.0,0,20.0,1.5,0,15.0,25.0,0,20.0,1.5,0,server-1,,,False,server-1,76.673,76.673,True,200,NORMAL,,11463.826458,11463.9031313
p12_exp_27_dyn_lc_seen,phase12,dynamic_workload,dynamic_workload,least_connections,seen_configuration,val,False,68,p12_exp_27_dyn_lc_seen_23,1788873348.0675054,process,0.03,6,14.0,15.0,25.0,1,20.0,1.5,0,15.0,25.0,0,20.0,1.5,0,15.0,25.0,0,20.0,1.5,0,server-1,,,False,server-1,60.467,60.467,True,200,NORMAL,,11463.8983034,11463.95877
p12_exp_27_dyn_lc_seen,phase12,dynamic_workload,dynamic_workload,least_connections,seen_configuration,val,False,68,p12_exp_27_dyn_lc_seen_24,1788873348.1395638,process,0.03,6,14.0,15.0,25.0,1,20.0,1.5,0,15.0,25.0,0,20.0,1.5,0,15.0,25.0,0,20.0,1.5,0,server-1,,,False,server-1,70.457,70.457,True,200,NORMAL,,11463.9701884,11464.0406456
p12_exp_27_dyn_lc_seen,phase12,dynamic_workload,dynamic_workload,least_connections,seen_configuration,val,False,68,p12_exp_27_dyn_lc_seen_25,1788873348.2113492,process,0.03,6,14.0,15.0,25.0,1,20.0,1.5,0,15.0,25.0,0,20.0,1.5,0,15.0,25.0,0,20.0,1.5,0,server-1,,,False,server-1,61.416,61.416,True,200,NORMAL,,11464.042018,11464.1034337
p12_exp_27_dyn_lc_seen,phase12,dynamic_workload,dynamic_workload,least_connections,seen_configuration,val,False,68,p12_exp_27_dyn_lc_seen_26,1788873348.283351,process,0.03,6,14.0,15.0,25.0,1,20.0,1.5,0,15.0,25.0,0,20.0,1.5,0,15.0,25.0,0,20.0,1.5,0,server-1,,,False,server-1,61.532,61.532,True,200,NORMAL,,11464.1140438,11464.1755758
p12_exp_27_dyn_lc_seen,phase12,dynamic_workload,dynamic_workload,least_connections,seen_configuration,val,False,68,p12_exp_27_dyn_lc_seen_27,1788873348.3552098,process,0.03,6,14.0,15.0,25.0,1,20.0,1.5,0,15.0,25.0,0,20.0,1.5,0,15.0,25.0,0,20.0,1.5,0,server-1,,,False,server-1,61.148,61.148,True,200,NORMAL,,11464.1858531,11464.2470015
p12_exp_27_dyn_lc_seen,phase12,dynamic_workload,dynamic_workload,least_connections,seen_configuration,val,False,68,p12_exp_27_dyn_lc_seen_28,1788873348.4272096,process,0.03,6,14.0,15.0,25.0,1,20.0,1.5,0,15.0,25.0,0,20.0,1.5,0,15.0,25.0,0,20.0,1.5,0,server-1,,,False,server-1,64.921,64.921,True,200,NORMAL,,11464.2579228,11464.3228441
p12_exp_27_dyn_lc_seen,phase12,dynamic_workload,dynamic_workload,least_connections,seen_configuration,val,False,68,p12_exp_27_dyn_lc_seen_29,1788873348.499315,process,0.03,6,14.0,15.0,25.0,1,20.0,1.5,0,15.0,25.0,0,20.0,1.5,0,15.0,25.0,0,20.0,1.5,0,server-1,,,False,server-1,47.641,47.641,True,200,NORMAL,,11464.3301045,11464.3777454
p12_exp_27_dyn_lc_seen,phase12,dynamic_workload,dynamic_workload,least_connections,seen_configuration,val,False,68,p12_exp_27_dyn_lc_seen_30,1788873348.5710402,process,0.03,6,14.0,15.0,25.0,1,20.0,1.5,0,15.0,25.0,0,20.0,1.5,0,15.0,25.0,0,20.0,1.5,0,server-1,,,False,server-1,68.364,68.364,True,200,NORMAL,,11464.4016682,11464.4700321
p12_exp_27_dyn_lc_seen,phase12,dynamic_workload,dynamic_workload,least_connections,seen_configuration,val,False,68,p12_exp_27_dyn_lc_seen_31,1788873348.642809,process,0.03,6,14.0,15.0,25.0,1,20.0,1.5,0,15.0,25.0,0,20.0,1.5,0,15.0,25.0,0,20.0,1.5,0,server-1,,,False,server-1,51.987,51.987,True,200,NORMAL,,11464.4735219,11464.5255088
p12_exp_27_dyn_lc_seen,phase12,dynamic_workload,dynamic_workload,least_connections,seen_configuration,val,False,68,p12_exp_27_dyn_lc_seen_32,1788873348.7144046,process,0.03,6,14.0,15.0,25.0,1,20.0,1.5,0,15.0,25.0,0,20.0,1.5,0,15.0,25.0,0,20.0,1.5,0,server-1,,,False,server-1,70.363,70.363,True,200,NORMAL,,11464.5450362,11464.6153996
p12_exp_27_dyn_lc_seen,phase12,dynamic_workload,dynamic_workload,least_connections,seen_configuration,val,False,68,p12_exp_27_dyn_lc_seen_33,1788873348.7861254,process,0.03,6,14.0,15.0,25.0,1,20.0,1.5,0,15.0,25.0,0,20.0,1.5,0,15.0,25.0,0,20.0,1.5,0,server-1,,,False,server-1,73.898,73.898,True,200,NORMAL,,11464.6168938,11464.6907921
p12_exp_27_dyn_lc_seen,phase12,dynamic_workload,dynamic_workload,least_connections,seen_configuration,val,False,68,p12_exp_27_dyn_lc_seen_34,1788873348.8578975,process,0.03,6,14.0,15.0,25.0,1,20.0,1.5,0,15.0,25.0,0,20.0,1.5,0,15.0,25.0,0,20.0,1.5,0,server-1,,,False,server-1,57.506,57.506,True,200,NORMAL,,11464.6887474,11464.7462533
p12_exp_27_dyn_lc_seen,phase12,dynamic_workload,dynamic_workload,least_connections,seen_configuration,val,False,68,p12_exp_27_dyn_lc_seen_35,1788873348.929636,process,0.03,6,14.0,15.0,25.0,1,20.0,1.5,0,15.0,25.0,0,20.0,1.5,0,15.0,25.0,0,20.0,1.5,0,server-1,,,False,server-1,55.205,55.205,True,200,NORMAL,,11464.7604107,11464.815616
p12_exp_27_dyn_lc_seen,phase12,dynamic_workload,dynamic_workload,least_connections,seen_configuration,val,False,68,p12_exp_27_dyn_lc_seen_36,1788873349.0016787,process,0.03,6,14.0,15.0,25.0,1,20.0,1.5,0,15.0,25.0,0,20.0,1.5,0,15.0,25.0,0,20.0,1.5,0,server-1,,,False,server-1,72.017,72.017,True,200,NORMAL,,11464.8324668,11464.9044841
p12_exp_27_dyn_lc_seen,phase12,dynamic_workload,dynamic_workload,least_connections,seen_configuration,val,False,68,p12_exp_27_dyn_lc_seen_37,1788873349.0736518,process,0.03,6,14.0,15.0,25.0,1,20.0,1.5,0,15.0,25.0,0,20.0,1.5,0,15.0,25.0,0,20.0,1.5,0,server-1,,,False,server-1,54.828,54.828,True,200,NORMAL,,11464.9045477,11464.9593761
p12_exp_27_dyn_lc_seen,phase12,dynamic_workload,dynamic_workload,least_connections,seen_configuration,val,False,68,p12_exp_27_dyn_lc_seen_38,1788873349.1456923,process,0.03,6,14.0,15.0,25.0,1,20.0,1.5,0,15.0,25.0,0,20.0,1.5,0,15.0,25.0,0,20.0,1.5,0,server-1,,,False,server-1,69.553,69.553,True,200,NORMAL,,11464.9763722,11465.0459255
p12_exp_27_dyn_lc_seen,phase12,dynamic_workload,dynamic_workload,least_connections,seen_configuration,val,False,68,p12_exp_27_dyn_lc_seen_39,1788873349.2175188,process,0.03,6,14.0,15.0,25.0,1,20.0,1.5,0,15.0,25.0,0,20.0,1.5,0,15.0,25.0,0,20.0,1.5,0,server-1,,,False,server-1,53.47,53.47,True,200,NORMAL,,11465.0481837,11465.1016539
p12_exp_27_dyn_lc_seen,phase12,dynamic_workload,dynamic_workload,least_connections,seen_configuration,val,False,68,p12_exp_27_dyn_lc_seen_40,1788873349.2892118,process,0.03,6,14.0,15.0,25.0,1,20.0,1.5,0,15.0,25.0,0,20.0,1.5,0,15.0,25.0,0,20.0,1.5,0,server-1,,,False,server-1,72.568,72.568,True,200,NORMAL,,11465.1199796,11465.1925475
p12_exp_28_dyn_ml_unseen,phase12,dynamic_workload,dynamic_workload,ml,unseen_configuration,test_unseen,False,69,p12_exp_28_dyn_ml_unseen_1,1788873350.1688929,process,0.025,10,22.0,15.0,25.0,0,20.0,1.5,0,15.0,25.0,0,20.0,1.5,0,15.0,25.0,1,20.0,1.5,0,server-3,http://127.0.0.1:8003,1.0,False,server-3,102.887,102.887,True,200,NORMAL,,11466.0004604,11466.1033473
p12_exp_28_dyn_ml_unseen,phase12,dynamic_workload,dynamic_workload,ml,unseen_configuration,test_unseen,False,69,p12_exp_28_dyn_ml_unseen_2,1788873350.2167263,process,0.025,10,22.0,15.0,25.0,0,20.0,1.5,0,15.0,25.0,0,20.0,1.5,0,15.0,25.0,1,20.0,1.5,0,server-3,http://127.0.0.1:8003,1.0,False,server-3,84.979,84.979,True,200,NORMAL,,11466.0473946,11466.1323739
p12_exp_28_dyn_ml_unseen,phase12,dynamic_workload,dynamic_workload,ml,unseen_configuration,test_unseen,False,69,p12_exp_28_dyn_ml_unseen_3,1788873350.2628615,process,0.025,10,22.0,15.0,25.0,0,20.0,1.5,0,15.0,25.0,0,20.0,1.5,0,15.0,25.0,1,20.0,1.5,0,server-3,http://127.0.0.1:8003,1.0,False,server-3,64.098,64.098,True,200,NORMAL,,11466.0938698,11466.1579677
p12_exp_28_dyn_ml_unseen,phase12,dynamic_workload,dynamic_workload,ml,unseen_configuration,test_unseen,False,69,p12_exp_28_dyn_ml_unseen_4,1788873350.3092265,process,0.025,10,22.0,15.0,25.0,0,20.0,1.5,0,15.0,25.0,0,20.0,1.5,0,15.0,25.0,1,20.0,1.5,0,server-3,http://127.0.0.1:8003,1.0,False,server-3,78.625,78.625,True,200,NORMAL,,11466.1399021,11466.218527
p12_exp_28_dyn_ml_unseen,phase12,dynamic_workload,dynamic_workload,ml,unseen_configuration,test_unseen,False,69,p12_exp_28_dyn_ml_unseen_5,1788873350.3551264,process,0.025,10,22.0,15.0,25.0,0,20.0,1.5,0,15.0,25.0,0,20.0,1.5,0,15.0,25.0,1,20.0,1.5,0,server-3,http://127.0.0.1:8003,1.0,False,server-3,42.191,42.191,True,200,NORMAL,,11466.185886,11466.2280771
p12_exp_28_dyn_ml_unseen,phase12,dynamic_workload,dynamic_workload,ml,unseen_configuration,test_unseen,False,69,p12_exp_28_dyn_ml_unseen_6,1788873350.4012854,process,0.025,10,22.0,15.0,25.0,0,20.0,1.5,0,15.0,25.0,0,20.0,1.5,0,15.0,25.0,1,20.0,1.5,0,server-3,http://127.0.0.1:8003,1.0,False,server-3,99.875,99.875,True,200,NORMAL,,11466.2320604,11466.3319355
p12_exp_28_dyn_ml_unseen,phase12,dynamic_workload,dynamic_workload,ml,unseen_configuration,test_unseen,False,69,p12_exp_28_dyn_ml_unseen_7,1788873350.4469955,process,0.025,10,22.0,15.0,25.0,0,20.0,1.5,0,15.0,25.0,0,20.0,1.5,0,15.0,25.0,1,20.0,1.5,0,server-3,http://127.0.0.1:8003,1.0,False,server-3,109.895,109.895,True,200,NORMAL,,11466.2776552,11466.3875503
p12_exp_28_dyn_ml_unseen,phase12,dynamic_workload,dynamic_workload,ml,unseen_configuration,test_unseen,False,69,p12_exp_28_dyn_ml_unseen_8,1788873350.4928803,process,0.025,10,22.0,15.0,25.0,0,20.0,1.5,0,15.0,25.0,0,20.0,1.5,0,15.0,25.0,1,20.0,1.5,0,server-3,http://127.0.0.1:8003,1.0,False,server-3,101.738,101.738,True,200,NORMAL,,11466.3235354,11466.4252737
p12_exp_28_dyn_ml_unseen,phase12,dynamic_workload,dynamic_workload,ml,unseen_configuration,test_unseen,False,69,p12_exp_28_dyn_ml_unseen_9,1788873350.5385938,process,0.025,10,22.0,15.0,25.0,0,20.0,1.5,0,15.0,25.0,0,20.0,1.5,0,15.0,25.0,1,20.0,1.5,0,server-3,http://127.0.0.1:8003,1.0,False,server-3,105.941,105.941,True,200,NORMAL,,11466.3692045,11466.4751452
p12_exp_28_dyn_ml_unseen,phase12,dynamic_workload,dynamic_workload,ml,unseen_configuration,test_unseen,False,69,p12_exp_28_dyn_ml_unseen_10,1788873350.5852268,process,0.025,10,22.0,15.0,25.0,0,20.0,1.5,0,15.0,25.0,0,20.0,1.5,0,15.0,25.0,1,20.0,1.5,0,server-3,http://127.0.0.1:8003,1.0,False,server-3,58.808,58.808,True,200,NORMAL,,11466.4159651,11466.474773
p12_exp_28_dyn_ml_unseen,phase12,dynamic_workload,dynamic_workload,ml,unseen_configuration,test_unseen,False,69,p12_exp_28_dyn_ml_unseen_11,1788873350.6313162,process,0.025,10,22.0,15.0,25.0,0,20.0,1.5,0,15.0,25.0,0,20.0,1.5,0,15.0,25.0,1,20.0,1.5,0,server-3,http://127.0.0.1:8003,1.0,False,server-3,85.806,85.806,True,200,NORMAL,,11466.4619992,11466.5478048
p12_exp_28_dyn_ml_unseen,phase12,dynamic_workload,dynamic_workload,ml,unseen_configuration,test_unseen,False,69,p12_exp_28_dyn_ml_unseen_12,1788873350.6775467,process,0.025,10,22.0,15.0,25.0,0,20.0,1.5,0,15.0,25.0,0,20.0,1.5,0,15.0,25.0,1,20.0,1.5,0,server-3,http://127.0.0.1:8003,1.0,False,server-3,77.833,77.833,True,200,NORMAL,,11466.5083738,11466.5862065
p12_exp_28_dyn_ml_unseen,phase12,dynamic_workload,dynamic_workload,ml,unseen_configuration,test_unseen,False,69,p12_exp_28_dyn_ml_unseen_13,1788873350.7236276,process,0.025,10,22.0,15.0,25.0,0,20.0,1.5,0,15.0,25.0,0,20.0,1.5,0,15.0,25.0,1,20.0,1.5,0,server-3,http://127.0.0.1:8003,1.0,False,server-3,42.986,42.986,True,200,NORMAL,,11466.5542998,11466.5972853
p12_exp_28_dyn_ml_unseen,phase12,dynamic_workload,dynamic_workload,ml,unseen_configuration,test_unseen,False,69,p12_exp_28_dyn_ml_unseen_14,1788873350.769391,process,0.025,10,22.0,15.0,25.0,0,20.0,1.5,0,15.0,25.0,0,20.0,1.5,0,15.0,25.0,1,20.0,1.5,0,server-3,http://127.0.0.1:8003,1.0,False,server-3,79.842,79.842,True,200,NORMAL,,11466.6000722,11466.679914
p12_exp_28_dyn_ml_unseen,phase12,dynamic_workload,dynamic_workload,ml,unseen_configuration,test_unseen,False,69,p12_exp_28_dyn_ml_unseen_15,1788873350.8153536,process,0.025,10,22.0,15.0,25.0,0,20.0,1.5,0,15.0,25.0,0,20.0,1.5,0,15.0,25.0,1,20.0,1.5,0,server-3,http://127.0.0.1:8003,1.0,False,server-3,100.069,100.069,True,200,NORMAL,,11466.6460466,11466.7461152
p12_exp_28_dyn_ml_unseen,phase12,dynamic_workload,dynamic_workload,ml,unseen_configuration,test_unseen,False,69,p12_exp_28_dyn_ml_unseen_16,1788873350.861175,process,0.025,10,22.0,15.0,25.0,0,20.0,1.5,0,15.0,25.0,0,20.0,1.5,0,15.0,25.0,1,20.0,1.5,0,server-3,http://127.0.0.1:8003,1.0,False,server-3,104.603,104.603,True,200,NORMAL,,11466.6918209,11466.7964235
p12_exp_28_dyn_ml_unseen,phase12,dynamic_workload,dynamic_workload,ml,unseen_configuration,test_unseen,False,69,p12_exp_28_dyn_ml_unseen_17,1788873350.9070468,process,0.025,10,22.0,15.0,25.0,0,20.0,1.5,0,15.0,25.0,0,20.0,1.5,0,15.0,25.0,1,20.0,1.5,0,server-3,http://127.0.0.1:8003,1.0,False,server-3,121.917,121.917,True,200,NORMAL,,11466.7380555,11466.8599726
p12_exp_28_dyn_ml_unseen,phase12,dynamic_workload,dynamic_workload,ml,unseen_configuration,test_unseen,False,69,p12_exp_28_dyn_ml_unseen_18,1788873350.953261,process,0.025,10,22.0,15.0,25.0,0,20.0,1.5,0,15.0,25.0,0,20.0,1.5,0,15.0,25.0,1,20.0,1.5,0,server-3,http://127.0.0.1:8003,1.0,False,server-3,119.462,119.462,True,200,NORMAL,,11466.7840075,11466.9034699
p12_exp_28_dyn_ml_unseen,phase12,dynamic_workload,dynamic_workload,ml,unseen_configuration,test_unseen,False,69,p12_exp_28_dyn_ml_unseen_19,1788873350.9993715,process,0.025,10,22.0,15.0,25.0,0,20.0,1.5,0,15.0,25.0,0,20.0,1.5,0,15.0,25.0,1,20.0,1.5,0,server-3,http://127.0.0.1:8003,1.0,False,server-3,64.744,64.744,True,200,NORMAL,,11466.8301972,11466.894941
p12_exp_28_dyn_ml_unseen,phase12,dynamic_workload,dynamic_workload,ml,unseen_configuration,test_unseen,False,69,p12_exp_28_dyn_ml_unseen_20,1788873351.0450523,process,0.025,10,22.0,15.0,25.0,0,20.0,1.5,0,15.0,25.0,0,20.0,1.5,0,15.0,25.0,1,20.0,1.5,0,server-3,http://127.0.0.1:8003,1.0,False,server-3,77.672,77.672,True,200,NORMAL,,11466.8757632,11466.9534357
p12_exp_28_dyn_ml_unseen,phase12,dynamic_workload,dynamic_workload,ml,unseen_configuration,test_unseen,False,69,p12_exp_28_dyn_ml_unseen_21,1788873351.091094,process,0.025,10,22.0,15.0,25.0,0,20.0,1.5,0,15.0,25.0,0,20.0,1.5,0,15.0,25.0,1,20.0,1.5,0,server-3,http://127.0.0.1:8003,1.0,False,server-3,77.346,77.346,True,200,NORMAL,,11466.9220111,11466.9993568
p12_exp_28_dyn_ml_unseen,phase12,dynamic_workload,dynamic_workload,ml,unseen_configuration,test_unseen,False,69,p12_exp_28_dyn_ml_unseen_22,1788873351.137418,process,0.025,10,22.0,15.0,25.0,0,20.0,1.5,0,15.0,25.0,0,20.0,1.5,0,15.0,25.0,1,20.0,1.5,0,server-3,http://127.0.0.1:8003,1.0,False,server-3,63.142,63.142,True,200,NORMAL,,11466.968073,11467.0312146
p12_exp_28_dyn_ml_unseen,phase12,dynamic_workload,dynamic_workload,ml,unseen_configuration,test_unseen,False,69,p12_exp_28_dyn_ml_unseen_23,1788873351.1830142,process,0.025,10,22.0,15.0,25.0,0,20.0,1.5,0,15.0,25.0,0,20.0,1.5,0,15.0,25.0,1,20.0,1.5,0,server-3,http://127.0.0.1:8003,1.0,False,server-3,116.665,116.665,True,200,NORMAL,,11467.0137283,11467.1303937
p12_exp_28_dyn_ml_unseen,phase12,dynamic_workload,dynamic_workload,ml,unseen_configuration,test_unseen,False,69,p12_exp_28_dyn_ml_unseen_24,1788873351.2289777,process,0.025,10,22.0,15.0,25.0,0,20.0,1.5,0,15.0,25.0,0,20.0,1.5,0,15.0,25.0,1,20.0,1.5,0,server-3,http://127.0.0.1:8003,1.0,False,server-3,115.036,115.036,True,200,NORMAL,,11467.0598747,11467.1749105
p12_exp_28_dyn_ml_unseen,phase12,dynamic_workload,dynamic_workload,ml,unseen_configuration,test_unseen,False,69,p12_exp_28_dyn_ml_unseen_25,1788873351.2751226,process,0.025,10,22.0,15.0,25.0,0,20.0,1.5,0,15.0,25.0,0,20.0,1.5,0,15.0,25.0,1,20.0,1.5,0,server-3,http://127.0.0.1:8003,1.0,False,server-3,89.924,89.924,True,200,NORMAL,,11467.1057832,11467.1957072
p12_exp_28_dyn_ml_unseen,phase12,dynamic_workload,dynamic_workload,ml,unseen_configuration,test_unseen,False,69,p12_exp_28_dyn_ml_unseen_26,1788873351.3210022,process,0.025,10,22.0,15.0,25.0,0,20.0,1.5,0,15.0,25.0,0,20.0,1.5,0,15.0,25.0,1,20.0,1.5,0,server-3,http://127.0.0.1:8003,1.0,False,server-3,76.643,76.643,True,200,NORMAL,,11467.1516629,11467.2283054
p12_exp_28_dyn_ml_unseen,phase12,dynamic_workload,dynamic_workload,ml,unseen_configuration,test_unseen,False,69,p12_exp_28_dyn_ml_unseen_27,1788873351.3670669,process,0.025,10,22.0,15.0,25.0,0,20.0,1.5,0,15.0,25.0,0,20.0,1.5,0,15.0,25.0,1,20.0,1.5,0,server-3,http://127.0.0.1:8003,1.0,False,server-3,65.763,65.763,True,200,NORMAL,,11467.1978091,11467.263572
p12_exp_28_dyn_ml_unseen,phase12,dynamic_workload,dynamic_workload,ml,unseen_configuration,test_unseen,False,69,p12_exp_28_dyn_ml_unseen_28,1788873351.4128993,process,0.025,10,22.0,15.0,25.0,0,20.0,1.5,0,15.0,25.0,0,20.0,1.5,0,15.0,25.0,1,20.0,1.5,0,server-3,http://127.0.0.1:8003,1.0,False,server-3,84.128,84.128,True,200,NORMAL,,11467.2436011,11467.3277292
p12_exp_28_dyn_ml_unseen,phase12,dynamic_workload,dynamic_workload,ml,unseen_configuration,test_unseen,False,69,p12_exp_28_dyn_ml_unseen_29,1788873351.458818,process,0.025,10,22.0,15.0,25.0,0,20.0,1.5,0,15.0,25.0,0,20.0,1.5,0,15.0,25.0,1,20.0,1.5,0,server-3,http://127.0.0.1:8003,1.0,False,server-3,78.158,78.158,True,200,NORMAL,,11467.2897361,11467.367894
p12_exp_28_dyn_ml_unseen,phase12,dynamic_workload,dynamic_workload,ml,unseen_configuration,test_unseen,False,69,p12_exp_28_dyn_ml_unseen_30,1788873351.5049503,process,0.025,10,22.0,15.0,25.0,0,20.0,1.5,0,15.0,25.0,0,20.0,1.5,0,15.0,25.0,1,20.0,1.5,0,server-3,http://127.0.0.1:8003,1.0,False,server-3,88.308,88.308,True,200,NORMAL,,11467.3356534,11467.4239609
p12_exp_28_dyn_ml_unseen,phase12,dynamic_workload,dynamic_workload,ml,unseen_configuration,test_unseen,False,69,p12_exp_28_dyn_ml_unseen_31,1788873351.5507493,process,0.025,10,22.0,15.0,25.0,0,20.0,1.5,0,15.0,25.0,0,20.0,1.5,0,15.0,25.0,1,20.0,1.5,0,server-3,http://127.0.0.1:8003,1.0,False,server-3,86.828,86.828,True,200,NORMAL,,11467.3814844,11467.4683124
p12_exp_28_dyn_ml_unseen,phase12,dynamic_workload,dynamic_workload,ml,unseen_configuration,test_unseen,False,69,p12_exp_28_dyn_ml_unseen_32,1788873351.5966833,process,0.025,10,22.0,15.0,25.0,0,20.0,1.5,0,15.0,25.0,0,20.0,1.5,0,15.0,25.0,1,20.0,1.5,0,server-3,http://127.0.0.1:8003,1.0,False,server-3,56.933,56.933,True,200,NORMAL,,11467.427351,11467.4842836
p12_exp_28_dyn_ml_unseen,phase12,dynamic_workload,dynamic_workload,ml,unseen_configuration,test_unseen,False,69,p12_exp_28_dyn_ml_unseen_33,1788873351.6427927,process,0.025,10,22.0,15.0,25.0,0,20.0,1.5,0,15.0,25.0,0,20.0,1.5,0,15.0,25.0,1,20.0,1.5,0,server-3,http://127.0.0.1:8003,1.0,False,server-3,64.502,64.502,True,200,NORMAL,,11467.4735034,11467.5380052
p12_exp_28_dyn_ml_unseen,phase12,dynamic_workload,dynamic_workload,ml,unseen_configuration,test_unseen,False,69,p12_exp_28_dyn_ml_unseen_34,1788873351.6887825,process,0.025,10,22.0,15.0,25.0,0,20.0,1.5,0,15.0,25.0,0,20.0,1.5,0,15.0,25.0,1,20.0,1.5,0,server-3,http://127.0.0.1:8003,1.0,False,server-3,96.39,96.39,True,200,NORMAL,,11467.5194924,11467.6158826
p12_exp_28_dyn_ml_unseen,phase12,dynamic_workload,dynamic_workload,ml,unseen_configuration,test_unseen,False,69,p12_exp_28_dyn_ml_unseen_35,1788873351.7347472,process,0.025,10,22.0,15.0,25.0,0,20.0,1.5,0,15.0,25.0,0,20.0,1.5,0,15.0,25.0,1,20.0,1.5,0,server-3,http://127.0.0.1:8003,1.0,False,server-3,77.86,77.86,True,200,NORMAL,,11467.5654955,11467.6433555
p12_exp_28_dyn_ml_unseen,phase12,dynamic_workload,dynamic_workload,ml,unseen_configuration,test_unseen,False,69,p12_exp_28_dyn_ml_unseen_36,1788873351.7811787,process,0.025,10,22.0,15.0,25.0,0,20.0,1.5,0,15.0,25.0,0,20.0,1.5,0,15.0,25.0,1,20.0,1.5,0,server-3,http://127.0.0.1:8003,1.0,False,server-3,88.851,88.851,True,200,NORMAL,,11467.6117814,11467.7006325
p12_exp_28_dyn_ml_unseen,phase12,dynamic_workload,dynamic_workload,ml,unseen_configuration,test_unseen,False,69,p12_exp_28_dyn_ml_unseen_37,1788873351.8267472,process,0.025,10,22.0,15.0,25.0,0,20.0,1.5,0,15.0,25.0,0,20.0,1.5,0,15.0,25.0,1,20.0,1.5,0,server-3,http://127.0.0.1:8003,1.0,False,server-3,55.491,55.491,True,200,NORMAL,,11467.6575341,11467.7130247
p12_exp_28_dyn_ml_unseen,phase12,dynamic_workload,dynamic_workload,ml,unseen_configuration,test_unseen,False,69,p12_exp_28_dyn_ml_unseen_38,1788873351.8725884,process,0.025,10,22.0,15.0,25.0,0,20.0,1.5,0,15.0,25.0,0,20.0,1.5,0,15.0,25.0,1,20.0,1.5,0,server-3,http://127.0.0.1:8003,1.0,False,server-3,67.544,67.544,True,200,NORMAL,,11467.7032812,11467.7708256
p12_exp_28_dyn_ml_unseen,phase12,dynamic_workload,dynamic_workload,ml,unseen_configuration,test_unseen,False,69,p12_exp_28_dyn_ml_unseen_39,1788873351.9182196,process,0.025,10,22.0,15.0,25.0,0,20.0,1.5,0,15.0,25.0,0,20.0,1.5,0,15.0,25.0,1,20.0,1.5,0,server-3,http://127.0.0.1:8003,1.0,False,server-3,53.115,53.115,True,200,NORMAL,,11467.7488908,11467.8020056
p12_exp_28_dyn_ml_unseen,phase12,dynamic_workload,dynamic_workload,ml,unseen_configuration,test_unseen,False,69,p12_exp_28_dyn_ml_unseen_40,1788873351.9638102,process,0.025,10,22.0,15.0,25.0,0,20.0,1.5,0,15.0,25.0,0,20.0,1.5,0,15.0,25.0,1,20.0,1.5,0,server-3,http://127.0.0.1:8003,1.0,False,server-3,180.176,180.176,True,200,NORMAL,,11467.7945556,11467.9747318
p12_exp_28_dyn_ml_unseen,phase12,dynamic_workload,dynamic_workload,ml,unseen_configuration,test_unseen,False,69,p12_exp_28_dyn_ml_unseen_41,1788873352.009899,process,0.025,10,22.0,15.0,25.0,0,20.0,1.5,0,15.0,25.0,0,20.0,1.5,0,15.0,25.0,1,20.0,1.5,0,server-3,http://127.0.0.1:8003,1.0,False,server-3,201.451,201.451,True,200,NORMAL,,11467.8405962,11468.0420472
p12_exp_28_dyn_ml_unseen,phase12,dynamic_workload,dynamic_workload,ml,unseen_configuration,test_unseen,False,69,p12_exp_28_dyn_ml_unseen_42,1788873352.055628,process,0.025,10,22.0,15.0,25.0,0,20.0,1.5,0,15.0,25.0,0,20.0,1.5,0,15.0,25.0,1,20.0,1.5,0,server-3,http://127.0.0.1:8003,1.0,False,server-3,209.028,209.028,True,200,NORMAL,,11467.8863037,11468.0953318
p12_exp_28_dyn_ml_unseen,phase12,dynamic_workload,dynamic_workload,ml,unseen_configuration,test_unseen,False,69,p12_exp_28_dyn_ml_unseen_43,1788873352.101903,process,0.025,10,22.0,15.0,25.0,0,20.0,1.5,0,15.0,25.0,0,20.0,1.5,0,15.0,25.0,1,20.0,1.5,0,server-3,http://127.0.0.1:8003,1.0,False,server-3,208.236,208.236,True,200,NORMAL,,11467.9328588,11468.1410946
p12_exp_28_dyn_ml_unseen,phase12,dynamic_workload,dynamic_workload,ml,unseen_configuration,test_unseen,False,69,p12_exp_28_dyn_ml_unseen_44,1788873352.1484246,process,0.025,10,22.0,15.0,25.0,0,20.0,1.5,0,15.0,25.0,0,20.0,1.5,0,15.0,25.0,1,20.0,1.5,0,server-3,http://127.0.0.1:8003,1.0,False,server-3,162.998,162.998,True,200,NORMAL,,11467.979165,11468.1421628
p12_exp_28_dyn_ml_unseen,phase12,dynamic_workload,dynamic_workload,ml,unseen_configuration,test_unseen,False,69,p12_exp_28_dyn_ml_unseen_45,1788873352.1945803,process,0.025,10,22.0,15.0,25.0,0,20.0,1.5,0,15.0,25.0,0,20.0,1.5,0,15.0,25.0,1,20.0,1.5,0,server-3,http://127.0.0.1:8003,1.0,False,server-3,146.507,146.507,True,200,NORMAL,,11468.0255452,11468.1720521
p12_exp_29_dyn_iphash_unseen,phase12,dynamic_workload,dynamic_workload,ip_hash,unseen_configuration,test_unseen,False,70,p12_exp_29_dyn_iphash_unseen_1,1788873354.0477145,process,0.022,11,24.0,15.0,25.0,1,20.0,1.5,0,15.0,25.0,0,20.0,1.5,0,15.0,25.0,0,20.0,1.5,0,server-1,,,False,server-1,38.567,38.567,True,200,NORMAL,,11469.8799704,11469.9185372
p12_exp_29_dyn_iphash_unseen,phase12,dynamic_workload,dynamic_workload,ip_hash,unseen_configuration,test_unseen,False,70,p12_exp_29_dyn_iphash_unseen_2,1788873354.091798,process,0.022,11,24.0,15.0,25.0,1,20.0,1.5,0,15.0,25.0,0,20.0,1.5,0,15.0,25.0,0,20.0,1.5,0,server-1,,,False,server-1,51.117,51.117,True,200,NORMAL,,11469.9224898,11469.973607
p12_exp_29_dyn_iphash_unseen,phase12,dynamic_workload,dynamic_workload,ip_hash,unseen_configuration,test_unseen,False,70,p12_exp_29_dyn_iphash_unseen_3,1788873354.134023,process,0.022,11,24.0,15.0,25.0,1,20.0,1.5,0,15.0,25.0,0,20.0,1.5,0,15.0,25.0,0,20.0,1.5,0,server-1,,,False,server-1,61.298,61.298,True,200,NORMAL,,11469.9661173,11470.0274154
p12_exp_29_dyn_iphash_unseen,phase12,dynamic_workload,dynamic_workload,ip_hash,unseen_configuration,test_unseen,False,70,p12_exp_29_dyn_iphash_unseen_4,1788873354.1779876,process,0.022,11,24.0,15.0,25.0,1,20.0,1.5,0,15.0,25.0,0,20.0,1.5,0,15.0,25.0,0,20.0,1.5,0,server-1,,,False,server-1,66.789,66.789,True,200,NORMAL,,11470.0087747,11470.0755641
p12_exp_29_dyn_iphash_unseen,phase12,dynamic_workload,dynamic_workload,ip_hash,unseen_configuration,test_unseen,False,70,p12_exp_29_dyn_iphash_unseen_5,1788873354.2202456,process,0.022,11,24.0,15.0,25.0,1,20.0,1.5,0,15.0,25.0,0,20.0,1.5,0,15.0,25.0,0,20.0,1.5,0,server-1,,,False,server-1,47.45,47.45,True,200,NORMAL,,11470.0510182,11470.0984684
p12_exp_29_dyn_iphash_unseen,phase12,dynamic_workload,dynamic_workload,ip_hash,unseen_configuration,test_unseen,False,70,p12_exp_29_dyn_iphash_unseen_6,1788873354.2621834,process,0.022,11,24.0,15.0,25.0,1,20.0,1.5,0,15.0,25.0,0,20.0,1.5,0,15.0,25.0,0,20.0,1.5,0,server-1,,,False,server-1,49.568,49.568,True,200,NORMAL,,11470.0929597,11470.142528
p12_exp_29_dyn_iphash_unseen,phase12,dynamic_workload,dynamic_workload,ip_hash,unseen_configuration,test_unseen,False,70,p12_exp_29_dyn_iphash_unseen_7,1788873354.304299,process,0.022,11,24.0,15.0,25.0,1,20.0,1.5,0,15.0,25.0,0,20.0,1.5,0,15.0,25.0,0,20.0,1.5,0,server-1,,,False,server-1,72.484,72.484,True,200,NORMAL,,11470.134965,11470.2074489
p12_exp_29_dyn_iphash_unseen,phase12,dynamic_workload,dynamic_workload,ip_hash,unseen_configuration,test_unseen,False,70,p12_exp_29_dyn_iphash_unseen_8,1788873354.346419,process,0.022,11,24.0,15.0,25.0,1,20.0,1.5,0,15.0,25.0,0,20.0,1.5,0,15.0,25.0,0,20.0,1.5,0,server-1,,,False,server-1,51.731,51.731,True,200,NORMAL,,11470.1772772,11470.2290084
p12_exp_29_dyn_iphash_unseen,phase12,dynamic_workload,dynamic_workload,ip_hash,unseen_configuration,test_unseen,False,70,p12_exp_29_dyn_iphash_unseen_9,1788873354.3889463,process,0.022,11,24.0,15.0,25.0,1,20.0,1.5,0,15.0,25.0,0,20.0,1.5,0,15.0,25.0,0,20.0,1.5,0,server-1,,,False,server-1,64.07,64.07,True,200,NORMAL,,11470.2198119,11470.2838814
p12_exp_29_dyn_iphash_unseen,phase12,dynamic_workload,dynamic_workload,ip_hash,unseen_configuration,test_unseen,False,70,p12_exp_29_dyn_iphash_unseen_10,1788873354.431524,process,0.022,11,24.0,15.0,25.0,1,20.0,1.5,0,15.0,25.0,0,20.0,1.5,0,15.0,25.0,0,20.0,1.5,0,server-1,,,False,server-1,52.024,52.024,True,200,NORMAL,,11470.2621949,11470.3142187
p12_exp_29_dyn_iphash_unseen,phase12,dynamic_workload,dynamic_workload,ip_hash,unseen_configuration,test_unseen,False,70,p12_exp_29_dyn_iphash_unseen_11,1788873354.473498,process,0.022,11,24.0,15.0,25.0,1,20.0,1.5,0,15.0,25.0,0,20.0,1.5,0,15.0,25.0,0,20.0,1.5,0,server-1,,,False,server-1,56.72,56.72,True,200,NORMAL,,11470.3042774,11470.3609978
p12_exp_29_dyn_iphash_unseen,phase12,dynamic_workload,dynamic_workload,ip_hash,unseen_configuration,test_unseen,False,70,p12_exp_29_dyn_iphash_unseen_12,1788873354.5158193,process,0.022,11,24.0,15.0,25.0,1,20.0,1.5,0,15.0,25.0,0,20.0,1.5,0,15.0,25.0,0,20.0,1.5,0,server-1,,,False,server-1,37.024,37.024,True,200,NORMAL,,11470.3466134,11470.3836369
p12_exp_29_dyn_iphash_unseen,phase12,dynamic_workload,dynamic_workload,ip_hash,unseen_configuration,test_unseen,False,70,p12_exp_29_dyn_iphash_unseen_13,1788873354.5582838,process,0.022,11,24.0,15.0,25.0,1,20.0,1.5,0,15.0,25.0,0,20.0,1.5,0,15.0,25.0,0,20.0,1.5,0,server-1,,,False,server-1,53.477,53.477,True,200,NORMAL,,11470.3889785,11470.442455
p12_exp_29_dyn_iphash_unseen,phase12,dynamic_workload,dynamic_workload,ip_hash,unseen_configuration,test_unseen,False,70,p12_exp_29_dyn_iphash_unseen_14,1788873354.6003132,process,0.022,11,24.0,15.0,25.0,1,20.0,1.5,0,15.0,25.0,0,20.0,1.5,0,15.0,25.0,0,20.0,1.5,0,server-1,,,False,server-1,60.819,60.819,True,200,NORMAL,,11470.4311029,11470.4919218
p12_exp_29_dyn_iphash_unseen,phase12,dynamic_workload,dynamic_workload,ip_hash,unseen_configuration,test_unseen,False,70,p12_exp_29_dyn_iphash_unseen_15,1788873354.6423688,process,0.022,11,24.0,15.0,25.0,1,20.0,1.5,0,15.0,25.0,0,20.0,1.5,0,15.0,25.0,0,20.0,1.5,0,server-1,,,False,server-1,49.283,49.283,True,200,NORMAL,,11470.4731172,11470.5224005
p12_exp_29_dyn_iphash_unseen,phase12,dynamic_workload,dynamic_workload,ip_hash,unseen_configuration,test_unseen,False,70,p12_exp_29_dyn_iphash_unseen_16,1788873354.6845028,process,0.022,11,24.0,15.0,25.0,1,20.0,1.5,0,15.0,25.0,0,20.0,1.5,0,15.0,25.0,0,20.0,1.5,0,server-1,,,False,server-1,47.018,47.018,True,200,NORMAL,,11470.5153759,11470.5623937
p12_exp_29_dyn_iphash_unseen,phase12,dynamic_workload,dynamic_workload,ip_hash,unseen_configuration,test_unseen,False,70,p12_exp_29_dyn_iphash_unseen_17,1788873354.727139,process,0.022,11,24.0,15.0,25.0,1,20.0,1.5,0,15.0,25.0,0,20.0,1.5,0,15.0,25.0,0,20.0,1.5,0,server-1,,,False,server-1,67.69,67.69,True,200,NORMAL,,11470.5580058,11470.6256956
p12_exp_29_dyn_iphash_unseen,phase12,dynamic_workload,dynamic_workload,ip_hash,unseen_configuration,test_unseen,False,70,p12_exp_29_dyn_iphash_unseen_18,1788873354.7695749,process,0.022,11,24.0,15.0,25.0,1,20.0,1.5,0,15.0,25.0,0,20.0,1.5,0,15.0,25.0,0,20.0,1.5,0,server-1,,,False,server-1,54.321,54.321,True,200,NORMAL,,11470.6004595,11470.654781
p12_exp_29_dyn_iphash_unseen,phase12,dynamic_workload,dynamic_workload,ip_hash,unseen_configuration,test_unseen,False,70,p12_exp_29_dyn_iphash_unseen_19,1788873354.8115451,process,0.022,11,24.0,15.0,25.0,1,20.0,1.5,0,15.0,25.0,0,20.0,1.5,0,15.0,25.0,0,20.0,1.5,0,server-1,,,False,server-1,43.983,43.983,True,200,NORMAL,,11470.6422932,11470.6862761
p12_exp_29_dyn_iphash_unseen,phase12,dynamic_workload,dynamic_workload,ip_hash,unseen_configuration,test_unseen,False,70,p12_exp_29_dyn_iphash_unseen_20,1788873354.8539157,process,0.022,11,24.0,15.0,25.0,1,20.0,1.5,0,15.0,25.0,0,20.0,1.5,0,15.0,25.0,0,20.0,1.5,0,server-1,,,False,server-1,30.647,30.647,True,200,NORMAL,,11470.6848472,11470.7154941
p12_exp_29_dyn_iphash_unseen,phase12,dynamic_workload,dynamic_workload,ip_hash,unseen_configuration,test_unseen,False,70,p12_exp_29_dyn_iphash_unseen_21,1788873354.895857,process,0.022,11,24.0,15.0,25.0,1,20.0,1.5,0,15.0,25.0,0,20.0,1.5,0,15.0,25.0,0,20.0,1.5,0,server-1,,,False,server-1,50.174,50.174,True,200,NORMAL,,11470.7265357,11470.7767094
p12_exp_29_dyn_iphash_unseen,phase12,dynamic_workload,dynamic_workload,ip_hash,unseen_configuration,test_unseen,False,70,p12_exp_29_dyn_iphash_unseen_22,1788873354.9380229,process,0.022,11,24.0,15.0,25.0,1,20.0,1.5,0,15.0,25.0,0,20.0,1.5,0,15.0,25.0,0,20.0,1.5,0,server-1,,,False,server-1,60.74,60.74,True,200,NORMAL,,11470.7688126,11470.8295521
p12_exp_29_dyn_iphash_unseen,phase12,dynamic_workload,dynamic_workload,ip_hash,unseen_configuration,test_unseen,False,70,p12_exp_29_dyn_iphash_unseen_23,1788873354.9805074,process,0.022,11,24.0,15.0,25.0,1,20.0,1.5,0,15.0,25.0,0,20.0,1.5,0,15.0,25.0,0,20.0,1.5,0,server-1,,,False,server-1,43.33,43.33,True,200,NORMAL,,11470.811166,11470.8544957
p12_exp_29_dyn_iphash_unseen,phase12,dynamic_workload,dynamic_workload,ip_hash,unseen_configuration,test_unseen,False,70,p12_exp_29_dyn_iphash_unseen_24,1788873355.0229352,process,0.022,11,24.0,15.0,25.0,1,20.0,1.5,0,15.0,25.0,0,20.0,1.5,0,15.0,25.0,0,20.0,1.5,0,server-1,,,False,server-1,31.374,31.374,True,200,NORMAL,,11470.8535063,11470.8848801
p12_exp_29_dyn_iphash_unseen,phase12,dynamic_workload,dynamic_workload,ip_hash,unseen_configuration,test_unseen,False,70,p12_exp_29_dyn_iphash_unseen_25,1788873355.0647695,process,0.022,11,24.0,15.0,25.0,1,20.0,1.5,0,15.0,25.0,0,20.0,1.5,0,15.0,25.0,0,20.0,1.5,0,server-1,,,False,server-1,44.922,44.922,True,200,NORMAL,,11470.8954402,11470.9403617
p12_exp_29_dyn_iphash_unseen,phase12,dynamic_workload,dynamic_workload,ip_hash,unseen_configuration,test_unseen,False,70,p12_exp_29_dyn_iphash_unseen_26,1788873355.106995,process,0.022,11,24.0,15.0,25.0,1,20.0,1.5,0,15.0,25.0,0,20.0,1.5,0,15.0,25.0,0,20.0,1.5,0,server-1,,,False,server-1,48.222,48.222,True,200,NORMAL,,11470.9376838,11470.9859055
p12_exp_29_dyn_iphash_unseen,phase12,dynamic_workload,dynamic_workload,ip_hash,unseen_configuration,test_unseen,False,70,p12_exp_29_dyn_iphash_unseen_27,1788873355.1489906,process,0.022,11,24.0,15.0,25.0,1,20.0,1.5,0,15.0,25.0,0,20.0,1.5,0,15.0,25.0,0,20.0,1.5,0,server-1,,,False,server-1,39.875,39.875,True,200,NORMAL,,11470.9797433,11471.019618
p12_exp_29_dyn_iphash_unseen,phase12,dynamic_workload,dynamic_workload,ip_hash,unseen_configuration,test_unseen,False,70,p12_exp_29_dyn_iphash_unseen_28,1788873355.1908672,process,0.022,11,24.0,15.0,25.0,1,20.0,1.5,0,15.0,25.0,0,20.0,1.5,0,15.0,25.0,0,20.0,1.5,0,server-1,,,False,server-1,52.965,52.965,True,200,NORMAL,,11471.0215618,11471.0745263
p12_exp_29_dyn_iphash_unseen,phase12,dynamic_workload,dynamic_workload,ip_hash,unseen_configuration,test_unseen,False,70,p12_exp_29_dyn_iphash_unseen_29,1788873355.2333486,process,0.022,11,24.0,15.0,25.0,1,20.0,1.5,0,15.0,25.0,0,20.0,1.5,0,15.0,25.0,0,20.0,1.5,0,server-1,,,False,server-1,60.908,60.908,True,200,NORMAL,,11471.0641408,11471.1250484
p12_exp_29_dyn_iphash_unseen,phase12,dynamic_workload,dynamic_workload,ip_hash,unseen_configuration,test_unseen,False,70,p12_exp_29_dyn_iphash_unseen_30,1788873355.2752075,process,0.022,11,24.0,15.0,25.0,1,20.0,1.5,0,15.0,25.0,0,20.0,1.5,0,15.0,25.0,0,20.0,1.5,0,server-1,,,False,server-1,77.108,77.108,True,200,NORMAL,,11471.1058814,11471.182989
p12_exp_29_dyn_iphash_unseen,phase12,dynamic_workload,dynamic_workload,ip_hash,unseen_configuration,test_unseen,False,70,p12_exp_29_dyn_iphash_unseen_31,1788873355.3171904,process,0.022,11,24.0,15.0,25.0,1,20.0,1.5,0,15.0,25.0,0,20.0,1.5,0,15.0,25.0,0,20.0,1.5,0,server-1,,,False,server-1,59.019,59.019,True,200,NORMAL,,11471.1479277,11471.2069462
p12_exp_29_dyn_iphash_unseen,phase12,dynamic_workload,dynamic_workload,ip_hash,unseen_configuration,test_unseen,False,70,p12_exp_29_dyn_iphash_unseen_32,1788873355.35953,process,0.022,11,24.0,15.0,25.0,1,20.0,1.5,0,15.0,25.0,0,20.0,1.5,0,15.0,25.0,0,20.0,1.5,0,server-1,,,False,server-1,45.881,45.881,True,200,NORMAL,,11471.1902019,11471.2360834
p12_exp_29_dyn_iphash_unseen,phase12,dynamic_workload,dynamic_workload,ip_hash,unseen_configuration,test_unseen,False,70,p12_exp_29_dyn_iphash_unseen_33,1788873355.401713,process,0.022,11,24.0,15.0,25.0,1,20.0,1.5,0,15.0,25.0,0,20.0,1.5,0,15.0,25.0,0,20.0,1.5,0,server-1,,,False,server-1,58.889,58.889,True,200,NORMAL,,11471.2324262,11471.2913149
p12_exp_29_dyn_iphash_unseen,phase12,dynamic_workload,dynamic_workload,ip_hash,unseen_configuration,test_unseen,False,70,p12_exp_29_dyn_iphash_unseen_34,1788873355.4440198,process,0.022,11,24.0,15.0,25.0,1,20.0,1.5,0,15.0,25.0,0,20.0,1.5,0,15.0,25.0,0,20.0,1.5,0,server-1,,,False,server-1,66.52,66.52,True,200,NORMAL,,11471.274692,11471.3412123
p12_exp_29_dyn_iphash_unseen,phase12,dynamic_workload,dynamic_workload,ip_hash,unseen_configuration,test_unseen,False,70,p12_exp_29_dyn_iphash_unseen_35,1788873355.4861891,process,0.022,11,24.0,15.0,25.0,1,20.0,1.5,0,15.0,25.0,0,20.0,1.5,0,15.0,25.0,0,20.0,1.5,0,server-1,,,False,server-1,50.925,50.925,True,200,NORMAL,,11471.3168721,11471.3677968
p12_exp_29_dyn_iphash_unseen,phase12,dynamic_workload,dynamic_workload,ip_hash,unseen_configuration,test_unseen,False,70,p12_exp_29_dyn_iphash_unseen_36,1788873355.5282354,process,0.022,11,24.0,15.0,25.0,1,20.0,1.5,0,15.0,25.0,0,20.0,1.5,0,15.0,25.0,0,20.0,1.5,0,server-1,,,False,server-1,39.553,39.553,True,200,NORMAL,,11471.359022,11471.3985752
p12_exp_29_dyn_iphash_unseen,phase12,dynamic_workload,dynamic_workload,ip_hash,unseen_configuration,test_unseen,False,70,p12_exp_29_dyn_iphash_unseen_37,1788873355.5702243,process,0.022,11,24.0,15.0,25.0,1,20.0,1.5,0,15.0,25.0,0,20.0,1.5,0,15.0,25.0,0,20.0,1.5,0,server-1,,,False,server-1,64.503,64.503,True,200,NORMAL,,11471.4009238,11471.4654272
p12_exp_29_dyn_iphash_unseen,phase12,dynamic_workload,dynamic_workload,ip_hash,unseen_configuration,test_unseen,False,70,p12_exp_29_dyn_iphash_unseen_38,1788873355.6121693,process,0.022,11,24.0,15.0,25.0,1,20.0,1.5,0,15.0,25.0,0,20.0,1.5,0,15.0,25.0,0,20.0,1.5,0,server-1,,,False,server-1,58.346,58.346,True,200,NORMAL,,11471.4430391,11471.5013853
p12_exp_29_dyn_iphash_unseen,phase12,dynamic_workload,dynamic_workload,ip_hash,unseen_configuration,test_unseen,False,70,p12_exp_29_dyn_iphash_unseen_39,1788873355.6541452,process,0.022,11,24.0,15.0,25.0,1,20.0,1.5,0,15.0,25.0,0,20.0,1.5,0,15.0,25.0,0,20.0,1.5,0,server-1,,,False,server-1,58.072,58.072,True,200,NORMAL,,11471.484908,11471.5429801
p12_exp_29_dyn_iphash_unseen,phase12,dynamic_workload,dynamic_workload,ip_hash,unseen_configuration,test_unseen,False,70,p12_exp_29_dyn_iphash_unseen_40,1788873355.6964214,process,0.022,11,24.0,15.0,25.0,1,20.0,1.5,0,15.0,25.0,0,20.0,1.5,0,15.0,25.0,0,20.0,1.5,0,server-1,,,False,server-1,67.414,67.414,True,200,NORMAL,,11471.5271185,11471.5945328
p12_exp_29_dyn_iphash_unseen,phase12,dynamic_workload,dynamic_workload,ip_hash,unseen_configuration,test_unseen,False,70,p12_exp_29_dyn_iphash_unseen_41,1788873355.7388902,process,0.022,11,24.0,15.0,25.0,1,20.0,1.5,0,15.0,25.0,0,20.0,1.5,0,15.0,25.0,0,20.0,1.5,0,server-1,,,False,server-1,37.283,37.283,True,200,NORMAL,,11471.5695817,11471.6068643
p12_exp_29_dyn_iphash_unseen,phase12,dynamic_workload,dynamic_workload,ip_hash,unseen_configuration,test_unseen,False,70,p12_exp_29_dyn_iphash_unseen_42,1788873355.7809725,process,0.022,11,24.0,15.0,25.0,1,20.0,1.5,0,15.0,25.0,0,20.0,1.5,0,15.0,25.0,0,20.0,1.5,0,server-1,,,False,server-1,39.239,39.239,True,200,NORMAL,,11471.6116954,11471.6509341
p12_exp_29_dyn_iphash_unseen,phase12,dynamic_workload,dynamic_workload,ip_hash,unseen_configuration,test_unseen,False,70,p12_exp_29_dyn_iphash_unseen_43,1788873355.8230467,process,0.022,11,24.0,15.0,25.0,1,20.0,1.5,0,15.0,25.0,0,20.0,1.5,0,15.0,25.0,0,20.0,1.5,0,server-1,,,False,server-1,64.136,64.136,True,200,NORMAL,,11471.6537842,11471.7179206
p12_exp_29_dyn_iphash_unseen,phase12,dynamic_workload,dynamic_workload,ip_hash,unseen_configuration,test_unseen,False,70,p12_exp_29_dyn_iphash_unseen_44,1788873355.8652754,process,0.022,11,24.0,15.0,25.0,1,20.0,1.5,0,15.0,25.0,0,20.0,1.5,0,15.0,25.0,0,20.0,1.5,0,server-1,,,False,server-1,65.28,65.28,True,200,NORMAL,,11471.6960489,11471.7613288
p12_exp_29_dyn_iphash_unseen,phase12,dynamic_workload,dynamic_workload,ip_hash,unseen_configuration,test_unseen,False,70,p12_exp_29_dyn_iphash_unseen_45,1788873355.9075136,process,0.022,11,24.0,15.0,25.0,1,20.0,1.5,0,15.0,25.0,0,20.0,1.5,0,15.0,25.0,0,20.0,1.5,0,server-1,,,False,server-1,45.629,45.629,True,200,NORMAL,,11471.738253,11471.7838823
p12_exp_30_queue_rr_seen,phase12,queue_contention,queue_contention,round_robin,seen_configuration,train,False,71,p12_exp_30_queue_rr_seen_1,1788873357.658614,process,0.04,16,0.0,15.0,25.0,0,20.0,1.5,0,15.0,25.0,1,20.0,1.5,0,15.0,25.0,0,20.0,1.5,0,server-2,,,False,server-2,51.588,51.588,True,200,NORMAL,,11473.490894,11473.5424818
p12_exp_30_queue_rr_seen,phase12,queue_contention,queue_contention,round_robin,seen_configuration,train,False,71,p12_exp_30_queue_rr_seen_2,1788873357.6613398,process,0.04,16,0.0,15.0,25.0,0,20.0,1.5,0,15.0,25.0,0,20.0,1.5,0,15.0,25.0,1,20.0,1.5,0,server-3,,,False,server-3,56.289,56.289,True,200,NORMAL,,11473.4923221,11473.5486115
p12_exp_30_queue_rr_seen,phase12,queue_contention,queue_contention,round_robin,seen_configuration,train,False,71,p12_exp_30_queue_rr_seen_3,1788873357.6619136,process,0.04,16,0.0,15.0,25.0,1,20.0,1.5,0,15.0,25.0,0,20.0,1.5,0,15.0,25.0,0,20.0,1.5,0,server-1,,,False,server-1,58.876,58.876,True,200,NORMAL,,11473.4940474,11473.5529231
p12_exp_30_queue_rr_seen,phase12,queue_contention,queue_contention,round_robin,seen_configuration,train,False,71,p12_exp_30_queue_rr_seen_4,1788873357.6619136,process,0.04,16,0.0,15.0,25.0,0,20.0,1.5,0,15.0,25.0,1,20.0,1.5,0,15.0,25.0,0,20.0,1.5,0,server-2,,,False,server-2,61.185,61.185,True,200,NORMAL,,11473.4958998,11473.5570851
p12_exp_30_queue_rr_seen,phase12,queue_contention,queue_contention,round_robin,seen_configuration,train,False,71,p12_exp_30_queue_rr_seen_5,1788873357.6619136,process,0.04,16,0.0,15.0,25.0,0,20.0,1.5,0,15.0,25.0,0,20.0,1.5,0,15.0,25.0,1,20.0,1.5,0,server-3,,,False,server-3,62.999,62.999,True,200,NORMAL,,11473.4984994,11473.5614985
p12_exp_30_queue_rr_seen,phase12,queue_contention,queue_contention,round_robin,seen_configuration,train,False,71,p12_exp_30_queue_rr_seen_6,1788873357.6619136,process,0.04,16,0.0,15.0,25.0,1,20.0,1.5,0,15.0,25.0,0,20.0,1.5,0,15.0,25.0,0,20.0,1.5,0,server-1,,,False,server-1,80.448,80.448,True,200,NORMAL,,11473.5016899,11473.5821375
p12_exp_30_queue_rr_seen,phase12,queue_contention,queue_contention,round_robin,seen_configuration,train,False,71,p12_exp_30_queue_rr_seen_7,1788873357.6732109,process,0.04,16,0.0,15.0,25.0,0,20.0,1.5,0,15.0,25.0,1,20.0,1.5,0,15.0,25.0,0,20.0,1.5,0,server-2,,,False,server-2,60.318,60.318,True,200,NORMAL,,11473.5049207,11473.5652388
p12_exp_30_queue_rr_seen,phase12,queue_contention,queue_contention,round_robin,seen_configuration,train,False,71,p12_exp_30_queue_rr_seen_8,1788873357.6797793,process,0.04,16,0.0,15.0,25.0,0,20.0,1.5,0,15.0,25.0,0,20.0,1.5,0,15.0,25.0,1,20.0,1.5,0,server-3,,,False,server-3,56.018,56.018,True,200,NORMAL,,11473.5104937,11473.5665115
p12_exp_30_queue_rr_seen,phase12,queue_contention,queue_contention,round_robin,seen_configuration,train,False,71,p12_exp_30_queue_rr_seen_9,1788873357.6805222,process,0.04,16,0.0,15.0,25.0,1,20.0,1.5,0,15.0,25.0,0,20.0,1.5,0,15.0,25.0,0,20.0,1.5,0,server-1,,,False,server-1,59.278,59.278,True,200,NORMAL,,11473.5115485,11473.5708267
p12_exp_30_queue_rr_seen,phase12,queue_contention,queue_contention,round_robin,seen_configuration,train,False,71,p12_exp_30_queue_rr_seen_10,1788873357.6827123,process,0.04,16,0.0,15.0,25.0,0,20.0,1.5,0,15.0,25.0,1,20.0,1.5,0,15.0,25.0,0,20.0,1.5,0,server-2,,,False,server-2,59.953,59.953,True,200,NORMAL,,11473.5138086,11473.5737612
p12_exp_30_queue_rr_seen,phase12,queue_contention,queue_contention,round_robin,seen_configuration,train,False,71,p12_exp_30_queue_rr_seen_11,1788873357.6847792,process,0.04,16,0.0,15.0,25.0,0,20.0,1.5,0,15.0,25.0,0,20.0,1.5,0,15.0,25.0,1,20.0,1.5,0,server-3,,,False,server-3,59.82,59.82,True,200,NORMAL,,11473.5161781,11473.5759983
p12_exp_30_queue_rr_seen,phase12,queue_contention,queue_contention,round_robin,seen_configuration,train,False,71,p12_exp_30_queue_rr_seen_12,1788873357.68583,process,0.04,16,0.0,15.0,25.0,1,20.0,1.5,0,15.0,25.0,0,20.0,1.5,0,15.0,25.0,0,20.0,1.5,0,server-1,,,False,server-1,60.497,60.497,True,200,NORMAL,,11473.5187479,11473.5792447
p12_exp_30_queue_rr_seen,phase12,queue_contention,queue_contention,round_robin,seen_configuration,train,False,71,p12_exp_30_queue_rr_seen_13,1788873357.68583,process,0.04,16,0.0,15.0,25.0,0,20.0,1.5,0,15.0,25.0,1,20.0,1.5,0,15.0,25.0,0,20.0,1.5,0,server-2,,,False,server-2,63.995,63.995,True,200,NORMAL,,11473.5209699,11473.5849649
p12_exp_30_queue_rr_seen,phase12,queue_contention,queue_contention,round_robin,seen_configuration,train,False,71,p12_exp_30_queue_rr_seen_14,1788873357.68583,process,0.04,16,0.0,15.0,25.0,0,20.0,1.5,0,15.0,25.0,0,20.0,1.5,0,15.0,25.0,1,20.0,1.5,0,server-3,,,False,server-3,58.008,58.008,True,200,NORMAL,,11473.5230049,11473.5810129
p12_exp_30_queue_rr_seen,phase12,queue_contention,queue_contention,round_robin,seen_configuration,train,False,71,p12_exp_30_queue_rr_seen_15,1788873357.69445,process,0.04,16,0.0,15.0,25.0,1,20.0,1.5,0,15.0,25.0,0,20.0,1.5,0,15.0,25.0,0,20.0,1.5,0,server-1,,,False,server-1,62.03,62.03,True,200,NORMAL,,11473.525,11473.5870302
p12_exp_30_queue_rr_seen,phase12,queue_contention,queue_contention,round_robin,seen_configuration,train,False,71,p12_exp_30_queue_rr_seen_16,1788873357.694873,process,0.04,16,0.0,15.0,25.0,0,20.0,1.5,0,15.0,25.0,1,20.0,1.5,0,15.0,25.0,0,20.0,1.5,0,server-2,,,False,server-2,59.336,59.336,True,200,NORMAL,,11473.5271437,11473.5864792
p12_exp_30_queue_rr_seen,phase12,queue_contention,queue_contention,round_robin,seen_configuration,train,False,71,p12_exp_30_queue_rr_seen_17,1788873357.7115695,process,0.04,16,0.0,15.0,25.0,0,20.0,1.5,0,15.0,25.0,0,20.0,1.5,0,15.0,25.0,1,20.0,1.5,0,server-3,,,False,server-3,48.629,48.629,True,200,NORMAL,,11473.5425627,11473.5911917
p12_exp_30_queue_rr_seen,phase12,queue_contention,queue_contention,round_robin,seen_configuration,train,False,71,p12_exp_30_queue_rr_seen_18,1788873357.7180774,process,0.04,16,0.0,15.0,25.0,1,20.0,1.5,0,15.0,25.0,0,20.0,1.5,0,15.0,25.0,0,20.0,1.5,0,server-1,,,False,server-1,49.462,49.462,True,200,NORMAL,,11473.5486876,11473.5981498
p12_exp_30_queue_rr_seen,phase12,queue_contention,queue_contention,round_robin,seen_configuration,train,False,71,p12_exp_30_queue_rr_seen_19,1788873357.7223036,process,0.04,16,0.0,15.0,25.0,0,20.0,1.5,0,15.0,25.0,1,20.0,1.5,0,15.0,25.0,0,20.0,1.5,0,server-2,,,False,server-2,48.891,48.891,True,200,NORMAL,,11473.5529943,11473.6018853
p12_exp_30_queue_rr_seen,phase12,queue_contention,queue_contention,round_robin,seen_configuration,train,False,71,p12_exp_30_queue_rr_seen_20,1788873357.72658,process,0.04,16,0.0,15.0,25.0,0,20.0,1.5,0,15.0,25.0,0,20.0,1.5,0,15.0,25.0,1,20.0,1.5,0,server-3,,,False,server-3,46.368,46.368,True,200,NORMAL,,11473.5571255,11473.6034931
p12_exp_30_queue_rr_seen,phase12,queue_contention,queue_contention,round_robin,seen_configuration,train,False,71,p12_exp_30_queue_rr_seen_21,1788873357.7309322,process,0.04,16,0.0,15.0,25.0,1,20.0,1.5,0,15.0,25.0,0,20.0,1.5,0,15.0,25.0,0,20.0,1.5,0,server-1,,,False,server-1,45.467,45.467,True,200,NORMAL,,11473.5615327,11473.6069997
p12_exp_30_queue_rr_seen,phase12,queue_contention,queue_contention,round_robin,seen_configuration,train,False,71,p12_exp_30_queue_rr_seen_22,1788873357.734629,process,0.04,16,0.0,15.0,25.0,0,20.0,1.5,0,15.0,25.0,1,20.0,1.5,0,15.0,25.0,0,20.0,1.5,0,server-2,,,False,server-2,46.009,46.009,True,200,NORMAL,,11473.5652734,11473.6112827
p12_exp_30_queue_rr_seen,phase12,queue_contention,queue_contention,round_robin,seen_configuration,train,False,71,p12_exp_30_queue_rr_seen_23,1788873357.7356768,process,0.04,16,0.0,15.0,25.0,0,20.0,1.5,0,15.0,25.0,0,20.0,1.5,0,15.0,25.0,1,20.0,1.5,0,server-3,,,False,server-3,47.153,47.153,True,200,NORMAL,,11473.5665427,11473.6136962
p12_exp_30_queue_rr_seen,phase12,queue_contention,queue_contention,round_robin,seen_configuration,train,False,71,p12_exp_30_queue_rr_seen_24,1788873357.739817,process,0.04,16,0.0,15.0,25.0,1,20.0,1.5,0,15.0,25.0,0,20.0,1.5,0,15.0,25.0,0,20.0,1.5,0,server-1,,,False,server-1,46.588,46.588,True,200,NORMAL,,11473.5708825,11473.6174709
p12_exp_30_queue_rr_seen,phase12,queue_contention,queue_contention,round_robin,seen_configuration,train,False,71,p12_exp_30_queue_rr_seen_25,1788873357.7430017,process,0.04,16,0.0,15.0,25.0,0,20.0,1.5,0,15.0,25.0,0,20.0,1.5,0,15.0,25.0,1,20.0,1.5,0,server-3,,,False,server-3,70.693,70.693,True,200,NORMAL,,11473.573819,11473.6445124
p12_exp_30_queue_rr_seen,phase12,queue_contention,queue_contention,round_robin,seen_configuration,train,False,71,p12_exp_30_queue_rr_seen_26,1788873357.7445164,process,0.04,16,0.0,15.0,25.0,0,20.0,1.5,0,15.0,25.0,1,20.0,1.5,0,15.0,25.0,0,20.0,1.5,0,server-2,,,False,server-2,62.269,62.269,True,200,NORMAL,,11473.5760292,11473.6382984
p12_exp_30_queue_rr_seen,phase12,queue_contention,queue_contention,round_robin,seen_configuration,train,False,71,p12_exp_30_queue_rr_seen_27,1788873357.748651,process,0.04,16,0.0,15.0,25.0,0,20.0,1.5,0,15.0,25.0,0,20.0,1.5,0,15.0,25.0,1,20.0,1.5,0,server-3,,,False,server-3,46.831,46.831,True,200,NORMAL,,11473.5792766,11473.6261073
p12_exp_30_queue_rr_seen,phase12,queue_contention,queue_contention,round_robin,seen_configuration,train,False,71,p12_exp_30_queue_rr_seen_28,1788873357.7501695,process,0.04,16,0.0,15.0,25.0,1,20.0,1.5,0,15.0,25.0,0,20.0,1.5,0,15.0,25.0,0,20.0,1.5,0,server-1,,,False,server-1,49.117,49.117,True,200,NORMAL,,11473.5810396,11473.6301568
p12_exp_30_queue_rr_seen,phase12,queue_contention,queue_contention,round_robin,seen_configuration,train,False,71,p12_exp_30_queue_rr_seen_29,1788873357.7511964,process,0.04,16,0.0,15.0,25.0,0,20.0,1.5,0,15.0,25.0,1,20.0,1.5,0,15.0,25.0,0,20.0,1.5,0,server-2,,,False,server-2,50.287,50.287,True,200,NORMAL,,11473.5821879,11473.6324749
p12_exp_30_queue_rr_seen,phase12,queue_contention,queue_contention,round_robin,seen_configuration,train,False,71,p12_exp_30_queue_rr_seen_30,1788873357.7533424,process,0.04,16,0.0,15.0,25.0,1,20.0,1.5,0,15.0,25.0,0,20.0,1.5,0,15.0,25.0,0,20.0,1.5,0,server-1,,,False,server-1,56.724,56.724,True,200,NORMAL,,11473.5850004,11473.6417244
p12_exp_30_queue_rr_seen,phase12,queue_contention,queue_contention,round_robin,seen_configuration,train,False,71,p12_exp_30_queue_rr_seen_31,1788873357.7544837,process,0.04,16,0.0,15.0,25.0,0,20.0,1.5,0,15.0,25.0,0,20.0,1.5,0,15.0,25.0,1,20.0,1.5,0,server-3,,,False,server-3,47.422,47.422,True,200,NORMAL,,11473.5865157,11473.6339375
p12_exp_30_queue_rr_seen,phase12,queue_contention,queue_contention,round_robin,seen_configuration,train,False,71,p12_exp_30_queue_rr_seen_32,1788873357.7559917,process,0.04,16,0.0,15.0,25.0,0,20.0,1.5,0,15.0,25.0,1,20.0,1.5,0,15.0,25.0,0,20.0,1.5,0,server-2,,,False,server-2,53.96,53.96,True,200,NORMAL,,11473.5870559,11473.6410156
p12_exp_30_queue_rr_seen,phase12,queue_contention,queue_contention,round_robin,seen_configuration,train,False,71,p12_exp_30_queue_rr_seen_33,1788873357.7606652,process,0.04,16,0.0,15.0,25.0,1,20.0,1.5,0,15.0,25.0,0,20.0,1.5,0,15.0,25.0,0,20.0,1.5,0,server-1,,,False,server-1,55.184,55.184,True,200,NORMAL,,11473.5912309,11473.6464153
p12_exp_30_queue_rr_seen,phase12,queue_contention,queue_contention,round_robin,seen_configuration,train,False,71,p12_exp_30_queue_rr_seen_34,1788873357.767527,process,0.04,16,0.0,15.0,25.0,0,20.0,1.5,0,15.0,25.0,1,20.0,1.5,0,15.0,25.0,0,20.0,1.5,0,server-2,,,False,server-2,49.279,49.279,True,200,NORMAL,,11473.5981985,11473.6474776
p12_exp_30_queue_rr_seen,phase12,queue_contention,queue_contention,round_robin,seen_configuration,train,False,71,p12_exp_30_queue_rr_seen_35,1788873357.7710807,process,0.04,16,0.0,15.0,25.0,0,20.0,1.5,0,15.0,25.0,0,20.0,1.5,0,15.0,25.0,1,20.0,1.5,0,server-3,,,False,server-3,50.628,50.628,True,200,NORMAL,,11473.601935,11473.6525635
p12_exp_30_queue_rr_seen,phase12,queue_contention,queue_contention,round_robin,seen_configuration,train,False,71,p12_exp_30_queue_rr_seen_36,1788873357.7721066,process,0.04,16,0.0,15.0,25.0,1,20.0,1.5,0,15.0,25.0,0,20.0,1.5,0,15.0,25.0,0,20.0,1.5,0,server-1,,,False,server-1,51.951,51.951,True,200,NORMAL,,11473.6035371,11473.6554881
p12_exp_30_queue_rr_seen,phase12,queue_contention,queue_contention,round_robin,seen_configuration,train,False,71,p12_exp_30_queue_rr_seen_37,1788873357.7756467,process,0.04,16,0.0,15.0,25.0,0,20.0,1.5,0,15.0,25.0,1,20.0,1.5,0,15.0,25.0,0,20.0,1.5,0,server-2,,,False,server-2,49.272,49.272,True,200,NORMAL,,11473.6070359,11473.6563082
p12_exp_30_queue_rr_seen,phase12,queue_contention,queue_contention,round_robin,seen_configuration,train,False,71,p12_exp_30_queue_rr_seen_38,1788873357.7802613,process,0.04,16,0.0,15.0,25.0,0,20.0,1.5,0,15.0,25.0,0,20.0,1.5,0,15.0,25.0,1,20.0,1.5,0,server-3,,,False,server-3,49.057,49.057,True,200,NORMAL,,11473.6113778,11473.6604349
p12_exp_30_queue_rr_seen,phase12,queue_contention,queue_contention,round_robin,seen_configuration,train,False,71,p12_exp_30_queue_rr_seen_39,1788873357.7828033,process,0.04,16,0.0,15.0,25.0,1,20.0,1.5,0,15.0,25.0,0,20.0,1.5,0,15.0,25.0,0,20.0,1.5,0,server-1,,,False,server-1,47.303,47.303,True,200,NORMAL,,11473.6137758,11473.6610789
p12_exp_30_queue_rr_seen,phase12,queue_contention,queue_contention,round_robin,seen_configuration,train,False,71,p12_exp_30_queue_rr_seen_40,1788873357.7864764,process,0.04,16,0.0,15.0,25.0,0,20.0,1.5,0,15.0,25.0,1,20.0,1.5,0,15.0,25.0,0,20.0,1.5,0,server-2,,,False,server-2,45.34,45.34,True,200,NORMAL,,11473.6175327,11473.6628731
p12_exp_30_queue_rr_seen,phase12,queue_contention,queue_contention,round_robin,seen_configuration,train,False,71,p12_exp_30_queue_rr_seen_41,1788873357.7955256,process,0.04,16,0.0,15.0,25.0,0,20.0,1.5,0,15.0,25.0,0,20.0,1.5,0,15.0,25.0,1,20.0,1.5,0,server-3,,,False,server-3,44.336,44.336,True,200,NORMAL,,11473.6261491,11473.6704856
p12_exp_30_queue_rr_seen,phase12,queue_contention,queue_contention,round_robin,seen_configuration,train,False,71,p12_exp_30_queue_rr_seen_42,1788873357.799322,process,0.04,16,0.0,15.0,25.0,0,20.0,1.5,0,15.0,25.0,0,20.0,1.5,0,15.0,25.0,1,20.0,1.5,0,server-3,,,False,server-3,67.57,67.57,True,200,NORMAL,,11473.6301931,11473.6977631
p12_exp_30_queue_rr_seen,phase12,queue_contention,queue_contention,round_robin,seen_configuration,train,False,71,p12_exp_30_queue_rr_seen_43,1788873357.8015826,process,0.04,16,0.0,15.0,25.0,1,20.0,1.5,0,15.0,25.0,0,20.0,1.5,0,15.0,25.0,0,20.0,1.5,0,server-1,,,False,server-1,46.076,46.076,True,200,NORMAL,,11473.632507,11473.6785832
p12_exp_30_queue_rr_seen,phase12,queue_contention,queue_contention,round_robin,seen_configuration,train,False,71,p12_exp_30_queue_rr_seen_44,1788873357.803175,process,0.04,16,0.0,15.0,25.0,0,20.0,1.5,0,15.0,25.0,1,20.0,1.5,0,15.0,25.0,0,20.0,1.5,0,server-2,,,False,server-2,46.496,46.496,True,200,NORMAL,,11473.6339691,11473.6804653
p12_exp_30_queue_rr_seen,phase12,queue_contention,queue_contention,round_robin,seen_configuration,train,False,71,p12_exp_30_queue_rr_seen_45,1788873357.8076875,process,0.04,16,0.0,15.0,25.0,0,20.0,1.5,0,15.0,25.0,0,20.0,1.5,0,15.0,25.0,1,20.0,1.5,0,server-3,,,False,server-3,47.708,47.708,True,200,NORMAL,,11473.6383371,11473.6860455
p12_exp_30_queue_rr_seen,phase12,queue_contention,queue_contention,round_robin,seen_configuration,train,False,71,p12_exp_30_queue_rr_seen_46,1788873357.8103511,process,0.04,16,0.0,15.0,25.0,1,20.0,1.5,0,15.0,25.0,0,20.0,1.5,0,15.0,25.0,0,20.0,1.5,0,server-1,,,False,server-1,50.315,50.315,True,200,NORMAL,,11473.6410649,11473.69138
p12_exp_30_queue_rr_seen,phase12,queue_contention,queue_contention,round_robin,seen_configuration,train,False,71,p12_exp_30_queue_rr_seen_47,1788873357.8103511,process,0.04,16,0.0,15.0,25.0,0,20.0,1.5,0,15.0,25.0,1,20.0,1.5,0,15.0,25.0,0,20.0,1.5,0,server-2,,,False,server-2,51.123,51.123,True,200,NORMAL,,11473.6417752,11473.6928985
p12_exp_30_queue_rr_seen,phase12,queue_contention,queue_contention,round_robin,seen_configuration,train,False,71,p12_exp_30_queue_rr_seen_48,1788873357.8139622,process,0.04,16,0.0,15.0,25.0,1,20.0,1.5,0,15.0,25.0,0,20.0,1.5,0,15.0,25.0,0,20.0,1.5,0,server-1,,,False,server-1,54.13,54.13,True,200,NORMAL,,11473.6445476,11473.6986777
p12_exp_30_queue_rr_seen,phase12,queue_contention,queue_contention,round_robin,seen_configuration,train,False,71,p12_exp_30_queue_rr_seen_49,1788873357.8149922,process,0.04,16,0.0,15.0,25.0,0,20.0,1.5,0,15.0,25.0,1,20.0,1.5,0,15.0,25.0,0,20.0,1.5,0,server-2,,,False,server-2,50.61,50.61,True,200,NORMAL,,11473.6464512,11473.6970616
p12_exp_30_queue_rr_seen,phase12,queue_contention,queue_contention,round_robin,seen_configuration,train,False,71,p12_exp_30_queue_rr_seen_50,1788873357.816643,process,0.04,16,0.0,15.0,25.0,0,20.0,1.5,0,15.0,25.0,0,20.0,1.5,0,15.0,25.0,1,20.0,1.5,0,server-3,,,False,server-3,51.604,51.604,True,200,NORMAL,,11473.647533,11473.6991365
p12_exp_31_queue_lc_seen,phase12,queue_contention,queue_contention,least_connections,seen_configuration,val,False,72,p12_exp_31_queue_lc_seen_1,1788873360.0628915,process,0.04,16,0.0,15.0,25.0,1,20.0,1.5,0,15.0,25.0,0,20.0,1.5,0,15.0,25.0,0,20.0,1.5,0,server-1,,,False,server-1,50.918,50.918,True,200,NORMAL,,11475.8944185,11475.9453369
p12_exp_31_queue_lc_seen,phase12,queue_contention,queue_contention,least_connections,seen_configuration,val,False,72,p12_exp_31_queue_lc_seen_2,1788873360.064191,process,0.04,16,0.0,15.0,25.0,0,20.0,1.5,0,15.0,25.0,1,20.0,1.5,0,15.0,25.0,0,20.0,1.5,0,server-2,,,False,server-2,58.786,58.786,True,200,NORMAL,,11475.8955879,11475.9543735
p12_exp_31_queue_lc_seen,phase12,queue_contention,queue_contention,least_connections,seen_configuration,val,False,72,p12_exp_31_queue_lc_seen_3,1788873360.0654805,process,0.04,16,0.0,15.0,25.0,0,20.0,1.5,0,15.0,25.0,0,20.0,1.5,0,15.0,25.0,1,20.0,1.5,0,server-3,,,False,server-3,57.992,57.992,True,200,NORMAL,,11475.8968394,11475.9548312
p12_exp_31_queue_lc_seen,phase12,queue_contention,queue_contention,least_connections,seen_configuration,val,False,72,p12_exp_31_queue_lc_seen_4,1788873360.067922,process,0.04,16,0.0,15.0,25.0,1,20.0,1.5,0,15.0,25.0,0,20.0,1.5,0,15.0,25.0,0,20.0,1.5,0,server-1,,,False,server-1,60.383,60.383,True,200,NORMAL,,11475.8984958,11475.9588786
p12_exp_31_queue_lc_seen,phase12,queue_contention,queue_contention,least_connections,seen_configuration,val,False,72,p12_exp_31_queue_lc_seen_5,1788873360.0689275,process,0.04,16,0.0,15.0,25.0,0,20.0,1.5,0,15.0,25.0,1,20.0,1.5,0,15.0,25.0,0,20.0,1.5,0,server-2,,,False,server-2,61.219,61.219,True,200,NORMAL,,11475.9003735,11475.9615924
p12_exp_31_queue_lc_seen,phase12,queue_contention,queue_contention,least_connections,seen_configuration,val,False,72,p12_exp_31_queue_lc_seen_6,1788873360.0722013,process,0.04,16,0.0,15.0,25.0,0,20.0,1.5,0,15.0,25.0,0,20.0,1.5,0,15.0,25.0,1,20.0,1.5,0,server-3,,,False,server-3,73.488,73.488,True,200,NORMAL,,11475.9034131,11475.9769015
p12_exp_31_queue_lc_seen,phase12,queue_contention,queue_contention,least_connections,seen_configuration,val,False,72,p12_exp_31_queue_lc_seen_7,1788873360.0752423,process,0.04,16,0.0,15.0,25.0,1,20.0,1.5,0,15.0,25.0,0,20.0,1.5,0,15.0,25.0,0,20.0,1.5,0,server-1,,,False,server-1,70.296,70.296,True,200,NORMAL,,11475.905982,11475.976278
p12_exp_31_queue_lc_seen,phase12,queue_contention,queue_contention,least_connections,seen_configuration,val,False,72,p12_exp_31_queue_lc_seen_8,1788873360.0762565,process,0.04,16,0.0,15.0,25.0,0,20.0,1.5,0,15.0,25.0,1,20.0,1.5,0,15.0,25.0,0,20.0,1.5,0,server-2,,,False,server-2,72.582,72.582,True,200,NORMAL,,11475.9069173,11475.9794998
p12_exp_31_queue_lc_seen,phase12,queue_contention,queue_contention,least_connections,seen_configuration,val,False,72,p12_exp_31_queue_lc_seen_9,1788873360.077572,process,0.04,16,0.0,15.0,25.0,0,20.0,1.5,0,15.0,25.0,0,20.0,1.5,0,15.0,25.0,1,20.0,1.5,0,server-3,,,False,server-3,72.672,72.672,True,200,NORMAL,,11475.9090483,11475.9817198
p12_exp_31_queue_lc_seen,phase12,queue_contention,queue_contention,least_connections,seen_configuration,val,False,72,p12_exp_31_queue_lc_seen_10,1788873360.077572,process,0.04,16,0.0,15.0,25.0,1,20.0,1.5,0,15.0,25.0,0,20.0,1.5,0,15.0,25.0,0,20.0,1.5,0,server-1,,,False,server-1,79.304,79.304,True,200,NORMAL,,11475.9106471,11475.9899511
p12_exp_31_queue_lc_seen,phase12,queue_contention,queue_contention,least_connections,seen_configuration,val,False,72,p12_exp_31_queue_lc_seen_11,1788873360.077572,process,0.04,16,0.0,15.0,25.0,0,20.0,1.5,0,15.0,25.0,1,20.0,1.5,0,15.0,25.0,0,20.0,1.5,0,server-2,,,False,server-2,71.194,71.194,True,200,NORMAL,,11475.9119683,11475.9831621
p12_exp_31_queue_lc_seen,phase12,queue_contention,queue_contention,least_connections,seen_configuration,val,False,72,p12_exp_31_queue_lc_seen_12,1788873360.077572,process,0.04,16,0.0,15.0,25.0,0,20.0,1.5,0,15.0,25.0,0,20.0,1.5,0,15.0,25.0,1,20.0,1.5,0,server-3,,,False,server-3,84.993,84.993,True,200,NORMAL,,11475.9131148,11475.9981076
p12_exp_31_queue_lc_seen,phase12,queue_contention,queue_contention,least_connections,seen_configuration,val,False,72,p12_exp_31_queue_lc_seen_13,1788873360.083227,process,0.04,16,0.0,15.0,25.0,1,20.0,1.5,0,15.0,25.0,0,20.0,1.5,0,15.0,25.0,0,20.0,1.5,0,server-1,,,False,server-1,83.795,83.795,True,200,NORMAL,,11475.9141427,11475.997938
p12_exp_31_queue_lc_seen,phase12,queue_contention,queue_contention,least_connections,seen_configuration,val,False,72,p12_exp_31_queue_lc_seen_14,1788873360.084237,process,0.04,16,0.0,15.0,25.0,0,20.0,1.5,0,15.0,25.0,1,20.0,1.5,0,15.0,25.0,0,20.0,1.5,0,server-2,,,False,server-2,75.819,75.819,True,200,NORMAL,,11475.9151499,11475.9909685
p12_exp_31_queue_lc_seen,phase12,queue_contention,queue_contention,least_connections,seen_configuration,val,False,72,p12_exp_31_queue_lc_seen_15,1788873360.0849783,process,0.04,16,0.0,15.0,25.0,0,20.0,1.5,0,15.0,25.0,0,20.0,1.5,0,15.0,25.0,1,20.0,1.5,0,server-3,,,False,server-3,77.621,77.621,True,200,NORMAL,,11475.91714,11475.9947605
p12_exp_31_queue_lc_seen,phase12,queue_contention,queue_contention,least_connections,seen_configuration,val,False,72,p12_exp_31_queue_lc_seen_16,1788873360.0849783,process,0.04,16,0.0,15.0,25.0,1,20.0,1.5,0,15.0,25.0,0,20.0,1.5,0,15.0,25.0,0,20.0,1.5,0,server-1,,,False,server-1,75.761,75.761,True,200,NORMAL,,11475.9179786,11475.9937399
p12_exp_31_queue_lc_seen,phase12,queue_contention,queue_contention,least_connections,seen_configuration,val,False,72,p12_exp_31_queue_lc_seen_17,1788873360.1144464,process,0.04,16,0.0,15.0,25.0,0,20.0,1.5,0,15.0,25.0,1,20.0,1.5,0,15.0,25.0,0,20.0,1.5,0,server-2,,,False,server-2,79.475,79.475,True,200,NORMAL,,11475.9453868,11476.0248619
p12_exp_31_queue_lc_seen,phase12,queue_contention,queue_contention,least_connections,seen_configuration,val,False,72,p12_exp_31_queue_lc_seen_18,1788873360.1233597,process,0.04,16,0.0,15.0,25.0,0,20.0,1.5,0,15.0,25.0,1,20.0,1.5,0,15.0,25.0,0,20.0,1.5,0,server-2,,,False,server-2,75.144,75.144,True,200,NORMAL,,11475.9544594,11476.0296031
p12_exp_31_queue_lc_seen,phase12,queue_contention,queue_contention,least_connections,seen_configuration,val,False,72,p12_exp_31_queue_lc_seen_19,1788873360.1239245,process,0.04,16,0.0,15.0,25.0,1,20.0,1.5,0,15.0,25.0,0,20.0,1.5,0,15.0,25.0,0,20.0,1.5,0,server-1,,,False,server-1,67.777,67.777,True,200,NORMAL,,11475.9548924,11476.0226698
p12_exp_31_queue_lc_seen,phase12,queue_contention,queue_contention,least_connections,seen_configuration,val,False,72,p12_exp_31_queue_lc_seen_20,1788873360.1283236,process,0.04,16,0.0,15.0,25.0,0,20.0,1.5,0,15.0,25.0,0,20.0,1.5,0,15.0,25.0,1,20.0,1.5,0,server-3,,,False,server-3,74.701,74.701,True,200,NORMAL,,11475.9589734,11476.0336744
p12_exp_31_queue_lc_seen,phase12,queue_contention,queue_contention,least_connections,seen_configuration,val,False,72,p12_exp_31_queue_lc_seen_21,1788873360.1310527,process,0.04,16,0.0,15.0,25.0,0,20.0,1.5,0,15.0,25.0,0,20.0,1.5,0,15.0,25.0,1,20.0,1.5,0,server-3,,,False,server-3,67.634,67.634,True,200,NORMAL,,11475.9616481,11476.0292822
p12_exp_31_queue_lc_seen,phase12,queue_contention,queue_contention,least_connections,seen_configuration,val,False,72,p12_exp_31_queue_lc_seen_22,1788873360.1456482,process,0.04,16,0.0,15.0,25.0,1,20.0,1.5,0,15.0,25.0,0,20.0,1.5,0,15.0,25.0,0,20.0,1.5,0,server-1,,,False,server-1,65.289,65.289,True,200,NORMAL,,11475.9763623,11476.0416517
p12_exp_31_queue_lc_seen,phase12,queue_contention,queue_contention,least_connections,seen_configuration,val,False,72,p12_exp_31_queue_lc_seen_23,1788873360.1461997,process,0.04,16,0.0,15.0,25.0,0,20.0,1.5,0,15.0,25.0,1,20.0,1.5,0,15.0,25.0,0,20.0,1.5,0,server-2,,,False,server-2,61.325,61.325,True,200,NORMAL,,11475.9769753,11476.0383002
p12_exp_31_queue_lc_seen,phase12,queue_contention,queue_contention,least_connections,seen_configuration,val,False,72,p12_exp_31_queue_lc_seen_24,1788873360.14886,process,0.04,16,0.0,15.0,25.0,1,20.0,1.5,0,15.0,25.0,0,20.0,1.5,0,15.0,25.0,0,20.0,1.5,0,server-1,,,False,server-1,56.661,56.661,True,200,NORMAL,,11475.979536,11476.0361972
p12_exp_31_queue_lc_seen,phase12,queue_contention,queue_contention,least_connections,seen_configuration,val,False,72,p12_exp_31_queue_lc_seen_25,1788873360.1502442,process,0.04,16,0.0,15.0,25.0,0,20.0,1.5,0,15.0,25.0,1,20.0,1.5,0,15.0,25.0,0,20.0,1.5,0,server-2,,,False,server-2,63.587,63.587,True,200,NORMAL,,11475.9817494,11476.0453361
p12_exp_31_queue_lc_seen,phase12,queue_contention,queue_contention,least_connections,seen_configuration,val,False,72,p12_exp_31_queue_lc_seen_26,1788873360.152276,process,0.04,16,0.0,15.0,25.0,1,20.0,1.5,0,15.0,25.0,0,20.0,1.5,0,15.0,25.0,0,20.0,1.5,0,server-1,,,False,server-1,62.628,62.628,True,200,NORMAL,,11475.9831901,11476.0458178
p12_exp_31_queue_lc_seen,phase12,queue_contention,queue_contention,least_connections,seen_configuration,val,False,72,p12_exp_31_queue_lc_seen_27,1788873360.159196,process,0.04,16,0.0,15.0,25.0,0,20.0,1.5,0,15.0,25.0,0,20.0,1.5,0,15.0,25.0,1,20.0,1.5,0,server-3,,,False,server-3,57.826,57.826,True,200,NORMAL,,11475.9900005,11476.0478263
p12_exp_31_queue_lc_seen,phase12,queue_contention,queue_contention,least_connections,seen_configuration,val,False,72,p12_exp_31_queue_lc_seen_28,1788873360.160236,process,0.04,16,0.0,15.0,25.0,0,20.0,1.5,0,15.0,25.0,0,20.0,1.5,0,15.0,25.0,1,20.0,1.5,0,server-3,,,False,server-3,59.907,59.907,True,200,NORMAL,,11475.9909976,11476.0509045
p12_exp_31_queue_lc_seen,phase12,queue_contention,queue_contention,least_connections,seen_configuration,val,False,72,p12_exp_31_queue_lc_seen_29,1788873360.163128,process,0.04,16,0.0,15.0,25.0,1,20.0,1.5,0,15.0,25.0,0,20.0,1.5,0,15.0,25.0,0,20.0,1.5,0,server-1,,,False,server-1,61.465,61.465,True,200,NORMAL,,11475.9937904,11476.0552552
p12_exp_31_queue_lc_seen,phase12,queue_contention,queue_contention,least_connections,seen_configuration,val,False,72,p12_exp_31_queue_lc_seen_30,1788873360.1641674,process,0.04,16,0.0,15.0,25.0,0,20.0,1.5,0,15.0,25.0,1,20.0,1.5,0,15.0,25.0,0,20.0,1.5,0,server-2,,,False,server-2,59.527,59.527,True,200,NORMAL,,11475.9948128,11476.05434
p12_exp_31_queue_lc_seen,phase12,queue_contention,queue_contention,least_connections,seen_configuration,val,False,72,p12_exp_31_queue_lc_seen_31,1788873360.1673155,process,0.04,16,0.0,15.0,25.0,0,20.0,1.5,0,15.0,25.0,0,20.0,1.5,0,15.0,25.0,1,20.0,1.5,0,server-3,,,False,server-3,57.119,57.119,True,200,NORMAL,,11475.9979724,11476.055091
p12_exp_31_queue_lc_seen,phase12,queue_contention,queue_contention,least_connections,seen_configuration,val,False,72,p12_exp_31_queue_lc_seen_32,1788873360.1673155,process,0.04,16,0.0,15.0,25.0,1,20.0,1.5,0,15.0,25.0,0,20.0,1.5,0,15.0,25.0,0,20.0,1.5,0,server-1,,,False,server-1,571.55,571.55,True,200,NORMAL,,11475.9981357,11476.5696853
p12_exp_31_queue_lc_seen,phase12,queue_contention,queue_contention,least_connections,seen_configuration,val,False,72,p12_exp_31_queue_lc_seen_33,1788873360.191288,process,0.04,16,0.0,15.0,25.0,1,20.0,1.5,0,15.0,25.0,0,20.0,1.5,0,15.0,25.0,0,20.0,1.5,0,server-1,,,False,server-1,46.224,46.224,True,200,NORMAL,,11476.0227072,11476.0689317
p12_exp_31_queue_lc_seen,phase12,queue_contention,queue_contention,least_connections,seen_configuration,val,False,72,p12_exp_31_queue_lc_seen_34,1788873360.194068,process,0.04,16,0.0,15.0,25.0,0,20.0,1.5,0,15.0,25.0,1,20.0,1.5,0,15.0,25.0,0,20.0,1.5,0,server-2,,,False,server-2,47.321,47.321,True,200,NORMAL,,11476.0249118,11476.0722326
p12_exp_31_queue_lc_seen,phase12,queue_contention,queue_contention,least_connections,seen_configuration,val,False,72,p12_exp_31_queue_lc_seen_35,1788873360.197889,process,0.04,16,0.0,15.0,25.0,0,20.0,1.5,0,15.0,25.0,1,20.0,1.5,0,15.0,25.0,0,20.0,1.5,0,server-2,,,False,server-2,48.582,48.582,True,200,NORMAL,,11476.029318,11476.0779
p12_exp_31_queue_lc_seen,phase12,queue_contention,queue_contention,least_connections,seen_configuration,val,False,72,p12_exp_31_queue_lc_seen_36,1788873360.1988974,process,0.04,16,0.0,15.0,25.0,0,20.0,1.5,0,15.0,25.0,0,20.0,1.5,0,15.0,25.0,1,20.0,1.5,0,server-3,,,False,server-3,48.025,48.025,True,200,NORMAL,,11476.0296442,11476.0776694
p12_exp_31_queue_lc_seen,phase12,queue_contention,queue_contention,least_connections,seen_configuration,val,False,72,p12_exp_31_queue_lc_seen_37,1788873360.202978,process,0.04,16,0.0,15.0,25.0,1,20.0,1.5,0,15.0,25.0,0,20.0,1.5,0,15.0,25.0,0,20.0,1.5,0,server-1,,,False,server-1,50.42,50.42,True,200,NORMAL,,11476.0337243,11476.0841446
p12_exp_31_queue_lc_seen,phase12,queue_contention,queue_contention,least_connections,seen_configuration,val,False,72,p12_exp_31_queue_lc_seen_38,1788873360.2050502,process,0.04,16,0.0,15.0,25.0,0,20.0,1.5,0,15.0,25.0,1,20.0,1.5,0,15.0,25.0,0,20.0,1.5,0,server-2,,,False,server-2,50.414,50.414,True,200,NORMAL,,11476.0362416,11476.0866553
p12_exp_31_queue_lc_seen,phase12,queue_contention,queue_contention,least_connections,seen_configuration,val,False,72,p12_exp_31_queue_lc_seen_39,1788873360.2073307,process,0.04,16,0.0,15.0,25.0,0,20.0,1.5,0,15.0,25.0,0,20.0,1.5,0,15.0,25.0,1,20.0,1.5,0,server-3,,,False,server-3,48.265,48.265,True,200,NORMAL,,11476.0383482,11476.0866137
p12_exp_31_queue_lc_seen,phase12,queue_contention,queue_contention,least_connections,seen_configuration,val,False,72,p12_exp_31_queue_lc_seen_40,1788873360.2108002,process,0.04,16,0.0,15.0,25.0,1,20.0,1.5,0,15.0,25.0,0,20.0,1.5,0,15.0,25.0,0,20.0,1.5,0,server-1,,,False,server-1,44.829,44.829,True,200,NORMAL,,11476.0416883,11476.0865171
p12_exp_31_queue_lc_seen,phase12,queue_contention,queue_contention,least_connections,seen_configuration,val,False,72,p12_exp_31_queue_lc_seen_41,1788873360.2138069,process,0.04,16,0.0,15.0,25.0,1,20.0,1.5,0,15.0,25.0,0,20.0,1.5,0,15.0,25.0,0,20.0,1.5,0,server-1,,,False,server-1,45.357,45.357,True,200,NORMAL,,11476.0453708,11476.0907281
p12_exp_31_queue_lc_seen,phase12,queue_contention,queue_contention,least_connections,seen_configuration,val,False,72,p12_exp_31_queue_lc_seen_42,1788873360.2138069,process,0.04,16,0.0,15.0,25.0,0,20.0,1.5,0,15.0,25.0,1,20.0,1.5,0,15.0,25.0,0,20.0,1.5,0,server-2,,,False,server-2,45.939,45.939,True,200,NORMAL,,11476.0458469,11476.0917857
p12_exp_31_queue_lc_seen,phase12,queue_contention,queue_contention,least_connections,seen_configuration,val,False,72,p12_exp_31_queue_lc_seen_43,1788873360.216328,process,0.04,16,0.0,15.0,25.0,0,20.0,1.5,0,15.0,25.0,0,20.0,1.5,0,15.0,25.0,1,20.0,1.5,0,server-3,,,False,server-3,46.748,46.748,True,200,NORMAL,,11476.0478708,11476.0946186
p12_exp_31_queue_lc_seen,phase12,queue_contention,queue_contention,least_connections,seen_configuration,val,False,72,p12_exp_31_queue_lc_seen_44,1788873360.2203898,process,0.04,16,0.0,15.0,25.0,0,20.0,1.5,0,15.0,25.0,0,20.0,1.5,0,15.0,25.0,1,20.0,1.5,0,server-3,,,False,server-3,47.555,47.555,True,200,NORMAL,,11476.0509351,11476.0984901
p12_exp_31_queue_lc_seen,phase12,queue_contention,queue_contention,least_connections,seen_configuration,val,False,72,p12_exp_31_queue_lc_seen_45,1788873360.2235167,process,0.04,16,0.0,15.0,25.0,0,20.0,1.5,0,15.0,25.0,0,20.0,1.5,0,15.0,25.0,1,20.0,1.5,0,server-3,,,False,server-3,48.191,48.191,True,200,NORMAL,,11476.0543764,11476.1025677
p12_exp_31_queue_lc_seen,phase12,queue_contention,queue_contention,least_connections,seen_configuration,val,False,72,p12_exp_31_queue_lc_seen_46,1788873360.2245204,process,0.04,16,0.0,15.0,25.0,0,20.0,1.5,0,15.0,25.0,1,20.0,1.5,0,15.0,25.0,0,20.0,1.5,0,server-2,,,False,server-2,46.642,46.642,True,200,NORMAL,,11476.0551217,11476.1017632
p12_exp_31_queue_lc_seen,phase12,queue_contention,queue_contention,least_connections,seen_configuration,val,False,72,p12_exp_31_queue_lc_seen_47,1788873360.2245204,process,0.04,16,0.0,15.0,25.0,1,20.0,1.5,0,15.0,25.0,0,20.0,1.5,0,15.0,25.0,0,20.0,1.5,0,server-1,,,False,server-1,45.721,45.721,True,200,NORMAL,,11476.0552816,11476.1010021
p12_exp_31_queue_lc_seen,phase12,queue_contention,queue_contention,least_connections,seen_configuration,val,False,72,p12_exp_31_queue_lc_seen_48,1788873360.2380362,process,0.04,16,0.0,15.0,25.0,1,20.0,1.5,0,15.0,25.0,0,20.0,1.5,0,15.0,25.0,0,20.0,1.5,0,server-1,,,False,server-1,45.121,45.121,True,200,NORMAL,,11476.0689789,11476.1141004
p12_exp_31_queue_lc_seen,phase12,queue_contention,queue_contention,least_connections,seen_configuration,val,False,72,p12_exp_31_queue_lc_seen_49,1788873360.241289,process,0.04,16,0.0,15.0,25.0,0,20.0,1.5,0,15.0,25.0,1,20.0,1.5,0,15.0,25.0,0,20.0,1.5,0,server-2,,,False,server-2,44.512,44.512,True,200,NORMAL,,11476.0722736,11476.116786
p12_exp_31_queue_lc_seen,phase12,queue_contention,queue_contention,least_connections,seen_configuration,val,False,72,p12_exp_31_queue_lc_seen_50,1788873360.2470744,process,0.04,16,0.0,15.0,25.0,0,20.0,1.5,0,15.0,25.0,1,20.0,1.5,0,15.0,25.0,0,20.0,1.5,0,server-2,,,False,server-2,47.645,47.645,True,200,NORMAL,,11476.0777177,11476.1253629
p12_exp_32_queue_ml_unseen,phase12,queue_contention,queue_contention,ml,unseen_configuration,test_unseen,False,73,p12_exp_32_queue_ml_unseen_1,1788873362.0129008,process,0.045,20,0.0,15.0,25.0,0,20.0,1.5,0,15.0,25.0,0,20.0,1.5,0,15.0,25.0,1,20.0,1.5,0,server-3,http://127.0.0.1:8003,1.0,False,server-3,74.698,74.698,True,200,NORMAL,,11477.8439715,11477.9186696
p12_exp_32_queue_ml_unseen,phase12,queue_contention,queue_contention,ml,unseen_configuration,test_unseen,False,73,p12_exp_32_queue_ml_unseen_2,1788873362.0139306,process,0.045,20,0.0,15.0,25.0,0,20.0,1.5,0,15.0,25.0,0,20.0,1.5,0,15.0,25.0,1,20.0,1.5,0,server-3,http://127.0.0.1:8003,1.0,False,server-3,86.356,86.356,True,200,NORMAL,,11477.8447969,11477.9311533
p12_exp_32_queue_ml_unseen,phase12,queue_contention,queue_contention,ml,unseen_configuration,test_unseen,False,73,p12_exp_32_queue_ml_unseen_3,1788873362.014945,process,0.045,20,0.0,15.0,25.0,0,20.0,1.5,0,15.0,25.0,0,20.0,1.5,0,15.0,25.0,1,20.0,1.5,0,server-3,http://127.0.0.1:8003,1.0,False,server-3,113.814,113.814,True,200,NORMAL,,11477.8456353,11477.9594489
p12_exp_32_queue_ml_unseen,phase12,queue_contention,queue_contention,ml,unseen_configuration,test_unseen,False,73,p12_exp_32_queue_ml_unseen_4,1788873362.014945,process,0.045,20,0.0,15.0,25.0,0,20.0,1.5,0,15.0,25.0,0,20.0,1.5,0,15.0,25.0,1,20.0,1.5,0,server-3,http://127.0.0.1:8003,1.0,False,server-3,113.172,113.172,True,200,NORMAL,,11477.8464663,11477.9596379
p12_exp_32_queue_ml_unseen,phase12,queue_contention,queue_contention,ml,unseen_configuration,test_unseen,False,73,p12_exp_32_queue_ml_unseen_5,1788873362.0161364,process,0.045,20,0.0,15.0,25.0,0,20.0,1.5,0,15.0,25.0,0,20.0,1.5,0,15.0,25.0,1,20.0,1.5,0,server-3,http://127.0.0.1:8003,1.0,False,server-3,148.01,148.01,True,200,NORMAL,,11477.8474301,11477.9954397
p12_exp_32_queue_ml_unseen,phase12,queue_contention,queue_contention,ml,unseen_configuration,test_unseen,False,73,p12_exp_32_queue_ml_unseen_6,1788873362.0192254,process,0.045,20,0.0,15.0,25.0,0,20.0,1.5,0,15.0,25.0,0,20.0,1.5,0,15.0,25.0,1,20.0,1.5,0,server-3,http://127.0.0.1:8003,1.0,False,server-3,187.437,187.437,True,200,NORMAL,,11477.849913,11478.0373503
p12_exp_32_queue_ml_unseen,phase12,queue_contention,queue_contention,ml,unseen_configuration,test_unseen,False,73,p12_exp_32_queue_ml_unseen_7,1788873362.021465,process,0.045,20,0.0,15.0,25.0,0,20.0,1.5,0,15.0,25.0,0,20.0,1.5,0,15.0,25.0,1,20.0,1.5,0,server-3,http://127.0.0.1:8003,1.0,False,server-3,199.482,199.482,True,200,NORMAL,,11477.8520158,11478.0514975
p12_exp_32_queue_ml_unseen,phase12,queue_contention,queue_contention,ml,unseen_configuration,test_unseen,False,73,p12_exp_32_queue_ml_unseen_8,1788873362.0225484,process,0.045,20,0.0,15.0,25.0,0,20.0,1.5,0,15.0,25.0,0,20.0,1.5,0,15.0,25.0,1,20.0,1.5,0,server-3,http://127.0.0.1:8003,1.0,False,server-3,210.596,210.596,True,200,NORMAL,,11477.8531977,11478.0637941
p12_exp_32_queue_ml_unseen,phase12,queue_contention,queue_contention,ml,unseen_configuration,test_unseen,False,73,p12_exp_32_queue_ml_unseen_9,1788873362.023079,process,0.045,20,0.0,15.0,25.0,0,20.0,1.5,0,15.0,25.0,0,20.0,1.5,0,15.0,25.0,1,20.0,1.5,0,server-3,http://127.0.0.1:8003,1.0,False,server-3,239.759,239.759,True,200,NORMAL,,11477.8540459,11478.0938052
p12_exp_32_queue_ml_unseen,phase12,queue_contention,queue_contention,ml,unseen_configuration,test_unseen,False,73,p12_exp_32_queue_ml_unseen_10,1788873362.0241518,process,0.045,20,0.0,15.0,25.0,0,20.0,1.5,0,15.0,25.0,0,20.0,1.5,0,15.0,25.0,1,20.0,1.5,0,server-3,http://127.0.0.1:8003,1.0,False,server-3,283.39,283.39,True,200,NORMAL,,11477.8550752,11478.1384655
p12_exp_32_queue_ml_unseen,phase12,queue_contention,queue_contention,ml,unseen_configuration,test_unseen,False,73,p12_exp_32_queue_ml_unseen_11,1788873362.0257163,process,0.045,20,0.0,15.0,25.0,0,20.0,1.5,0,15.0,25.0,0,20.0,1.5,0,15.0,25.0,1,20.0,1.5,0,server-3,http://127.0.0.1:8003,1.0,False,server-3,319.412,319.412,True,200,NORMAL,,11477.8562876,11478.1756993
p12_exp_32_queue_ml_unseen,phase12,queue_contention,queue_contention,ml,unseen_configuration,test_unseen,False,73,p12_exp_32_queue_ml_unseen_12,1788873362.0267594,process,0.045,20,0.0,15.0,25.0,0,20.0,1.5,0,15.0,25.0,0,20.0,1.5,0,15.0,25.0,1,20.0,1.5,0,server-3,http://127.0.0.1:8003,1.0,False,server-3,327.973,327.973,True,200,NORMAL,,11477.8574006,11478.1853733
p12_exp_32_queue_ml_unseen,phase12,queue_contention,queue_contention,ml,unseen_configuration,test_unseen,False,73,p12_exp_32_queue_ml_unseen_13,1788873362.0278068,process,0.045,20,0.0,15.0,25.0,0,20.0,1.5,0,15.0,25.0,0,20.0,1.5,0,15.0,25.0,1,20.0,1.5,0,server-3,http://127.0.0.1:8003,1.0,False,server-3,336.16,336.16,True,200,NORMAL,,11477.8588021,11478.1949617
p12_exp_32_queue_ml_unseen,phase12,queue_contention,queue_contention,ml,unseen_configuration,test_unseen,False,73,p12_exp_32_queue_ml_unseen_14,1788873362.0299408,process,0.045,20,0.0,15.0,25.0,0,20.0,1.5,0,15.0,25.0,0,20.0,1.5,0,15.0,25.0,1,20.0,1.5,0,server-3,http://127.0.0.1:8003,1.0,False,server-3,390.277,390.277,True,200,NORMAL,,11477.8605017,11478.2507791
p12_exp_32_queue_ml_unseen,phase12,queue_contention,queue_contention,ml,unseen_configuration,test_unseen,False,73,p12_exp_32_queue_ml_unseen_15,1788873362.0309873,process,0.045,20,0.0,15.0,25.0,0,20.0,1.5,0,15.0,25.0,0,20.0,1.5,0,15.0,25.0,1,20.0,1.5,0,server-3,http://127.0.0.1:8003,1.0,False,server-3,397.066,397.066,True,200,NORMAL,,11477.8616421,11478.2587083
p12_exp_32_queue_ml_unseen,phase12,queue_contention,queue_contention,ml,unseen_configuration,test_unseen,False,73,p12_exp_32_queue_ml_unseen_16,1788873362.031506,process,0.045,20,0.0,15.0,25.0,0,20.0,1.5,0,15.0,25.0,0,20.0,1.5,0,15.0,25.0,1,20.0,1.5,0,server-3,http://127.0.0.1:8003,1.0,False,server-3,902.33,902.33,True,200,NORMAL,,11477.8623817,11478.7647115
p12_exp_32_queue_ml_unseen,phase12,queue_contention,queue_contention,ml,unseen_configuration,test_unseen,False,73,p12_exp_32_queue_ml_unseen_17,1788873362.0325463,process,0.045,20,0.0,15.0,25.0,0,20.0,1.5,0,15.0,25.0,0,20.0,1.5,0,15.0,25.0,1,20.0,1.5,0,server-3,http://127.0.0.1:8003,1.0,False,server-3,413.423,413.423,True,200,NORMAL,,11477.8636077,11478.277031
p12_exp_32_queue_ml_unseen,phase12,queue_contention,queue_contention,ml,unseen_configuration,test_unseen,False,73,p12_exp_32_queue_ml_unseen_18,1788873362.0341024,process,0.045,20,0.0,15.0,25.0,0,20.0,1.5,0,15.0,25.0,0,20.0,1.5,0,15.0,25.0,1,20.0,1.5,0,server-3,http://127.0.0.1:8003,1.0,False,server-3,446.451,446.451,True,200,NORMAL,,11477.8647518,11478.3112031
p12_exp_32_queue_ml_unseen,phase12,queue_contention,queue_contention,ml,unseen_configuration,test_unseen,False,73,p12_exp_32_queue_ml_unseen_19,1788873362.0346646,process,0.045,20,0.0,15.0,25.0,0,20.0,1.5,0,15.0,25.0,0,20.0,1.5,0,15.0,25.0,1,20.0,1.5,0,server-3,http://127.0.0.1:8003,1.0,False,server-3,433.226,433.226,True,200,NORMAL,,11477.8655893,11478.2988156
p12_exp_32_queue_ml_unseen,phase12,queue_contention,queue_contention,ml,unseen_configuration,test_unseen,False,73,p12_exp_32_queue_ml_unseen_20,1788873362.038487,process,0.045,20,0.0,15.0,25.0,0,20.0,1.5,0,15.0,25.0,0,20.0,1.5,0,15.0,25.0,1,20.0,1.5,0,server-3,http://127.0.0.1:8003,1.0,False,server-3,931.458,931.458,True,200,NORMAL,,11477.8694328,11478.8008904
p12_exp_32_queue_ml_unseen,phase12,queue_contention,queue_contention,ml,unseen_configuration,test_unseen,False,73,p12_exp_32_queue_ml_unseen_21,1788873362.088082,process,0.045,20,0.0,15.0,25.0,0,20.0,1.5,0,15.0,25.0,0,20.0,1.5,0,15.0,25.0,1,20.0,1.5,0,server-3,http://127.0.0.1:8003,1.0,False,server-3,400.914,400.914,True,200,NORMAL,,11477.9187151,11478.3196292
p12_exp_32_queue_ml_unseen,phase12,queue_contention,queue_contention,ml,unseen_configuration,test_unseen,False,73,p12_exp_32_queue_ml_unseen_22,1788873362.100341,process,0.045,20,0.0,15.0,25.0,0,20.0,1.5,0,15.0,25.0,0,20.0,1.5,0,15.0,25.0,1,20.0,1.5,0,server-3,http://127.0.0.1:8003,1.0,False,server-3,403.232,403.232,True,200,NORMAL,,11477.9311939,11478.334426
p12_exp_32_queue_ml_unseen,phase12,queue_contention,queue_contention,ml,unseen_configuration,test_unseen,False,73,p12_exp_32_queue_ml_unseen_23,1788873362.1286829,process,0.045,20,0.0,15.0,25.0,0,20.0,1.5,0,15.0,25.0,0,20.0,1.5,0,15.0,25.0,1,20.0,1.5,0,server-3,http://127.0.0.1:8003,1.0,False,server-3,419.456,419.456,True,200,NORMAL,,11477.9594911,11478.3789475
p12_exp_32_queue_ml_unseen,phase12,queue_contention,queue_contention,ml,unseen_configuration,test_unseen,False,73,p12_exp_32_queue_ml_unseen_24,1788873362.1286829,process,0.045,20,0.0,15.0,25.0,0,20.0,1.5,0,15.0,25.0,0,20.0,1.5,0,15.0,25.0,1,20.0,1.5,0,server-3,http://127.0.0.1:8003,1.0,False,server-3,386.245,386.245,True,200,NORMAL,,11477.9596652,11478.3459106
p12_exp_32_queue_ml_unseen,phase12,queue_contention,queue_contention,ml,unseen_configuration,test_unseen,False,73,p12_exp_32_queue_ml_unseen_25,1788873362.1645043,process,0.045,20,0.0,15.0,25.0,0,20.0,1.5,0,15.0,25.0,0,20.0,1.5,0,15.0,25.0,1,20.0,1.5,0,server-3,http://127.0.0.1:8003,1.0,False,server-3,387.151,387.151,True,200,NORMAL,,11477.9954792,11478.3826303
p12_exp_32_queue_ml_unseen,phase12,queue_contention,queue_contention,ml,unseen_configuration,test_unseen,False,73,p12_exp_32_queue_ml_unseen_26,1788873362.206702,process,0.045,20,0.0,15.0,25.0,0,20.0,1.5,0,15.0,25.0,0,20.0,1.5,0,15.0,25.0,1,20.0,1.5,0,server-3,http://127.0.0.1:8003,1.0,False,server-3,359.096,359.096,True,200,NORMAL,,11478.0373907,11478.3964864
p12_exp_32_queue_ml_unseen,phase12,queue_contention,queue_contention,ml,unseen_configuration,test_unseen,False,73,p12_exp_32_queue_ml_unseen_27,1788873362.2208903,process,0.045,20,0.0,15.0,25.0,0,20.0,1.5,0,15.0,25.0,0,20.0,1.5,0,15.0,25.0,1,20.0,1.5,0,server-3,http://127.0.0.1:8003,1.0,False,server-3,350.764,350.764,True,200,NORMAL,,11478.0515352,11478.4022996
p12_exp_32_queue_ml_unseen,phase12,queue_contention,queue_contention,ml,unseen_configuration,test_unseen,False,73,p12_exp_32_queue_ml_unseen_28,1788873362.2330637,process,0.045,20,0.0,15.0,25.0,0,20.0,1.5,0,15.0,25.0,0,20.0,1.5,0,15.0,25.0,1,20.0,1.5,0,server-3,http://127.0.0.1:8003,1.0,False,server-3,371.474,371.474,True,200,NORMAL,,11478.0638471,11478.4353215
p12_exp_32_queue_ml_unseen,phase12,queue_contention,queue_contention,ml,unseen_configuration,test_unseen,False,73,p12_exp_32_queue_ml_unseen_29,1788873362.2632065,process,0.045,20,0.0,15.0,25.0,0,20.0,1.5,0,15.0,25.0,0,20.0,1.5,0,15.0,25.0,1,20.0,1.5,0,server-3,http://127.0.0.1:8003,1.0,False,server-3,351.758,351.758,True,200,NORMAL,,11478.0938471,11478.4456053
p12_exp_32_queue_ml_unseen,phase12,queue_contention,queue_contention,ml,unseen_configuration,test_unseen,False,73,p12_exp_32_queue_ml_unseen_30,1788873362.3075757,process,0.045,20,0.0,15.0,25.0,0,20.0,1.5,0,15.0,25.0,0,20.0,1.5,0,15.0,25.0,1,20.0,1.5,0,server-3,http://127.0.0.1:8003,1.0,False,server-3,317.572,317.572,True,200,NORMAL,,11478.1385091,11478.456081
p12_exp_32_queue_ml_unseen,phase12,queue_contention,queue_contention,ml,unseen_configuration,test_unseen,False,73,p12_exp_32_queue_ml_unseen_31,1788873362.3449934,process,0.045,20,0.0,15.0,25.0,0,20.0,1.5,0,15.0,25.0,0,20.0,1.5,0,15.0,25.0,1,20.0,1.5,0,server-3,http://127.0.0.1:8003,1.0,False,server-3,290.182,290.182,True,200,NORMAL,,11478.1757347,11478.4659167
p12_exp_32_queue_ml_unseen,phase12,queue_contention,queue_contention,ml,unseen_configuration,test_unseen,False,73,p12_exp_32_queue_ml_unseen_32,1788873362.3547783,process,0.045,20,0.0,15.0,25.0,0,20.0,1.5,0,15.0,25.0,0,20.0,1.5,0,15.0,25.0,1,20.0,1.5,0,server-3,http://127.0.0.1:8003,1.0,False,server-3,314.238,314.238,True,200,NORMAL,,11478.1854204,11478.499658
p12_exp_32_queue_ml_unseen,phase12,queue_contention,queue_contention,ml,unseen_configuration,test_unseen,False,73,p12_exp_32_queue_ml_unseen_33,1788873362.3642218,process,0.045,20,0.0,15.0,25.0,0,20.0,1.5,0,15.0,25.0,0,20.0,1.5,0,15.0,25.0,1,20.0,1.5,0,server-3,http://127.0.0.1:8003,1.0,False,server-3,275.328,275.328,True,200,NORMAL,,11478.1949997,11478.4703281
p12_exp_32_queue_ml_unseen,phase12,queue_contention,queue_contention,ml,unseen_configuration,test_unseen,False,73,p12_exp_32_queue_ml_unseen_34,1788873362.4199138,process,0.045,20,0.0,15.0,25.0,0,20.0,1.5,0,15.0,25.0,0,20.0,1.5,0,15.0,25.0,1,20.0,1.5,0,server-3,http://127.0.0.1:8003,1.0,False,server-3,297.3,297.3,True,200,NORMAL,,11478.2508175,11478.5481176
p12_exp_32_queue_ml_unseen,phase12,queue_contention,queue_contention,ml,unseen_configuration,test_unseen,False,73,p12_exp_32_queue_ml_unseen_35,1788873362.4278114,process,0.045,20,0.0,15.0,25.0,0,20.0,1.5,0,15.0,25.0,0,20.0,1.5,0,15.0,25.0,1,20.0,1.5,0,server-3,http://127.0.0.1:8003,1.0,False,server-3,297.361,297.361,True,200,NORMAL,,11478.258761,11478.5561216
p12_exp_32_queue_ml_unseen,phase12,queue_contention,queue_contention,ml,unseen_configuration,test_unseen,False,73,p12_exp_32_queue_ml_unseen_36,1788873362.446035,process,0.045,20,0.0,15.0,25.0,0,20.0,1.5,0,15.0,25.0,0,20.0,1.5,0,15.0,25.0,1,20.0,1.5,0,server-3,http://127.0.0.1:8003,1.0,False,server-3,286.022,286.022,True,200,NORMAL,,11478.2770653,11478.5630875
p12_exp_32_queue_ml_unseen,phase12,queue_contention,queue_contention,ml,unseen_configuration,test_unseen,False,73,p12_exp_32_queue_ml_unseen_37,1788873362.467548,process,0.045,20,0.0,15.0,25.0,0,20.0,1.5,0,15.0,25.0,0,20.0,1.5,0,15.0,25.0,1,20.0,1.5,0,server-3,http://127.0.0.1:8003,1.0,False,server-3,314.507,314.507,True,200,NORMAL,,11478.2988693,11478.6133767
p12_exp_32_queue_ml_unseen,phase12,queue_contention,queue_contention,ml,unseen_configuration,test_unseen,False,73,p12_exp_32_queue_ml_unseen_38,1788873362.48043,process,0.045,20,0.0,15.0,25.0,0,20.0,1.5,0,15.0,25.0,0,20.0,1.5,0,15.0,25.0,1,20.0,1.5,0,server-3,http://127.0.0.1:8003,1.0,False,server-3,321.02,321.02,True,200,NORMAL,,11478.3112532,11478.6322727
p12_exp_32_queue_ml_unseen,phase12,queue_contention,queue_contention,ml,unseen_configuration,test_unseen,False,73,p12_exp_32_queue_ml_unseen_39,1788873362.4878488,process,0.045,20,0.0,15.0,25.0,0,20.0,1.5,0,15.0,25.0,0,20.0,1.5,0,15.0,25.0,1,20.0,1.5,0,server-3,http://127.0.0.1:8003,1.0,False,server-3,332.173,332.173,True,200,NORMAL,,11478.3196851,11478.6518584
p12_exp_32_queue_ml_unseen,phase12,queue_contention,queue_contention,ml,unseen_configuration,test_unseen,False,73,p12_exp_32_queue_ml_unseen_40,1788873362.5037403,process,0.045,20,0.0,15.0,25.0,0,20.0,1.5,0,15.0,25.0,0,20.0,1.5,0,15.0,25.0,1,20.0,1.5,0,server-3,http://127.0.0.1:8003,1.0,False,server-3,361.118,361.118,True,200,NORMAL,,11478.3344641,11478.6955819
p12_exp_32_queue_ml_unseen,phase12,queue_contention,queue_contention,ml,unseen_configuration,test_unseen,False,73,p12_exp_32_queue_ml_unseen_41,1788873362.514906,process,0.045,20,0.0,15.0,25.0,0,20.0,1.5,0,15.0,25.0,0,20.0,1.5,0,15.0,25.0,1,20.0,1.5,0,server-3,http://127.0.0.1:8003,1.0,False,server-3,373.162,373.162,True,200,NORMAL,,11478.3459649,11478.7191265
p12_exp_32_queue_ml_unseen,phase12,queue_contention,queue_contention,ml,unseen_configuration,test_unseen,False,73,p12_exp_32_queue_ml_unseen_42,1788873362.5483372,process,0.045,20,0.0,15.0,25.0,0,20.0,1.5,0,15.0,25.0,0,20.0,1.5,0,15.0,25.0,1,20.0,1.5,0,server-3,http://127.0.0.1:8003,1.0,False,server-3,464.284,464.284,True,200,NORMAL,,11478.3789797,11478.8432637
p12_exp_32_queue_ml_unseen,phase12,queue_contention,queue_contention,ml,unseen_configuration,test_unseen,False,73,p12_exp_32_queue_ml_unseen_43,1788873362.5520363,process,0.045,20,0.0,15.0,25.0,0,20.0,1.5,0,15.0,25.0,0,20.0,1.5,0,15.0,25.0,1,20.0,1.5,0,server-3,http://127.0.0.1:8003,1.0,False,server-3,474.367,474.367,True,200,NORMAL,,11478.3826843,11478.8570516
p12_exp_32_queue_ml_unseen,phase12,queue_contention,queue_contention,ml,unseen_configuration,test_unseen,False,73,p12_exp_32_queue_ml_unseen_44,1788873362.5657947,process,0.045,20,0.0,15.0,25.0,0,20.0,1.5,0,15.0,25.0,0,20.0,1.5,0,15.0,25.0,1,20.0,1.5,0,server-3,http://127.0.0.1:8003,1.0,False,server-3,474.921,474.921,True,200,NORMAL,,11478.3965156,11478.8714366
p12_exp_32_queue_ml_unseen,phase12,queue_contention,queue_contention,ml,unseen_configuration,test_unseen,False,73,p12_exp_32_queue_ml_unseen_45,1788873362.571501,process,0.045,20,0.0,15.0,25.0,0,20.0,1.5,0,15.0,25.0,0,20.0,1.5,0,15.0,25.0,1,20.0,1.5,0,server-3,http://127.0.0.1:8003,1.0,False,server-3,481.567,481.567,True,200,NORMAL,,11478.4023335,11478.8839002
p12_exp_32_queue_ml_unseen,phase12,queue_contention,queue_contention,ml,unseen_configuration,test_unseen,False,73,p12_exp_32_queue_ml_unseen_46,1788873362.6044495,process,0.045,20,0.0,15.0,25.0,0,20.0,1.5,0,15.0,25.0,0,20.0,1.5,0,15.0,25.0,1,20.0,1.5,0,server-3,http://127.0.0.1:8003,1.0,False,server-3,492.628,492.628,True,200,NORMAL,,11478.4353579,11478.927986
p12_exp_32_queue_ml_unseen,phase12,queue_contention,queue_contention,ml,unseen_configuration,test_unseen,False,73,p12_exp_32_queue_ml_unseen_47,1788873362.6145737,process,0.045,20,0.0,15.0,25.0,0,20.0,1.5,0,15.0,25.0,0,20.0,1.5,0,15.0,25.0,1,20.0,1.5,0,server-3,http://127.0.0.1:8003,1.0,False,server-3,522.394,522.394,True,200,NORMAL,,11478.4456404,11478.9680349
p12_exp_32_queue_ml_unseen,phase12,queue_contention,queue_contention,ml,unseen_configuration,test_unseen,False,73,p12_exp_32_queue_ml_unseen_48,1788873362.6250272,process,0.045,20,0.0,15.0,25.0,0,20.0,1.5,0,15.0,25.0,0,20.0,1.5,0,15.0,25.0,1,20.0,1.5,0,server-3,http://127.0.0.1:8003,1.0,False,server-3,601.112,601.112,True,200,NORMAL,,11478.4561141,11479.0572261
p12_exp_32_queue_ml_unseen,phase12,queue_contention,queue_contention,ml,unseen_configuration,test_unseen,False,73,p12_exp_32_queue_ml_unseen_49,1788873362.6350057,process,0.045,20,0.0,15.0,25.0,0,20.0,1.5,0,15.0,25.0,0,20.0,1.5,0,15.0,25.0,1,20.0,1.5,0,server-3,http://127.0.0.1:8003,1.0,False,server-3,533.997,533.997,True,200,NORMAL,,11478.4659547,11478.9999518
p12_exp_32_queue_ml_unseen,phase12,queue_contention,queue_contention,ml,unseen_configuration,test_unseen,False,73,p12_exp_32_queue_ml_unseen_50,1788873362.639325,process,0.045,20,0.0,15.0,25.0,0,20.0,1.5,0,15.0,25.0,0,20.0,1.5,0,15.0,25.0,1,20.0,1.5,0,server-3,http://127.0.0.1:8003,1.0,False,server-3,591.428,591.428,True,200,NORMAL,,11478.4703806,11479.0618085
p12_exp_32_queue_ml_unseen,phase12,queue_contention,queue_contention,ml,unseen_configuration,test_unseen,False,73,p12_exp_32_queue_ml_unseen_51,1788873362.6687384,process,0.045,20,0.0,15.0,25.0,0,20.0,1.5,0,15.0,25.0,0,20.0,1.5,0,15.0,25.0,1,20.0,1.5,0,server-3,http://127.0.0.1:8003,1.0,False,server-3,618.506,618.506,True,200,NORMAL,,11478.4997079,11479.1182136
p12_exp_32_queue_ml_unseen,phase12,queue_contention,queue_contention,ml,unseen_configuration,test_unseen,False,73,p12_exp_32_queue_ml_unseen_52,1788873362.717606,process,0.045,20,0.0,15.0,25.0,0,20.0,1.5,0,15.0,25.0,0,20.0,1.5,0,15.0,25.0,1,20.0,1.5,0,server-3,http://127.0.0.1:8003,1.0,False,server-3,623.978,623.978,True,200,NORMAL,,11478.5481517,11479.1721294
p12_exp_32_queue_ml_unseen,phase12,queue_contention,queue_contention,ml,unseen_configuration,test_unseen,False,73,p12_exp_32_queue_ml_unseen_53,1788873362.7255,process,0.045,20,0.0,15.0,25.0,0,20.0,1.5,0,15.0,25.0,0,20.0,1.5,0,15.0,25.0,1,20.0,1.5,0,server-3,http://127.0.0.1:8003,1.0,False,server-3,612.499,612.499,True,200,NORMAL,,11478.5561537,11479.1686524
p12_exp_32_queue_ml_unseen,phase12,queue_contention,queue_contention,ml,unseen_configuration,test_unseen,False,73,p12_exp_32_queue_ml_unseen_54,1788873362.732365,process,0.045,20,0.0,15.0,25.0,0,20.0,1.5,0,15.0,25.0,0,20.0,1.5,0,15.0,25.0,1,20.0,1.5,0,server-3,http://127.0.0.1:8003,1.0,False,server-3,653.926,653.926,True,200,NORMAL,,11478.5631241,11479.2170499
p12_exp_32_queue_ml_unseen,phase12,queue_contention,queue_contention,ml,unseen_configuration,test_unseen,False,73,p12_exp_32_queue_ml_unseen_55,1788873362.7825344,process,0.045,20,0.0,15.0,25.0,0,20.0,1.5,0,15.0,25.0,0,20.0,1.5,0,15.0,25.0,1,20.0,1.5,0,server-3,http://127.0.0.1:8003,1.0,False,server-3,647.593,647.593,True,200,NORMAL,,11478.6134161,11479.2610092
p12_exp_33_queue_iphash_unseen,phase12,queue_contention,queue_contention,ip_hash,unseen_configuration,test_unseen,False,74,p12_exp_33_queue_iphash_unseen_1,1788873364.113283,process,0.045,22,0.0,15.0,25.0,1,20.0,1.5,0,15.0,25.0,0,20.0,1.5,0,15.0,25.0,0,20.0,1.5,0,server-1,,,False,server-1,56.442,56.442,True,200,NORMAL,,11479.9453727,11480.0018152
p12_exp_33_queue_iphash_unseen,phase12,queue_contention,queue_contention,ip_hash,unseen_configuration,test_unseen,False,74,p12_exp_33_queue_iphash_unseen_2,1788873364.113283,process,0.045,22,0.0,15.0,25.0,1,20.0,1.5,0,15.0,25.0,0,20.0,1.5,0,15.0,25.0,0,20.0,1.5,0,server-1,,,False,server-1,60.452,60.452,True,200,NORMAL,,11479.9468282,11480.0072805
p12_exp_33_queue_iphash_unseen,phase12,queue_contention,queue_contention,ip_hash,unseen_configuration,test_unseen,False,74,p12_exp_33_queue_iphash_unseen_3,1788873364.1174843,process,0.045,22,0.0,15.0,25.0,1,20.0,1.5,0,15.0,25.0,0,20.0,1.5,0,15.0,25.0,0,20.0,1.5,0,server-1,,,False,server-1,63.41,63.41,True,200,NORMAL,,11479.9485425,11480.0119523
p12_exp_33_queue_iphash_unseen,phase12,queue_contention,queue_contention,ip_hash,unseen_configuration,test_unseen,False,74,p12_exp_33_queue_iphash_unseen_4,1788873364.1174843,process,0.045,22,0.0,15.0,25.0,1,20.0,1.5,0,15.0,25.0,0,20.0,1.5,0,15.0,25.0,0,20.0,1.5,0,server-1,,,False,server-1,67.803,67.803,True,200,NORMAL,,11479.9505258,11480.0183291
p12_exp_33_queue_iphash_unseen,phase12,queue_contention,queue_contention,ip_hash,unseen_configuration,test_unseen,False,74,p12_exp_33_queue_iphash_unseen_5,1788873364.1174843,process,0.045,22,0.0,15.0,25.0,1,20.0,1.5,0,15.0,25.0,0,20.0,1.5,0,15.0,25.0,0,20.0,1.5,0,server-1,,,False,server-1,67.62,67.62,True,200,NORMAL,,11479.9523898,11480.0200095
p12_exp_33_queue_iphash_unseen,phase12,queue_contention,queue_contention,ip_hash,unseen_configuration,test_unseen,False,74,p12_exp_33_queue_iphash_unseen_6,1788873364.1174843,process,0.045,22,0.0,15.0,25.0,1,20.0,1.5,0,15.0,25.0,0,20.0,1.5,0,15.0,25.0,0,20.0,1.5,0,server-1,,,False,server-1,64.087,64.087,True,200,NORMAL,,11479.9556986,11480.0197858
p12_exp_33_queue_iphash_unseen,phase12,queue_contention,queue_contention,ip_hash,unseen_configuration,test_unseen,False,74,p12_exp_33_queue_iphash_unseen_7,1788873364.1283548,process,0.045,22,0.0,15.0,25.0,1,20.0,1.5,0,15.0,25.0,0,20.0,1.5,0,15.0,25.0,0,20.0,1.5,0,server-1,,,False,server-1,65.281,65.281,True,200,NORMAL,,11479.9589545,11480.0242358
p12_exp_33_queue_iphash_unseen,phase12,queue_contention,queue_contention,ip_hash,unseen_configuration,test_unseen,False,74,p12_exp_33_queue_iphash_unseen_8,1788873364.1283548,process,0.045,22,0.0,15.0,25.0,1,20.0,1.5,0,15.0,25.0,0,20.0,1.5,0,15.0,25.0,0,20.0,1.5,0,server-1,,,False,server-1,60.162,60.162,True,200,NORMAL,,11479.9610811,11480.0212431
p12_exp_33_queue_iphash_unseen,phase12,queue_contention,queue_contention,ip_hash,unseen_configuration,test_unseen,False,74,p12_exp_33_queue_iphash_unseen_9,1788873364.1283548,process,0.045,22,0.0,15.0,25.0,1,20.0,1.5,0,15.0,25.0,0,20.0,1.5,0,15.0,25.0,0,20.0,1.5,0,server-1,,,False,server-1,62.392,62.392,True,200,NORMAL,,11479.9634309,11480.0258231
p12_exp_33_queue_iphash_unseen,phase12,queue_contention,queue_contention,ip_hash,unseen_configuration,test_unseen,False,74,p12_exp_33_queue_iphash_unseen_10,1788873364.1283548,process,0.045,22,0.0,15.0,25.0,1,20.0,1.5,0,15.0,25.0,0,20.0,1.5,0,15.0,25.0,0,20.0,1.5,0,server-1,,,False,server-1,61.183,61.183,True,200,NORMAL,,11479.966095,11480.0272785
p12_exp_33_queue_iphash_unseen,phase12,queue_contention,queue_contention,ip_hash,unseen_configuration,test_unseen,False,74,p12_exp_33_queue_iphash_unseen_11,1788873364.138735,process,0.045,22,0.0,15.0,25.0,1,20.0,1.5,0,15.0,25.0,0,20.0,1.5,0,15.0,25.0,0,20.0,1.5,0,server-1,,,False,server-1,62.309,62.309,True,200,NORMAL,,11479.9693164,11480.0316259
p12_exp_33_queue_iphash_unseen,phase12,queue_contention,queue_contention,ip_hash,unseen_configuration,test_unseen,False,74,p12_exp_33_queue_iphash_unseen_12,1788873364.1390653,process,0.045,22,0.0,15.0,25.0,1,20.0,1.5,0,15.0,25.0,0,20.0,1.5,0,15.0,25.0,0,20.0,1.5,0,server-1,,,False,server-1,64.726,64.726,True,200,NORMAL,,11479.9709644,11480.03569
p12_exp_33_queue_iphash_unseen,phase12,queue_contention,queue_contention,ip_hash,unseen_configuration,test_unseen,False,74,p12_exp_33_queue_iphash_unseen_13,1788873364.1390653,process,0.045,22,0.0,15.0,25.0,1,20.0,1.5,0,15.0,25.0,0,20.0,1.5,0,15.0,25.0,0,20.0,1.5,0,server-1,,,False,server-1,66.213,66.213,True,200,NORMAL,,11479.9725567,11480.0387695
p12_exp_33_queue_iphash_unseen,phase12,queue_contention,queue_contention,ip_hash,unseen_configuration,test_unseen,False,74,p12_exp_33_queue_iphash_unseen_14,1788873364.1390653,process,0.045,22,0.0,15.0,25.0,1,20.0,1.5,0,15.0,25.0,0,20.0,1.5,0,15.0,25.0,0,20.0,1.5,0,server-1,,,False,server-1,64.372,64.372,True,200,NORMAL,,11479.9740525,11480.0384242
p12_exp_33_queue_iphash_unseen,phase12,queue_contention,queue_contention,ip_hash,unseen_configuration,test_unseen,False,74,p12_exp_33_queue_iphash_unseen_15,1788873364.1390653,process,0.045,22,0.0,15.0,25.0,1,20.0,1.5,0,15.0,25.0,0,20.0,1.5,0,15.0,25.0,0,20.0,1.5,0,server-1,,,False,server-1,64.861,64.861,True,200,NORMAL,,11479.9748443,11480.0397057
p12_exp_33_queue_iphash_unseen,phase12,queue_contention,queue_contention,ip_hash,unseen_configuration,test_unseen,False,74,p12_exp_33_queue_iphash_unseen_16,1788873364.1390653,process,0.045,22,0.0,15.0,25.0,1,20.0,1.5,0,15.0,25.0,0,20.0,1.5,0,15.0,25.0,0,20.0,1.5,0,server-1,,,False,server-1,63.744,63.744,True,200,NORMAL,,11479.9764153,11480.0401591
p12_exp_33_queue_iphash_unseen,phase12,queue_contention,queue_contention,ip_hash,unseen_configuration,test_unseen,False,74,p12_exp_33_queue_iphash_unseen_17,1788873364.1390653,process,0.045,22,0.0,15.0,25.0,1,20.0,1.5,0,15.0,25.0,0,20.0,1.5,0,15.0,25.0,0,20.0,1.5,0,server-1,,,False,server-1,63.684,63.684,True,200,NORMAL,,11479.9779468,11480.0416306
p12_exp_33_queue_iphash_unseen,phase12,queue_contention,queue_contention,ip_hash,unseen_configuration,test_unseen,False,74,p12_exp_33_queue_iphash_unseen_18,1788873364.1390653,process,0.045,22,0.0,15.0,25.0,1,20.0,1.5,0,15.0,25.0,0,20.0,1.5,0,15.0,25.0,0,20.0,1.5,0,server-1,,,False,server-1,69.38,69.38,True,200,NORMAL,,11479.9791538,11480.0485339
p12_exp_33_queue_iphash_unseen,phase12,queue_contention,queue_contention,ip_hash,unseen_configuration,test_unseen,False,74,p12_exp_33_queue_iphash_unseen_19,1788873364.1390653,process,0.045,22,0.0,15.0,25.0,1,20.0,1.5,0,15.0,25.0,0,20.0,1.5,0,15.0,25.0,0,20.0,1.5,0,server-1,,,False,server-1,572.219,572.219,True,200,NORMAL,,11479.9800849,11480.5523037
p12_exp_33_queue_iphash_unseen,phase12,queue_contention,queue_contention,ip_hash,unseen_configuration,test_unseen,False,74,p12_exp_33_queue_iphash_unseen_20,1788873364.1502032,process,0.045,22,0.0,15.0,25.0,1,20.0,1.5,0,15.0,25.0,0,20.0,1.5,0,15.0,25.0,0,20.0,1.5,0,server-1,,,False,server-1,61.54,61.54,True,200,NORMAL,,11479.9814333,11480.0429734
p12_exp_33_queue_iphash_unseen,phase12,queue_contention,queue_contention,ip_hash,unseen_configuration,test_unseen,False,74,p12_exp_33_queue_iphash_unseen_21,1788873364.1502032,process,0.045,22,0.0,15.0,25.0,1,20.0,1.5,0,15.0,25.0,0,20.0,1.5,0,15.0,25.0,0,20.0,1.5,0,server-1,,,False,server-1,67.526,67.526,True,200,NORMAL,,11479.9821143,11480.0496404
p12_exp_33_queue_iphash_unseen,phase12,queue_contention,queue_contention,ip_hash,unseen_configuration,test_unseen,False,74,p12_exp_33_queue_iphash_unseen_22,1788873364.1502032,process,0.045,22,0.0,15.0,25.0,1,20.0,1.5,0,15.0,25.0,0,20.0,1.5,0,15.0,25.0,0,20.0,1.5,0,server-1,,,False,server-1,72.036,72.036,True,200,NORMAL,,11479.9831081,11480.0551441
p12_exp_33_queue_iphash_unseen,phase12,queue_contention,queue_contention,ip_hash,unseen_configuration,test_unseen,False,74,p12_exp_33_queue_iphash_unseen_23,1788873364.1711247,process,0.045,22,0.0,15.0,25.0,1,20.0,1.5,0,15.0,25.0,0,20.0,1.5,0,15.0,25.0,0,20.0,1.5,0,server-1,,,False,server-1,51.839,51.839,True,200,NORMAL,,11480.0018637,11480.0537031
p12_exp_33_queue_iphash_unseen,phase12,queue_contention,queue_contention,ip_hash,unseen_configuration,test_unseen,False,74,p12_exp_33_queue_iphash_unseen_24,1788873364.1764202,process,0.045,22,0.0,15.0,25.0,1,20.0,1.5,0,15.0,25.0,0,20.0,1.5,0,15.0,25.0,0,20.0,1.5,0,server-1,,,False,server-1,54.784,54.784,True,200,NORMAL,,11480.0073656,11480.0621496
p12_exp_33_queue_iphash_unseen,phase12,queue_contention,queue_contention,ip_hash,unseen_configuration,test_unseen,False,74,p12_exp_33_queue_iphash_unseen_25,1788873364.1810217,process,0.045,22,0.0,15.0,25.0,1,20.0,1.5,0,15.0,25.0,0,20.0,1.5,0,15.0,25.0,0,20.0,1.5,0,server-1,,,False,server-1,54.233,54.233,True,200,NORMAL,,11480.0120367,11480.0662699
p12_exp_33_queue_iphash_unseen,phase12,queue_contention,queue_contention,ip_hash,unseen_configuration,test_unseen,False,74,p12_exp_33_queue_iphash_unseen_26,1788873364.187633,process,0.045,22,0.0,15.0,25.0,1,20.0,1.5,0,15.0,25.0,0,20.0,1.5,0,15.0,25.0,0,20.0,1.5,0,server-1,,,False,server-1,51.876,51.876,True,200,NORMAL,,11480.0183597,11480.070236
p12_exp_33_queue_iphash_unseen,phase12,queue_contention,queue_contention,ip_hash,unseen_configuration,test_unseen,False,74,p12_exp_33_queue_iphash_unseen_27,1788873364.189177,process,0.045,22,0.0,15.0,25.0,1,20.0,1.5,0,15.0,25.0,0,20.0,1.5,0,15.0,25.0,0,20.0,1.5,0,server-1,,,False,server-1,52.809,52.809,True,200,NORMAL,,11480.0198232,11480.0726319
p12_exp_33_queue_iphash_unseen,phase12,queue_contention,queue_contention,ip_hash,unseen_configuration,test_unseen,False,74,p12_exp_33_queue_iphash_unseen_28,1788873364.189177,process,0.045,22,0.0,15.0,25.0,1,20.0,1.5,0,15.0,25.0,0,20.0,1.5,0,15.0,25.0,0,20.0,1.5,0,server-1,,,False,server-1,54.75,54.75,True,200,NORMAL,,11480.0200327,11480.0747829
p12_exp_33_queue_iphash_unseen,phase12,queue_contention,queue_contention,ip_hash,unseen_configuration,test_unseen,False,74,p12_exp_33_queue_iphash_unseen_29,1788873364.1902008,process,0.045,22,0.0,15.0,25.0,1,20.0,1.5,0,15.0,25.0,0,20.0,1.5,0,15.0,25.0,0,20.0,1.5,0,server-1,,,False,server-1,55.072,55.072,True,200,NORMAL,,11480.0212705,11480.0763425
p12_exp_33_queue_iphash_unseen,phase12,queue_contention,queue_contention,ip_hash,unseen_configuration,test_unseen,False,74,p12_exp_33_queue_iphash_unseen_30,1788873364.1933928,process,0.045,22,0.0,15.0,25.0,1,20.0,1.5,0,15.0,25.0,0,20.0,1.5,0,15.0,25.0,0,20.0,1.5,0,server-1,,,False,server-1,53.483,53.483,True,200,NORMAL,,11480.0242666,11480.07775
p12_exp_33_queue_iphash_unseen,phase12,queue_contention,queue_contention,ip_hash,unseen_configuration,test_unseen,False,74,p12_exp_33_queue_iphash_unseen_31,1788873364.195314,process,0.045,22,0.0,15.0,25.0,1,20.0,1.5,0,15.0,25.0,0,20.0,1.5,0,15.0,25.0,0,20.0,1.5,0,server-1,,,False,server-1,55.354,55.354,True,200,NORMAL,,11480.0258623,11480.081216
p12_exp_33_queue_iphash_unseen,phase12,queue_contention,queue_contention,ip_hash,unseen_configuration,test_unseen,False,74,p12_exp_33_queue_iphash_unseen_32,1788873364.196345,process,0.045,22,0.0,15.0,25.0,1,20.0,1.5,0,15.0,25.0,0,20.0,1.5,0,15.0,25.0,0,20.0,1.5,0,server-1,,,False,server-1,56.32,56.32,True,200,NORMAL,,11480.0273091,11480.0836296
p12_exp_33_queue_iphash_unseen,phase12,queue_contention,queue_contention,ip_hash,unseen_configuration,test_unseen,False,74,p12_exp_33_queue_iphash_unseen_33,1788873364.200638,process,0.045,22,0.0,15.0,25.0,1,20.0,1.5,0,15.0,25.0,0,20.0,1.5,0,15.0,25.0,0,20.0,1.5,0,server-1,,,False,server-1,57.516,57.516,True,200,NORMAL,,11480.0316781,11480.0891936
p12_exp_33_queue_iphash_unseen,phase12,queue_contention,queue_contention,ip_hash,unseen_configuration,test_unseen,False,74,p12_exp_33_queue_iphash_unseen_34,1788873364.204702,process,0.045,22,0.0,15.0,25.0,1,20.0,1.5,0,15.0,25.0,0,20.0,1.5,0,15.0,25.0,0,20.0,1.5,0,server-1,,,False,server-1,58.464,58.464,True,200,NORMAL,,11480.0357428,11480.0942069
p12_exp_33_queue_iphash_unseen,phase12,queue_contention,queue_contention,ip_hash,unseen_configuration,test_unseen,False,74,p12_exp_33_queue_iphash_unseen_35,1788873364.2070076,process,0.045,22,0.0,15.0,25.0,1,20.0,1.5,0,15.0,25.0,0,20.0,1.5,0,15.0,25.0,0,20.0,1.5,0,server-1,,,False,server-1,59.828,59.828,True,200,NORMAL,,11480.0384535,11480.098281
p12_exp_33_queue_iphash_unseen,phase12,queue_contention,queue_contention,ip_hash,unseen_configuration,test_unseen,False,74,p12_exp_33_queue_iphash_unseen_36,1788873364.2080047,process,0.045,22,0.0,15.0,25.0,1,20.0,1.5,0,15.0,25.0,0,20.0,1.5,0,15.0,25.0,0,20.0,1.5,0,server-1,,,False,server-1,61.433,61.433,True,200,NORMAL,,11480.0387924,11480.1002258
p12_exp_33_queue_iphash_unseen,phase12,queue_contention,queue_contention,ip_hash,unseen_configuration,test_unseen,False,74,p12_exp_33_queue_iphash_unseen_37,1788873364.2080047,process,0.045,22,0.0,15.0,25.0,1,20.0,1.5,0,15.0,25.0,0,20.0,1.5,0,15.0,25.0,0,20.0,1.5,0,server-1,,,False,server-1,63.679,63.679,True,200,NORMAL,,11480.0397309,11480.1034104
p12_exp_33_queue_iphash_unseen,phase12,queue_contention,queue_contention,ip_hash,unseen_configuration,test_unseen,False,74,p12_exp_33_queue_iphash_unseen_38,1788873364.209462,process,0.045,22,0.0,15.0,25.0,1,20.0,1.5,0,15.0,25.0,0,20.0,1.5,0,15.0,25.0,0,20.0,1.5,0,server-1,,,False,server-1,62.074,62.074,True,200,NORMAL,,11480.0401812,11480.1022551
p12_exp_33_queue_iphash_unseen,phase12,queue_contention,queue_contention,ip_hash,unseen_configuration,test_unseen,False,74,p12_exp_33_queue_iphash_unseen_39,1788873364.2099648,process,0.045,22,0.0,15.0,25.0,1,20.0,1.5,0,15.0,25.0,0,20.0,1.5,0,15.0,25.0,0,20.0,1.5,0,server-1,,,False,server-1,62.914,62.914,True,200,NORMAL,,11480.0416609,11480.104575
p12_exp_33_queue_iphash_unseen,phase12,queue_contention,queue_contention,ip_hash,unseen_configuration,test_unseen,False,74,p12_exp_33_queue_iphash_unseen_40,1788873364.212276,process,0.045,22,0.0,15.0,25.0,1,20.0,1.5,0,15.0,25.0,0,20.0,1.5,0,15.0,25.0,0,20.0,1.5,0,server-1,,,False,server-1,63.183,63.183,True,200,NORMAL,,11480.0430664,11480.1062498
p12_exp_33_queue_iphash_unseen,phase12,queue_contention,queue_contention,ip_hash,unseen_configuration,test_unseen,False,74,p12_exp_33_queue_iphash_unseen_41,1788873364.2171495,process,0.045,22,0.0,15.0,25.0,1,20.0,1.5,0,15.0,25.0,0,20.0,1.5,0,15.0,25.0,0,20.0,1.5,0,server-1,,,False,server-1,58.688,58.688,True,200,NORMAL,,11480.0485865,11480.1072745
p12_exp_33_queue_iphash_unseen,phase12,queue_contention,queue_contention,ip_hash,unseen_configuration,test_unseen,False,74,p12_exp_33_queue_iphash_unseen_42,1788873364.2181718,process,0.045,22,0.0,15.0,25.0,1,20.0,1.5,0,15.0,25.0,0,20.0,1.5,0,15.0,25.0,0,20.0,1.5,0,server-1,,,False,server-1,58.404,58.404,True,200,NORMAL,,11480.0497044,11480.1081087
p12_exp_33_queue_iphash_unseen,phase12,queue_contention,queue_contention,ip_hash,unseen_configuration,test_unseen,False,74,p12_exp_33_queue_iphash_unseen_43,1788873364.2226698,process,0.045,22,0.0,15.0,25.0,1,20.0,1.5,0,15.0,25.0,0,20.0,1.5,0,15.0,25.0,0,20.0,1.5,0,server-1,,,False,server-1,55.133,55.133,True,200,NORMAL,,11480.0537338,11480.1088671
p12_exp_33_queue_iphash_unseen,phase12,queue_contention,queue_contention,ip_hash,unseen_configuration,test_unseen,False,74,p12_exp_33_queue_iphash_unseen_44,1788873364.223677,process,0.045,22,0.0,15.0,25.0,1,20.0,1.5,0,15.0,25.0,0,20.0,1.5,0,15.0,25.0,0,20.0,1.5,0,server-1,,,False,server-1,53.79,53.79,True,200,NORMAL,,11480.0551846,11480.1089745
p12_exp_33_queue_iphash_unseen,phase12,queue_contention,queue_contention,ip_hash,unseen_configuration,test_unseen,False,74,p12_exp_33_queue_iphash_unseen_45,1788873364.2313044,process,0.045,22,0.0,15.0,25.0,1,20.0,1.5,0,15.0,25.0,0,20.0,1.5,0,15.0,25.0,0,20.0,1.5,0,server-1,,,False,server-1,65.941,65.941,True,200,NORMAL,,11480.0621833,11480.1281242
p12_exp_33_queue_iphash_unseen,phase12,queue_contention,queue_contention,ip_hash,unseen_configuration,test_unseen,False,74,p12_exp_33_queue_iphash_unseen_46,1788873364.234907,process,0.045,22,0.0,15.0,25.0,1,20.0,1.5,0,15.0,25.0,0,20.0,1.5,0,15.0,25.0,0,20.0,1.5,0,server-1,,,False,server-1,51.042,51.042,True,200,NORMAL,,11480.0662993,11480.1173414
p12_exp_33_queue_iphash_unseen,phase12,queue_contention,queue_contention,ip_hash,unseen_configuration,test_unseen,False,74,p12_exp_33_queue_iphash_unseen_47,1788873364.239706,process,0.045,22,0.0,15.0,25.0,1,20.0,1.5,0,15.0,25.0,0,20.0,1.5,0,15.0,25.0,0,20.0,1.5,0,server-1,,,False,server-1,50.787,50.787,True,200,NORMAL,,11480.0702663,11480.1210537
p12_exp_33_queue_iphash_unseen,phase12,queue_contention,queue_contention,ip_hash,unseen_configuration,test_unseen,False,74,p12_exp_33_queue_iphash_unseen_48,1788873364.2417128,process,0.045,22,0.0,15.0,25.0,1,20.0,1.5,0,15.0,25.0,0,20.0,1.5,0,15.0,25.0,0,20.0,1.5,0,server-1,,,False,server-1,49.794,49.794,True,200,NORMAL,,11480.0726749,11480.1224693
p12_exp_33_queue_iphash_unseen,phase12,queue_contention,queue_contention,ip_hash,unseen_configuration,test_unseen,False,74,p12_exp_33_queue_iphash_unseen_49,1788873364.2437823,process,0.045,22,0.0,15.0,25.0,1,20.0,1.5,0,15.0,25.0,0,20.0,1.5,0,15.0,25.0,0,20.0,1.5,0,server-1,,,False,server-1,50.671,50.671,True,200,NORMAL,,11480.07481,11480.1254809
p12_exp_33_queue_iphash_unseen,phase12,queue_contention,queue_contention,ip_hash,unseen_configuration,test_unseen,False,74,p12_exp_33_queue_iphash_unseen_50,1788873364.2453258,process,0.045,22,0.0,15.0,25.0,1,20.0,1.5,0,15.0,25.0,0,20.0,1.5,0,15.0,25.0,0,20.0,1.5,0,server-1,,,False,server-1,50.221,50.221,True,200,NORMAL,,11480.076367,11480.1265881
p12_exp_33_queue_iphash_unseen,phase12,queue_contention,queue_contention,ip_hash,unseen_configuration,test_unseen,False,74,p12_exp_33_queue_iphash_unseen_51,1788873364.246865,process,0.045,22,0.0,15.0,25.0,1,20.0,1.5,0,15.0,25.0,0,20.0,1.5,0,15.0,25.0,0,20.0,1.5,0,server-1,,,False,server-1,49.772,49.772,True,200,NORMAL,,11480.0777796,11480.1275514
p12_exp_33_queue_iphash_unseen,phase12,queue_contention,queue_contention,ip_hash,unseen_configuration,test_unseen,False,74,p12_exp_33_queue_iphash_unseen_52,1788873364.250506,process,0.045,22,0.0,15.0,25.0,1,20.0,1.5,0,15.0,25.0,0,20.0,1.5,0,15.0,25.0,0,20.0,1.5,0,server-1,,,False,server-1,50.523,50.523,True,200,NORMAL,,11480.0812667,11480.1317893
p12_exp_33_queue_iphash_unseen,phase12,queue_contention,queue_contention,ip_hash,unseen_configuration,test_unseen,False,74,p12_exp_33_queue_iphash_unseen_53,1788873364.2531118,process,0.045,22,0.0,15.0,25.0,1,20.0,1.5,0,15.0,25.0,0,20.0,1.5,0,15.0,25.0,0,20.0,1.5,0,server-1,,,False,server-1,51.2,51.2,True,200,NORMAL,,11480.0836745,11480.1348748
p12_exp_33_queue_iphash_unseen,phase12,queue_contention,queue_contention,ip_hash,unseen_configuration,test_unseen,False,74,p12_exp_33_queue_iphash_unseen_54,1788873364.2582648,process,0.045,22,0.0,15.0,25.0,1,20.0,1.5,0,15.0,25.0,0,20.0,1.5,0,15.0,25.0,0,20.0,1.5,0,server-1,,,False,server-1,51.009,51.009,True,200,NORMAL,,11480.0892247,11480.1402341
p12_exp_33_queue_iphash_unseen,phase12,queue_contention,queue_contention,ip_hash,unseen_configuration,test_unseen,False,74,p12_exp_33_queue_iphash_unseen_55,1788873364.263595,process,0.045,22,0.0,15.0,25.0,1,20.0,1.5,0,15.0,25.0,0,20.0,1.5,0,15.0,25.0,0,20.0,1.5,0,server-1,,,False,server-1,51.265,51.265,True,200,NORMAL,,11480.0942613,11480.1455261
p12_exp_34_imbal_rr_seen,phase12,backend_imbalance,backend_imbalance,round_robin,seen_configuration,train,False,75,p12_exp_34_imbal_rr_seen_1,1788873366.3177185,process,0.03,6,10.0,25.0,25.0,0,70.0,1.5,0,15.0,25.0,1,20.0,1.5,0,15.0,25.0,0,20.0,1.5,0,server-2,,,False,server-3,39.013,39.013,True,200,NORMAL,,11482.1492012,11482.188214
p12_exp_34_imbal_rr_seen,phase12,backend_imbalance,backend_imbalance,round_robin,seen_configuration,train,False,75,p12_exp_34_imbal_rr_seen_2,1788873366.419212,process,0.03,6,10.0,25.0,25.0,0,70.0,1.5,0,15.0,25.0,0,20.0,1.5,0,15.0,25.0,1,20.0,1.5,0,server-3,,,False,server-2,75.18,75.18,True,200,NORMAL,,11482.250077,11482.3252569
p12_exp_34_imbal_rr_seen,phase12,backend_imbalance,backend_imbalance,round_robin,seen_configuration,train,False,75,p12_exp_34_imbal_rr_seen_3,1788873366.5199573,process,0.03,6,10.0,25.0,25.0,1,70.0,1.5,0,15.0,25.0,0,20.0,1.5,0,15.0,25.0,0,20.0,1.5,0,server-1,,,False,server-1,68.068,68.068,True,200,NORMAL,,11482.3507412,11482.4188095
p12_exp_34_imbal_rr_seen,phase12,backend_imbalance,backend_imbalance,round_robin,seen_configuration,train,False,75,p12_exp_34_imbal_rr_seen_4,1788873366.6205733,process,0.03,6,10.0,25.0,25.0,0,70.0,1.5,0,15.0,25.0,1,20.0,1.5,0,15.0,25.0,0,20.0,1.5,0,server-2,,,False,server-3,74.23,74.23,True,200,NORMAL,,11482.4514368,11482.5256665
p12_exp_34_imbal_rr_seen,phase12,backend_imbalance,backend_imbalance,round_robin,seen_configuration,train,False,75,p12_exp_34_imbal_rr_seen_5,1788873366.7210848,process,0.03,6,10.0,25.0,25.0,0,70.0,1.5,0,15.0,25.0,0,20.0,1.5,0,15.0,25.0,1,20.0,1.5,0,server-3,,,False,server-2,73.396,73.396,True,200,NORMAL,,11482.5518415,11482.6252377
p12_exp_34_imbal_rr_seen,phase12,backend_imbalance,backend_imbalance,round_robin,seen_configuration,train,False,75,p12_exp_34_imbal_rr_seen_6,1788873366.8213413,process,0.03,6,10.0,25.0,25.0,1,70.0,1.5,0,15.0,25.0,0,20.0,1.5,0,15.0,25.0,0,20.0,1.5,0,server-1,,,False,server-1,61.496,61.496,True,200,NORMAL,,11482.6521043,11482.7136007
p12_exp_34_imbal_rr_seen,phase12,backend_imbalance,backend_imbalance,round_robin,seen_configuration,train,False,75,p12_exp_34_imbal_rr_seen_7,1788873366.9217,process,0.03,6,10.0,25.0,25.0,0,70.0,1.5,0,15.0,25.0,1,20.0,1.5,0,15.0,25.0,0,20.0,1.5,0,server-2,,,False,server-3,68.483,68.483,True,200,NORMAL,,11482.7524698,11482.8209532
p12_exp_34_imbal_rr_seen,phase12,backend_imbalance,backend_imbalance,round_robin,seen_configuration,train,False,75,p12_exp_34_imbal_rr_seen_8,1788873367.022235,process,0.03,6,10.0,25.0,25.0,0,70.0,1.5,0,15.0,25.0,0,20.0,1.5,0,15.0,25.0,1,20.0,1.5,0,server-3,,,False,server-2,60.872,60.872,True,200,NORMAL,,11482.8529983,11482.9138707
p12_exp_34_imbal_rr_seen,phase12,backend_imbalance,backend_imbalance,round_robin,seen_configuration,train,False,75,p12_exp_34_imbal_rr_seen_9,1788873367.1229482,process,0.03,6,10.0,25.0,25.0,1,70.0,1.5,0,15.0,25.0,0,20.0,1.5,0,15.0,25.0,0,20.0,1.5,0,server-1,,,False,server-1,55.024,55.024,True,200,NORMAL,,11482.9537173,11483.0087409
p12_exp_34_imbal_rr_seen,phase12,backend_imbalance,backend_imbalance,round_robin,seen_configuration,train,False,75,p12_exp_34_imbal_rr_seen_10,1788873367.2234397,process,0.03,6,10.0,25.0,25.0,0,70.0,1.5,0,15.0,25.0,1,20.0,1.5,0,15.0,25.0,0,20.0,1.5,0,server-2,,,False,server-3,63.247,63.247,True,200,NORMAL,,11483.0542032,11483.1174501
p12_exp_34_imbal_rr_seen,phase12,backend_imbalance,backend_imbalance,round_robin,seen_configuration,train,False,75,p12_exp_34_imbal_rr_seen_11,1788873367.3240335,process,0.03,6,10.0,25.0,25.0,0,70.0,1.5,0,15.0,25.0,0,20.0,1.5,0,15.0,25.0,1,20.0,1.5,0,server-3,,,False,server-2,58.116,58.116,True,200,NORMAL,,11483.1548654,11483.2129814
p12_exp_34_imbal_rr_seen,phase12,backend_imbalance,backend_imbalance,round_robin,seen_configuration,train,False,75,p12_exp_34_imbal_rr_seen_12,1788873367.4248023,process,0.03,6,10.0,25.0,25.0,1,70.0,1.5,0,15.0,25.0,0,20.0,1.5,0,15.0,25.0,0,20.0,1.5,0,server-1,,,False,server-1,56.994,56.994,True,200,NORMAL,,11483.2555533,11483.3125476
p12_exp_34_imbal_rr_seen,phase12,backend_imbalance,backend_imbalance,round_robin,seen_configuration,train,False,75,p12_exp_34_imbal_rr_seen_13,1788873367.5252302,process,0.03,6,10.0,25.0,25.0,0,70.0,1.5,0,15.0,25.0,1,20.0,1.5,0,15.0,25.0,0,20.0,1.5,0,server-2,,,False,server-3,39.579,39.579,True,200,NORMAL,,11483.3558433,11483.3954225
p12_exp_34_imbal_rr_seen,phase12,backend_imbalance,backend_imbalance,round_robin,seen_configuration,train,False,75,p12_exp_34_imbal_rr_seen_14,1788873367.6257126,process,0.03,6,10.0,25.0,25.0,0,70.0,1.5,0,15.0,25.0,0,20.0,1.5,0,15.0,25.0,1,20.0,1.5,0,server-3,,,False,server-2,46.846,46.846,True,200,NORMAL,,11483.4563609,11483.5032066
p12_exp_34_imbal_rr_seen,phase12,backend_imbalance,backend_imbalance,round_robin,seen_configuration,train,False,75,p12_exp_34_imbal_rr_seen_15,1788873367.7257977,process,0.03,6,10.0,25.0,25.0,1,70.0,1.5,0,15.0,25.0,0,20.0,1.5,0,15.0,25.0,0,20.0,1.5,0,server-1,,,False,server-1,35.411,35.411,True,200,NORMAL,,11483.5564277,11483.5918384
p12_exp_34_imbal_rr_seen,phase12,backend_imbalance,backend_imbalance,round_robin,seen_configuration,train,False,75,p12_exp_34_imbal_rr_seen_16,1788873367.825871,process,0.03,6,10.0,25.0,25.0,0,70.0,1.5,0,15.0,25.0,1,20.0,1.5,0,15.0,25.0,0,20.0,1.5,0,server-2,,,False,server-3,38.055,38.055,True,200,NORMAL,,11483.6565338,11483.6945883
p12_exp_34_imbal_rr_seen,phase12,backend_imbalance,backend_imbalance,round_robin,seen_configuration,train,False,75,p12_exp_34_imbal_rr_seen_17,1788873367.926108,process,0.03,6,10.0,25.0,25.0,0,70.0,1.5,0,15.0,25.0,0,20.0,1.5,0,15.0,25.0,1,20.0,1.5,0,server-3,,,False,server-2,39.835,39.835,True,200,NORMAL,,11483.7569434,11483.7967788
p12_exp_34_imbal_rr_seen,phase12,backend_imbalance,backend_imbalance,round_robin,seen_configuration,train,False,75,p12_exp_34_imbal_rr_seen_18,1788873368.026552,process,0.03,6,10.0,25.0,25.0,1,70.0,1.5,0,15.0,25.0,0,20.0,1.5,0,15.0,25.0,0,20.0,1.5,0,server-1,,,False,server-1,38.088,38.088,True,200,NORMAL,,11483.857212,11483.8952996
p12_exp_34_imbal_rr_seen,phase12,backend_imbalance,backend_imbalance,round_robin,seen_configuration,train,False,75,p12_exp_34_imbal_rr_seen_19,1788873368.1269608,process,0.03,6,10.0,25.0,25.0,0,70.0,1.5,0,15.0,25.0,1,20.0,1.5,0,15.0,25.0,0,20.0,1.5,0,server-2,,,False,server-3,37.492,37.492,True,200,NORMAL,,11483.9575559,11483.9950481
p12_exp_34_imbal_rr_seen,phase12,backend_imbalance,backend_imbalance,round_robin,seen_configuration,train,False,75,p12_exp_34_imbal_rr_seen_20,1788873368.2274706,process,0.03,6,10.0,25.0,25.0,0,70.0,1.5,0,15.0,25.0,0,20.0,1.5,0,15.0,25.0,1,20.0,1.5,0,server-3,,,False,server-2,37.402,37.402,True,200,NORMAL,,11484.0581831,11484.095585
p12_exp_34_imbal_rr_seen,phase12,backend_imbalance,backend_imbalance,round_robin,seen_configuration,train,False,75,p12_exp_34_imbal_rr_seen_21,1788873368.3276167,process,0.03,6,10.0,25.0,25.0,1,70.0,1.5,0,15.0,25.0,0,20.0,1.5,0,15.0,25.0,0,20.0,1.5,0,server-1,,,False,server-1,57.561,57.561,True,200,NORMAL,,11484.158328,11484.2158887
p12_exp_34_imbal_rr_seen,phase12,backend_imbalance,backend_imbalance,round_robin,seen_configuration,train,False,75,p12_exp_34_imbal_rr_seen_22,1788873368.4281354,process,0.03,6,10.0,25.0,25.0,0,70.0,1.5,0,15.0,25.0,1,20.0,1.5,0,15.0,25.0,0,20.0,1.5,0,server-2,,,False,server-3,36.82,36.82,True,200,NORMAL,,11484.2587867,11484.2956068
p12_exp_34_imbal_rr_seen,phase12,backend_imbalance,backend_imbalance,round_robin,seen_configuration,train,False,75,p12_exp_34_imbal_rr_seen_23,1788873368.5287826,process,0.03,6,10.0,25.0,25.0,0,70.0,1.5,0,15.0,25.0,0,20.0,1.5,0,15.0,25.0,1,20.0,1.5,0,server-3,,,False,server-2,59.303,59.303,True,200,NORMAL,,11484.3595847,11484.4188878
p12_exp_34_imbal_rr_seen,phase12,backend_imbalance,backend_imbalance,round_robin,seen_configuration,train,False,75,p12_exp_34_imbal_rr_seen_24,1788873368.62942,process,0.03,6,10.0,25.0,25.0,1,70.0,1.5,0,15.0,25.0,0,20.0,1.5,0,15.0,25.0,0,20.0,1.5,0,server-1,,,False,server-1,63.27,63.27,True,200,NORMAL,,11484.4601787,11484.5234484
p12_exp_34_imbal_rr_seen,phase12,backend_imbalance,backend_imbalance,round_robin,seen_configuration,train,False,75,p12_exp_34_imbal_rr_seen_25,1788873368.7303956,process,0.03,6,10.0,25.0,25.0,0,70.0,1.5,0,15.0,25.0,1,20.0,1.5,0,15.0,25.0,0,20.0,1.5,0,server-2,,,False,server-3,76.309,76.309,True,200,NORMAL,,11484.5611986,11484.6375077
p12_exp_34_imbal_rr_seen,phase12,backend_imbalance,backend_imbalance,round_robin,seen_configuration,train,False,75,p12_exp_34_imbal_rr_seen_26,1788873368.8307967,process,0.03,6,10.0,25.0,25.0,0,70.0,1.5,0,15.0,25.0,0,20.0,1.5,0,15.0,25.0,1,20.0,1.5,0,server-3,,,False,server-2,63.217,63.217,True,200,NORMAL,,11484.661586,11484.7248031
p12_exp_34_imbal_rr_seen,phase12,backend_imbalance,backend_imbalance,round_robin,seen_configuration,train,False,75,p12_exp_34_imbal_rr_seen_27,1788873368.9312654,process,0.03,6,10.0,25.0,25.0,1,70.0,1.5,0,15.0,25.0,0,20.0,1.5,0,15.0,25.0,0,20.0,1.5,0,server-1,,,False,server-1,62.139,62.139,True,200,NORMAL,,11484.7622178,11484.8243564
p12_exp_34_imbal_rr_seen,phase12,backend_imbalance,backend_imbalance,round_robin,seen_configuration,train,False,75,p12_exp_34_imbal_rr_seen_28,1788873369.0321066,process,0.03,6,10.0,25.0,25.0,0,70.0,1.5,0,15.0,25.0,1,20.0,1.5,0,15.0,25.0,0,20.0,1.5,0,server-2,,,False,server-3,56.612,56.612,True,200,NORMAL,,11484.8629177,11484.9195293
p12_exp_34_imbal_rr_seen,phase12,backend_imbalance,backend_imbalance,round_robin,seen_configuration,train,False,75,p12_exp_34_imbal_rr_seen_29,1788873369.1328874,process,0.03,6,10.0,25.0,25.0,0,70.0,1.5,0,15.0,25.0,0,20.0,1.5,0,15.0,25.0,1,20.0,1.5,0,server-3,,,False,server-2,74.687,74.687,True,200,NORMAL,,11484.9636866,11485.0383738
p12_exp_34_imbal_rr_seen,phase12,backend_imbalance,backend_imbalance,round_robin,seen_configuration,train,False,75,p12_exp_34_imbal_rr_seen_30,1788873369.2337766,process,0.03,6,10.0,25.0,25.0,1,70.0,1.5,0,15.0,25.0,0,20.0,1.5,0,15.0,25.0,0,20.0,1.5,0,server-1,,,False,server-1,65.247,65.247,True,200,NORMAL,,11485.0645863,11485.1298336
p12_exp_34_imbal_rr_seen,phase12,backend_imbalance,backend_imbalance,round_robin,seen_configuration,train,False,75,p12_exp_34_imbal_rr_seen_31,1788873369.3344,process,0.03,6,10.0,25.0,25.0,0,70.0,1.5,0,15.0,25.0,1,20.0,1.5,0,15.0,25.0,0,20.0,1.5,0,server-2,,,False,server-3,65.48,65.48,True,200,NORMAL,,11485.1652026,11485.230683
p12_exp_34_imbal_rr_seen,phase12,backend_imbalance,backend_imbalance,round_robin,seen_configuration,train,False,75,p12_exp_34_imbal_rr_seen_32,1788873369.434952,process,0.03,6,10.0,25.0,25.0,0,70.0,1.5,0,15.0,25.0,0,20.0,1.5,0,15.0,25.0,1,20.0,1.5,0,server-3,,,False,server-2,60.275,60.275,True,200,NORMAL,,11485.2657527,11485.3260277
p12_exp_34_imbal_rr_seen,phase12,backend_imbalance,backend_imbalance,round_robin,seen_configuration,train,False,75,p12_exp_34_imbal_rr_seen_33,1788873369.535609,process,0.03,6,10.0,25.0,25.0,1,70.0,1.5,0,15.0,25.0,0,20.0,1.5,0,15.0,25.0,0,20.0,1.5,0,server-1,,,False,server-1,57.959,57.959,True,200,NORMAL,,11485.366421,11485.4243803
p12_exp_34_imbal_rr_seen,phase12,backend_imbalance,backend_imbalance,round_robin,seen_configuration,train,False,75,p12_exp_34_imbal_rr_seen_34,1788873369.6360786,process,0.03,6,10.0,25.0,25.0,0,70.0,1.5,0,15.0,25.0,1,20.0,1.5,0,15.0,25.0,0,20.0,1.5,0,server-2,,,False,server-3,56.342,56.342,True,200,NORMAL,,11485.4668164,11485.5231582
p12_exp_34_imbal_rr_seen,phase12,backend_imbalance,backend_imbalance,round_robin,seen_configuration,train,False,75,p12_exp_34_imbal_rr_seen_35,1788873369.736746,process,0.03,6,10.0,25.0,25.0,0,70.0,1.5,0,15.0,25.0,0,20.0,1.5,0,15.0,25.0,1,20.0,1.5,0,server-3,,,False,server-2,58.568,58.568,True,200,NORMAL,,11485.5675742,11485.6261424
p12_exp_34_imbal_rr_seen,phase12,backend_imbalance,backend_imbalance,round_robin,seen_configuration,train,False,75,p12_exp_34_imbal_rr_seen_36,1788873369.8376305,process,0.03,6,10.0,25.0,25.0,1,70.0,1.5,0,15.0,25.0,0,20.0,1.5,0,15.0,25.0,0,20.0,1.5,0,server-1,,,False,server-1,48.594,48.594,True,200,NORMAL,,11485.6683532,11485.716947
p12_exp_34_imbal_rr_seen,phase12,backend_imbalance,backend_imbalance,round_robin,seen_configuration,train,False,75,p12_exp_34_imbal_rr_seen_37,1788873369.9379275,process,0.03,6,10.0,25.0,25.0,0,70.0,1.5,0,15.0,25.0,1,20.0,1.5,0,15.0,25.0,0,20.0,1.5,0,server-2,,,False,server-3,59.53,59.53,True,200,NORMAL,,11485.7687101,11485.8282398
p12_exp_34_imbal_rr_seen,phase12,backend_imbalance,backend_imbalance,round_robin,seen_configuration,train,False,75,p12_exp_34_imbal_rr_seen_38,1788873370.0381942,process,0.03,6,10.0,25.0,25.0,0,70.0,1.5,0,15.0,25.0,0,20.0,1.5,0,15.0,25.0,1,20.0,1.5,0,server-3,,,False,server-2,55.518,55.518,True,200,NORMAL,,11485.8689859,11485.9245044
p12_exp_34_imbal_rr_seen,phase12,backend_imbalance,backend_imbalance,round_robin,seen_configuration,train,False,75,p12_exp_34_imbal_rr_seen_39,1788873370.1388352,process,0.03,6,10.0,25.0,25.0,1,70.0,1.5,0,15.0,25.0,0,20.0,1.5,0,15.0,25.0,0,20.0,1.5,0,server-1,,,False,server-1,67.837,67.837,True,200,NORMAL,,11485.9696064,11486.0374435
p12_exp_34_imbal_rr_seen,phase12,backend_imbalance,backend_imbalance,round_robin,seen_configuration,train,False,75,p12_exp_34_imbal_rr_seen_40,1788873370.239378,process,0.03,6,10.0,25.0,25.0,0,70.0,1.5,0,15.0,25.0,1,20.0,1.5,0,15.0,25.0,0,20.0,1.5,0,server-2,,,False,server-3,69.186,69.186,True,200,NORMAL,,11486.0700301,11486.1392164
p12_exp_35_imbal_lc_seen,phase12,backend_imbalance,backend_imbalance,least_connections,seen_configuration,val,False,76,p12_exp_35_imbal_lc_seen_1,1788873371.9139442,process,0.03,6,10.0,15.0,25.0,1,20.0,1.5,0,25.0,25.0,0,70.0,1.5,0,15.0,25.0,0,20.0,1.5,0,server-1,,,False,server-3,39.526,39.526,True,200,NORMAL,,11487.7445204,11487.7840462
p12_exp_35_imbal_lc_seen,phase12,backend_imbalance,backend_imbalance,least_connections,seen_configuration,val,False,76,p12_exp_35_imbal_lc_seen_2,1788873372.0145085,process,0.03,6,10.0,15.0,25.0,1,20.0,1.5,0,25.0,25.0,0,70.0,1.5,0,15.0,25.0,0,20.0,1.5,0,server-1,,,False,server-3,58.541,58.541,True,200,NORMAL,,11487.8452037,11487.9037442
p12_exp_35_imbal_lc_seen,phase12,backend_imbalance,backend_imbalance,least_connections,seen_configuration,val,False,76,p12_exp_35_imbal_lc_seen_3,1788873372.1148612,process,0.03,6,10.0,15.0,25.0,1,20.0,1.5,0,25.0,25.0,0,70.0,1.5,0,15.0,25.0,0,20.0,1.5,0,server-1,,,False,server-3,48.65,48.65,True,200,NORMAL,,11487.9455468,11487.9941965
p12_exp_35_imbal_lc_seen,phase12,backend_imbalance,backend_imbalance,least_connections,seen_configuration,val,False,76,p12_exp_35_imbal_lc_seen_4,1788873372.2151794,process,0.03,6,10.0,15.0,25.0,1,20.0,1.5,0,25.0,25.0,0,70.0,1.5,0,15.0,25.0,0,20.0,1.5,0,server-1,,,False,server-3,61.655,61.655,True,200,NORMAL,,11488.0458658,11488.1075213
p12_exp_35_imbal_lc_seen,phase12,backend_imbalance,backend_imbalance,least_connections,seen_configuration,val,False,76,p12_exp_35_imbal_lc_seen_5,1788873372.3157032,process,0.03,6,10.0,15.0,25.0,1,20.0,1.5,0,25.0,25.0,0,70.0,1.5,0,15.0,25.0,0,20.0,1.5,0,server-1,,,False,server-3,68.377,68.377,True,200,NORMAL,,11488.1463562,11488.2147335
p12_exp_35_imbal_lc_seen,phase12,backend_imbalance,backend_imbalance,least_connections,seen_configuration,val,False,76,p12_exp_35_imbal_lc_seen_6,1788873372.4159627,process,0.03,6,10.0,15.0,25.0,1,20.0,1.5,0,25.0,25.0,0,70.0,1.5,0,15.0,25.0,0,20.0,1.5,0,server-1,,,False,server-3,63.376,63.376,True,200,NORMAL,,11488.2467013,11488.3100777
p12_exp_35_imbal_lc_seen,phase12,backend_imbalance,backend_imbalance,least_connections,seen_configuration,val,False,76,p12_exp_35_imbal_lc_seen_7,1788873372.5163171,process,0.03,6,10.0,15.0,25.0,1,20.0,1.5,0,25.0,25.0,0,70.0,1.5,0,15.0,25.0,0,20.0,1.5,0,server-1,,,False,server-3,54.897,54.897,True,200,NORMAL,,11488.3470005,11488.4018978
p12_exp_35_imbal_lc_seen,phase12,backend_imbalance,backend_imbalance,least_connections,seen_configuration,val,False,76,p12_exp_35_imbal_lc_seen_8,1788873372.6165822,process,0.03,6,10.0,15.0,25.0,1,20.0,1.5,0,25.0,25.0,0,70.0,1.5,0,15.0,25.0,0,20.0,1.5,0,server-1,,,False,server-3,43.716,43.716,True,200,NORMAL,,11488.4473166,11488.491033
p12_exp_35_imbal_lc_seen,phase12,backend_imbalance,backend_imbalance,least_connections,seen_configuration,val,False,76,p12_exp_35_imbal_lc_seen_9,1788873372.717102,process,0.03,6,10.0,15.0,25.0,1,20.0,1.5,0,25.0,25.0,0,70.0,1.5,0,15.0,25.0,0,20.0,1.5,0,server-1,,,False,server-3,58.39,58.39,True,200,NORMAL,,11488.5479413,11488.6063316
p12_exp_35_imbal_lc_seen,phase12,backend_imbalance,backend_imbalance,least_connections,seen_configuration,val,False,76,p12_exp_35_imbal_lc_seen_10,1788873372.8174095,process,0.03,6,10.0,15.0,25.0,1,20.0,1.5,0,25.0,25.0,0,70.0,1.5,0,15.0,25.0,0,20.0,1.5,0,server-1,,,False,server-3,67.415,67.415,True,200,NORMAL,,11488.6481816,11488.7155971
p12_exp_35_imbal_lc_seen,phase12,backend_imbalance,backend_imbalance,least_connections,seen_configuration,val,False,76,p12_exp_35_imbal_lc_seen_11,1788873372.9181032,process,0.03,6,10.0,15.0,25.0,1,20.0,1.5,0,25.0,25.0,0,70.0,1.5,0,15.0,25.0,0,20.0,1.5,0,server-1,,,False,server-3,65.82,65.82,True,200,NORMAL,,11488.7488924,11488.8147129
p12_exp_35_imbal_lc_seen,phase12,backend_imbalance,backend_imbalance,least_connections,seen_configuration,val,False,76,p12_exp_35_imbal_lc_seen_12,1788873373.0185208,process,0.03,6,10.0,15.0,25.0,1,20.0,1.5,0,25.0,25.0,0,70.0,1.5,0,15.0,25.0,0,20.0,1.5,0,server-1,,,False,server-3,64.258,64.258,True,200,NORMAL,,11488.8491808,11488.9134385
p12_exp_35_imbal_lc_seen,phase12,backend_imbalance,backend_imbalance,least_connections,seen_configuration,val,False,76,p12_exp_35_imbal_lc_seen_13,1788873373.1186347,process,0.03,6,10.0,15.0,25.0,1,20.0,1.5,0,25.0,25.0,0,70.0,1.5,0,15.0,25.0,0,20.0,1.5,0,server-1,,,False,server-3,76.753,76.753,True,200,NORMAL,,11488.9493166,11489.02607
p12_exp_35_imbal_lc_seen,phase12,backend_imbalance,backend_imbalance,least_connections,seen_configuration,val,False,76,p12_exp_35_imbal_lc_seen_14,1788873373.2193377,process,0.03,6,10.0,15.0,25.0,1,20.0,1.5,0,25.0,25.0,0,70.0,1.5,0,15.0,25.0,0,20.0,1.5,0,server-1,,,False,server-3,75.375,75.375,True,200,NORMAL,,11489.0500012,11489.1253762
p12_exp_35_imbal_lc_seen,phase12,backend_imbalance,backend_imbalance,least_connections,seen_configuration,val,False,76,p12_exp_35_imbal_lc_seen_15,1788873373.319829,process,0.03,6,10.0,15.0,25.0,1,20.0,1.5,0,25.0,25.0,0,70.0,1.5,0,15.0,25.0,0,20.0,1.5,0,server-1,,,False,server-3,59.508,59.508,True,200,NORMAL,,11489.150459,11489.2099674
p12_exp_35_imbal_lc_seen,phase12,backend_imbalance,backend_imbalance,least_connections,seen_configuration,val,False,76,p12_exp_35_imbal_lc_seen_16,1788873373.4200068,process,0.03,6,10.0,15.0,25.0,1,20.0,1.5,0,25.0,25.0,0,70.0,1.5,0,15.0,25.0,0,20.0,1.5,0,server-1,,,False,server-3,51.4,51.4,True,200,NORMAL,,11489.2506607,11489.3020604
p12_exp_35_imbal_lc_seen,phase12,backend_imbalance,backend_imbalance,least_connections,seen_configuration,val,False,76,p12_exp_35_imbal_lc_seen_17,1788873373.5205595,process,0.03,6,10.0,15.0,25.0,1,20.0,1.5,0,25.0,25.0,0,70.0,1.5,0,15.0,25.0,0,20.0,1.5,0,server-1,,,False,server-3,57.906,57.906,True,200,NORMAL,,11489.3513897,11489.4092961
p12_exp_35_imbal_lc_seen,phase12,backend_imbalance,backend_imbalance,least_connections,seen_configuration,val,False,76,p12_exp_35_imbal_lc_seen_18,1788873373.6208107,process,0.03,6,10.0,15.0,25.0,1,20.0,1.5,0,25.0,25.0,0,70.0,1.5,0,15.0,25.0,0,20.0,1.5,0,server-1,,,False,server-3,75.724,75.724,True,200,NORMAL,,11489.4515641,11489.5272878
p12_exp_35_imbal_lc_seen,phase12,backend_imbalance,backend_imbalance,least_connections,seen_configuration,val,False,76,p12_exp_35_imbal_lc_seen_19,1788873373.7212195,process,0.03,6,10.0,15.0,25.0,1,20.0,1.5,0,25.0,25.0,0,70.0,1.5,0,15.0,25.0,0,20.0,1.5,0,server-1,,,False,server-3,60.895,60.895,True,200,NORMAL,,11489.5520017,11489.6128964
p12_exp_35_imbal_lc_seen,phase12,backend_imbalance,backend_imbalance,least_connections,seen_configuration,val,False,76,p12_exp_35_imbal_lc_seen_20,1788873373.8217633,process,0.03,6,10.0,15.0,25.0,1,20.0,1.5,0,25.0,25.0,0,70.0,1.5,0,15.0,25.0,0,20.0,1.5,0,server-1,,,False,server-3,60.715,60.715,True,200,NORMAL,,11489.6525069,11489.713222
p12_exp_35_imbal_lc_seen,phase12,backend_imbalance,backend_imbalance,least_connections,seen_configuration,val,False,76,p12_exp_35_imbal_lc_seen_21,1788873373.922516,process,0.03,6,10.0,15.0,25.0,1,20.0,1.5,0,25.0,25.0,0,70.0,1.5,0,15.0,25.0,0,20.0,1.5,0,server-1,,,False,server-3,37.162,37.162,True,200,NORMAL,,11489.7532064,11489.7903683
p12_exp_35_imbal_lc_seen,phase12,backend_imbalance,backend_imbalance,least_connections,seen_configuration,val,False,76,p12_exp_35_imbal_lc_seen_22,1788873374.0231526,process,0.03,6,10.0,15.0,25.0,1,20.0,1.5,0,25.0,25.0,0,70.0,1.5,0,15.0,25.0,0,20.0,1.5,0,server-1,,,False,server-3,47.932,47.932,True,200,NORMAL,,11489.853913,11489.9018454
p12_exp_35_imbal_lc_seen,phase12,backend_imbalance,backend_imbalance,least_connections,seen_configuration,val,False,76,p12_exp_35_imbal_lc_seen_23,1788873374.123932,process,0.03,6,10.0,15.0,25.0,1,20.0,1.5,0,25.0,25.0,0,70.0,1.5,0,15.0,25.0,0,20.0,1.5,0,server-1,,,False,server-3,63.283,63.283,True,200,NORMAL,,11489.9547413,11490.0180246
p12_exp_35_imbal_lc_seen,phase12,backend_imbalance,backend_imbalance,least_connections,seen_configuration,val,False,76,p12_exp_35_imbal_lc_seen_24,1788873374.2244525,process,0.03,6,10.0,15.0,25.0,1,20.0,1.5,0,25.0,25.0,0,70.0,1.5,0,15.0,25.0,0,20.0,1.5,0,server-1,,,False,server-3,59.97,59.97,True,200,NORMAL,,11490.0553396,11490.1153093
p12_exp_35_imbal_lc_seen,phase12,backend_imbalance,backend_imbalance,least_connections,seen_configuration,val,False,76,p12_exp_35_imbal_lc_seen_25,1788873374.3252594,process,0.03,6,10.0,15.0,25.0,1,20.0,1.5,0,25.0,25.0,0,70.0,1.5,0,15.0,25.0,0,20.0,1.5,0,server-1,,,False,server-3,35.579,35.579,True,200,NORMAL,,11490.1559667,11490.1915462
p12_exp_35_imbal_lc_seen,phase12,backend_imbalance,backend_imbalance,least_connections,seen_configuration,val,False,76,p12_exp_35_imbal_lc_seen_26,1788873374.4254055,process,0.03,6,10.0,15.0,25.0,1,20.0,1.5,0,25.0,25.0,0,70.0,1.5,0,15.0,25.0,0,20.0,1.5,0,server-1,,,False,server-3,58.791,58.791,True,200,NORMAL,,11490.2561751,11490.3149662
p12_exp_35_imbal_lc_seen,phase12,backend_imbalance,backend_imbalance,least_connections,seen_configuration,val,False,76,p12_exp_35_imbal_lc_seen_27,1788873374.5261362,process,0.03,6,10.0,15.0,25.0,1,20.0,1.5,0,25.0,25.0,0,70.0,1.5,0,15.0,25.0,0,20.0,1.5,0,server-1,,,False,server-3,57.444,57.444,True,200,NORMAL,,11490.3570117,11490.4144554
p12_exp_35_imbal_lc_seen,phase12,backend_imbalance,backend_imbalance,least_connections,seen_configuration,val,False,76,p12_exp_35_imbal_lc_seen_28,1788873374.6266875,process,0.03,6,10.0,15.0,25.0,1,20.0,1.5,0,25.0,25.0,0,70.0,1.5,0,15.0,25.0,0,20.0,1.5,0,server-1,,,False,server-3,59.342,59.342,True,200,NORMAL,,11490.4574507,11490.5167922
p12_exp_35_imbal_lc_seen,phase12,backend_imbalance,backend_imbalance,least_connections,seen_configuration,val,False,76,p12_exp_35_imbal_lc_seen_29,1788873374.7274718,process,0.03,6,10.0,15.0,25.0,1,20.0,1.5,0,25.0,25.0,0,70.0,1.5,0,15.0,25.0,0,20.0,1.5,0,server-1,,,False,server-3,54.057,54.057,True,200,NORMAL,,11490.5581298,11490.612187
p12_exp_35_imbal_lc_seen,phase12,backend_imbalance,backend_imbalance,least_connections,seen_configuration,val,False,76,p12_exp_35_imbal_lc_seen_30,1788873374.827847,process,0.03,6,10.0,15.0,25.0,1,20.0,1.5,0,25.0,25.0,0,70.0,1.5,0,15.0,25.0,0,20.0,1.5,0,server-1,,,False,server-3,68.095,68.095,True,200,NORMAL,,11490.6586353,11490.7267308
p12_exp_35_imbal_lc_seen,phase12,backend_imbalance,backend_imbalance,least_connections,seen_configuration,val,False,76,p12_exp_35_imbal_lc_seen_31,1788873374.9280636,process,0.03,6,10.0,15.0,25.0,1,20.0,1.5,0,25.0,25.0,0,70.0,1.5,0,15.0,25.0,0,20.0,1.5,0,server-1,,,False,server-3,77.041,77.041,True,200,NORMAL,,11490.758709,11490.83575
p12_exp_35_imbal_lc_seen,phase12,backend_imbalance,backend_imbalance,least_connections,seen_configuration,val,False,76,p12_exp_35_imbal_lc_seen_32,1788873375.0286343,process,0.03,6,10.0,15.0,25.0,1,20.0,1.5,0,25.0,25.0,0,70.0,1.5,0,15.0,25.0,0,20.0,1.5,0,server-1,,,False,server-3,77.672,77.672,True,200,NORMAL,,11490.8592812,11490.9369529
p12_exp_35_imbal_lc_seen,phase12,backend_imbalance,backend_imbalance,least_connections,seen_configuration,val,False,76,p12_exp_35_imbal_lc_seen_33,1788873375.129373,process,0.03,6,10.0,15.0,25.0,1,20.0,1.5,0,25.0,25.0,0,70.0,1.5,0,15.0,25.0,0,20.0,1.5,0,server-1,,,False,server-3,63.283,63.283,True,200,NORMAL,,11490.9601284,11491.0234112
p12_exp_35_imbal_lc_seen,phase12,backend_imbalance,backend_imbalance,least_connections,seen_configuration,val,False,76,p12_exp_35_imbal_lc_seen_34,1788873375.2296088,process,0.03,6,10.0,15.0,25.0,1,20.0,1.5,0,25.0,25.0,0,70.0,1.5,0,15.0,25.0,0,20.0,1.5,0,server-1,,,False,server-3,76.758,76.758,True,200,NORMAL,,11491.0602737,11491.1370317
p12_exp_35_imbal_lc_seen,phase12,backend_imbalance,backend_imbalance,least_connections,seen_configuration,val,False,76,p12_exp_35_imbal_lc_seen_35,1788873375.3302493,process,0.03,6,10.0,15.0,25.0,1,20.0,1.5,0,25.0,25.0,0,70.0,1.5,0,15.0,25.0,0,20.0,1.5,0,server-1,,,False,server-3,62.724,62.724,True,200,NORMAL,,11491.1610033,11491.223727
p12_exp_35_imbal_lc_seen,phase12,backend_imbalance,backend_imbalance,least_connections,seen_configuration,val,False,76,p12_exp_35_imbal_lc_seen_36,1788873375.4305558,process,0.03,6,10.0,15.0,25.0,1,20.0,1.5,0,25.0,25.0,0,70.0,1.5,0,15.0,25.0,0,20.0,1.5,0,server-1,,,False,server-3,62.885,62.885,True,200,NORMAL,,11491.2612515,11491.324137
p12_exp_35_imbal_lc_seen,phase12,backend_imbalance,backend_imbalance,least_connections,seen_configuration,val,False,76,p12_exp_35_imbal_lc_seen_37,1788873375.5313723,process,0.03,6,10.0,15.0,25.0,1,20.0,1.5,0,25.0,25.0,0,70.0,1.5,0,15.0,25.0,0,20.0,1.5,0,server-1,,,False,server-3,62.667,62.667,True,200,NORMAL,,11491.3620514,11491.4247181
p12_exp_35_imbal_lc_seen,phase12,backend_imbalance,backend_imbalance,least_connections,seen_configuration,val,False,76,p12_exp_35_imbal_lc_seen_38,1788873375.6318655,process,0.03,6,10.0,15.0,25.0,1,20.0,1.5,0,25.0,25.0,0,70.0,1.5,0,15.0,25.0,0,20.0,1.5,0,server-1,,,False,server-3,61.112,61.112,True,200,NORMAL,,11491.4625577,11491.5236693
p12_exp_35_imbal_lc_seen,phase12,backend_imbalance,backend_imbalance,least_connections,seen_configuration,val,False,76,p12_exp_35_imbal_lc_seen_39,1788873375.7324486,process,0.03,6,10.0,15.0,25.0,1,20.0,1.5,0,25.0,25.0,0,70.0,1.5,0,15.0,25.0,0,20.0,1.5,0,server-1,,,False,server-3,60.604,60.604,True,200,NORMAL,,11491.563183,11491.6237873
p12_exp_35_imbal_lc_seen,phase12,backend_imbalance,backend_imbalance,least_connections,seen_configuration,val,False,76,p12_exp_35_imbal_lc_seen_40,1788873375.833032,process,0.03,6,10.0,15.0,25.0,1,20.0,1.5,0,25.0,25.0,0,70.0,1.5,0,15.0,25.0,0,20.0,1.5,0,server-1,,,False,server-3,52.311,52.311,True,200,NORMAL,,11491.6636996,11491.7160104
p12_exp_36_imbal_ml_unseen,phase12,backend_imbalance,backend_imbalance,ml,unseen_configuration,test_unseen,False,77,p12_exp_36_imbal_ml_unseen_1,1788873377.6101213,process,0.035,8,12.0,25.0,25.0,0,70.0,1.5,0,15.0,25.0,0,20.0,1.5,0,15.0,25.0,1,20.0,1.5,0,server-3,http://127.0.0.1:8003,1.0,False,server-2,101.621,101.621,True,200,NORMAL,,11493.4412415,11493.542863
p12_exp_36_imbal_ml_unseen,phase12,backend_imbalance,backend_imbalance,ml,unseen_configuration,test_unseen,False,77,p12_exp_36_imbal_ml_unseen_2,1788873377.6951983,process,0.035,8,12.0,25.0,25.0,0,70.0,1.5,0,15.0,25.0,0,20.0,1.5,0,15.0,25.0,1,20.0,1.5,0,server-3,http://127.0.0.1:8003,1.0,False,server-2,86.842,86.842,True,200,NORMAL,,11493.52666,11493.6135021
p12_exp_36_imbal_ml_unseen,phase12,backend_imbalance,backend_imbalance,ml,unseen_configuration,test_unseen,False,77,p12_exp_36_imbal_ml_unseen_3,1788873377.779847,process,0.035,8,12.0,25.0,25.0,0,70.0,1.5,0,15.0,25.0,0,20.0,1.5,0,15.0,25.0,1,20.0,1.5,0,server-3,http://127.0.0.1:8003,1.0,False,server-2,86.51,86.51,True,200,NORMAL,,11493.6106404,11493.6971503
p12_exp_36_imbal_ml_unseen,phase12,backend_imbalance,backend_imbalance,ml,unseen_configuration,test_unseen,False,77,p12_exp_36_imbal_ml_unseen_4,1788873377.8636038,process,0.035,8,12.0,25.0,25.0,0,70.0,1.5,0,15.0,25.0,0,20.0,1.5,0,15.0,25.0,1,20.0,1.5,0,server-3,http://127.0.0.1:8003,1.0,False,server-2,94.667,94.667,True,200,NORMAL,,11493.6943442,11493.7890111
p12_exp_36_imbal_ml_unseen,phase12,backend_imbalance,backend_imbalance,ml,unseen_configuration,test_unseen,False,77,p12_exp_36_imbal_ml_unseen_5,1788873377.947382,process,0.035,8,12.0,25.0,25.0,0,70.0,1.5,0,15.0,25.0,0,20.0,1.5,0,15.0,25.0,1,20.0,1.5,0,server-3,http://127.0.0.1:8003,1.0,False,server-2,87.962,87.962,True,200,NORMAL,,11493.7780765,11493.8660387
p12_exp_36_imbal_ml_unseen,phase12,backend_imbalance,backend_imbalance,ml,unseen_configuration,test_unseen,False,77,p12_exp_36_imbal_ml_unseen_6,1788873378.0309863,process,0.035,8,12.0,25.0,25.0,0,70.0,1.5,0,15.0,25.0,0,20.0,1.5,0,15.0,25.0,1,20.0,1.5,0,server-3,http://127.0.0.1:8003,1.0,False,server-2,87.161,87.161,True,200,NORMAL,,11493.8618672,11493.9490277
p12_exp_36_imbal_ml_unseen,phase12,backend_imbalance,backend_imbalance,ml,unseen_configuration,test_unseen,False,77,p12_exp_36_imbal_ml_unseen_7,1788873378.115054,process,0.035,8,12.0,25.0,25.0,0,70.0,1.5,0,15.0,25.0,0,20.0,1.5,0,15.0,25.0,1,20.0,1.5,0,server-3,http://127.0.0.1:8003,1.0,False,server-2,95.054,95.054,True,200,NORMAL,,11493.9458037,11494.0408575
p12_exp_36_imbal_ml_unseen,phase12,backend_imbalance,backend_imbalance,ml,unseen_configuration,test_unseen,False,77,p12_exp_36_imbal_ml_unseen_8,1788873378.1988156,process,0.035,8,12.0,25.0,25.0,0,70.0,1.5,0,15.0,25.0,0,20.0,1.5,0,15.0,25.0,1,20.0,1.5,0,server-3,http://127.0.0.1:8003,1.0,False,server-2,99.541,99.541,True,200,NORMAL,,11494.0296161,11494.1291576
p12_exp_36_imbal_ml_unseen,phase12,backend_imbalance,backend_imbalance,ml,unseen_configuration,test_unseen,False,77,p12_exp_36_imbal_ml_unseen_9,1788873378.2828298,process,0.035,8,12.0,25.0,25.0,0,70.0,1.5,0,15.0,25.0,0,20.0,1.5,0,15.0,25.0,1,20.0,1.5,0,server-3,http://127.0.0.1:8003,1.0,False,server-2,152.091,152.091,True,200,NORMAL,,11494.1135633,11494.2656545
p12_exp_36_imbal_ml_unseen,phase12,backend_imbalance,backend_imbalance,ml,unseen_configuration,test_unseen,False,77,p12_exp_36_imbal_ml_unseen_10,1788873378.3666613,process,0.035,8,12.0,25.0,25.0,0,70.0,1.5,0,15.0,25.0,0,20.0,1.5,0,15.0,25.0,1,20.0,1.5,0,server-3,http://127.0.0.1:8003,1.0,False,server-2,115.692,115.692,True,200,NORMAL,,11494.1977973,11494.3134888
p12_exp_36_imbal_ml_unseen,phase12,backend_imbalance,backend_imbalance,ml,unseen_configuration,test_unseen,False,77,p12_exp_36_imbal_ml_unseen_11,1788873378.4507053,process,0.035,8,12.0,25.0,25.0,0,70.0,1.5,0,15.0,25.0,0,20.0,1.5,0,15.0,25.0,1,20.0,1.5,0,server-3,http://127.0.0.1:8003,1.0,False,server-2,128.309,128.309,True,200,NORMAL,,11494.2813977,11494.4097069
p12_exp_36_imbal_ml_unseen,phase12,backend_imbalance,backend_imbalance,ml,unseen_configuration,test_unseen,False,77,p12_exp_36_imbal_ml_unseen_12,1788873378.534226,process,0.035,8,12.0,25.0,25.0,0,70.0,1.5,0,15.0,25.0,0,20.0,1.5,0,15.0,25.0,1,20.0,1.5,0,server-3,http://127.0.0.1:8003,1.0,False,server-2,114.269,114.269,True,200,NORMAL,,11494.3649164,11494.4791858
p12_exp_36_imbal_ml_unseen,phase12,backend_imbalance,backend_imbalance,ml,unseen_configuration,test_unseen,False,77,p12_exp_36_imbal_ml_unseen_13,1788873378.618182,process,0.035,8,12.0,25.0,25.0,0,70.0,1.5,0,15.0,25.0,0,20.0,1.5,0,15.0,25.0,1,20.0,1.5,0,server-3,http://127.0.0.1:8003,1.0,False,server-2,104.157,104.157,True,200,NORMAL,,11494.4488309,11494.5529879
p12_exp_36_imbal_ml_unseen,phase12,backend_imbalance,backend_imbalance,ml,unseen_configuration,test_unseen,False,77,p12_exp_36_imbal_ml_unseen_14,1788873378.7017193,process,0.035,8,12.0,25.0,25.0,0,70.0,1.5,0,15.0,25.0,0,20.0,1.5,0,15.0,25.0,1,20.0,1.5,0,server-3,http://127.0.0.1:8003,1.0,False,server-2,98.156,98.156,True,200,NORMAL,,11494.5323642,11494.6305199
p12_exp_36_imbal_ml_unseen,phase12,backend_imbalance,backend_imbalance,ml,unseen_configuration,test_unseen,False,77,p12_exp_36_imbal_ml_unseen_15,1788873378.7855103,process,0.035,8,12.0,25.0,25.0,0,70.0,1.5,0,15.0,25.0,0,20.0,1.5,0,15.0,25.0,1,20.0,1.5,0,server-3,http://127.0.0.1:8003,1.0,False,server-2,82.774,82.774,True,200,NORMAL,,11494.6161833,11494.698957
p12_exp_36_imbal_ml_unseen,phase12,backend_imbalance,backend_imbalance,ml,unseen_configuration,test_unseen,False,77,p12_exp_36_imbal_ml_unseen_16,1788873378.869307,process,0.035,8,12.0,25.0,25.0,0,70.0,1.5,0,15.0,25.0,0,20.0,1.5,0,15.0,25.0,1,20.0,1.5,0,server-3,http://127.0.0.1:8003,1.0,False,server-2,95.751,95.751,True,200,NORMAL,,11494.699982,11494.7957327
p12_exp_36_imbal_ml_unseen,phase12,backend_imbalance,backend_imbalance,ml,unseen_configuration,test_unseen,False,77,p12_exp_36_imbal_ml_unseen_17,1788873378.953001,process,0.035,8,12.0,25.0,25.0,0,70.0,1.5,0,15.0,25.0,0,20.0,1.5,0,15.0,25.0,1,20.0,1.5,0,server-3,http://127.0.0.1:8003,1.0,False,server-2,108.898,108.898,True,200,NORMAL,,11494.7837754,11494.8926736
p12_exp_36_imbal_ml_unseen,phase12,backend_imbalance,backend_imbalance,ml,unseen_configuration,test_unseen,False,77,p12_exp_36_imbal_ml_unseen_18,1788873379.0367785,process,0.035,8,12.0,25.0,25.0,0,70.0,1.5,0,15.0,25.0,0,20.0,1.5,0,15.0,25.0,1,20.0,1.5,0,server-3,http://127.0.0.1:8003,1.0,False,server-2,77.336,77.336,True,200,NORMAL,,11494.8675705,11494.944906
p12_exp_36_imbal_ml_unseen,phase12,backend_imbalance,backend_imbalance,ml,unseen_configuration,test_unseen,False,77,p12_exp_36_imbal_ml_unseen_19,1788873379.1208603,process,0.035,8,12.0,25.0,25.0,0,70.0,1.5,0,15.0,25.0,0,20.0,1.5,0,15.0,25.0,1,20.0,1.5,0,server-3,http://127.0.0.1:8003,1.0,False,server-2,89.641,89.641,True,200,NORMAL,,11494.9515371,11495.0411784
p12_exp_36_imbal_ml_unseen,phase12,backend_imbalance,backend_imbalance,ml,unseen_configuration,test_unseen,False,77,p12_exp_36_imbal_ml_unseen_20,1788873379.2046874,process,0.035,8,12.0,25.0,25.0,0,70.0,1.5,0,15.0,25.0,0,20.0,1.5,0,15.0,25.0,1,20.0,1.5,0,server-3,http://127.0.0.1:8003,1.0,False,server-2,105.54,105.54,True,200,NORMAL,,11495.0354727,11495.1410126
p12_exp_36_imbal_ml_unseen,phase12,backend_imbalance,backend_imbalance,ml,unseen_configuration,test_unseen,False,77,p12_exp_36_imbal_ml_unseen_21,1788873379.2888205,process,0.035,8,12.0,25.0,25.0,0,70.0,1.5,0,15.0,25.0,0,20.0,1.5,0,15.0,25.0,1,20.0,1.5,0,server-3,http://127.0.0.1:8003,1.0,False,server-2,87.221,87.221,True,200,NORMAL,,11495.1196286,11495.2068499
p12_exp_36_imbal_ml_unseen,phase12,backend_imbalance,backend_imbalance,ml,unseen_configuration,test_unseen,False,77,p12_exp_36_imbal_ml_unseen_22,1788873379.3724058,process,0.035,8,12.0,25.0,25.0,0,70.0,1.5,0,15.0,25.0,0,20.0,1.5,0,15.0,25.0,1,20.0,1.5,0,server-3,http://127.0.0.1:8003,1.0,False,server-2,178.964,178.964,True,200,NORMAL,,11495.2030791,11495.3820429
p12_exp_36_imbal_ml_unseen,phase12,backend_imbalance,backend_imbalance,ml,unseen_configuration,test_unseen,False,77,p12_exp_36_imbal_ml_unseen_23,1788873379.4560397,process,0.035,8,12.0,25.0,25.0,0,70.0,1.5,0,15.0,25.0,0,20.0,1.5,0,15.0,25.0,1,20.0,1.5,0,server-3,http://127.0.0.1:8003,1.0,False,server-2,128.717,128.717,True,200,NORMAL,,11495.2868352,11495.415552
p12_exp_36_imbal_ml_unseen,phase12,backend_imbalance,backend_imbalance,ml,unseen_configuration,test_unseen,False,77,p12_exp_36_imbal_ml_unseen_24,1788873379.5404189,process,0.035,8,12.0,25.0,25.0,0,70.0,1.5,0,15.0,25.0,0,20.0,1.5,0,15.0,25.0,1,20.0,1.5,0,server-3,http://127.0.0.1:8003,1.0,False,server-2,103.999,103.999,True,200,NORMAL,,11495.3714349,11495.4754334
p12_exp_36_imbal_ml_unseen,phase12,backend_imbalance,backend_imbalance,ml,unseen_configuration,test_unseen,False,77,p12_exp_36_imbal_ml_unseen_25,1788873379.624853,process,0.035,8,12.0,25.0,25.0,0,70.0,1.5,0,15.0,25.0,0,20.0,1.5,0,15.0,25.0,1,20.0,1.5,0,server-3,http://127.0.0.1:8003,1.0,False,server-2,103.344,103.344,True,200,NORMAL,,11495.455854,11495.5591979
p12_exp_36_imbal_ml_unseen,phase12,backend_imbalance,backend_imbalance,ml,unseen_configuration,test_unseen,False,77,p12_exp_36_imbal_ml_unseen_26,1788873379.7088914,process,0.035,8,12.0,25.0,25.0,0,70.0,1.5,0,15.0,25.0,0,20.0,1.5,0,15.0,25.0,1,20.0,1.5,0,server-3,http://127.0.0.1:8003,1.0,False,server-2,110.602,110.602,True,200,NORMAL,,11495.5396717,11495.6502736
p12_exp_36_imbal_ml_unseen,phase12,backend_imbalance,backend_imbalance,ml,unseen_configuration,test_unseen,False,77,p12_exp_36_imbal_ml_unseen_27,1788873379.792563,process,0.035,8,12.0,25.0,25.0,0,70.0,1.5,0,15.0,25.0,0,20.0,1.5,0,15.0,25.0,1,20.0,1.5,0,server-3,http://127.0.0.1:8003,1.0,False,server-2,87.454,87.454,True,200,NORMAL,,11495.623177,11495.7106307
p12_exp_36_imbal_ml_unseen,phase12,backend_imbalance,backend_imbalance,ml,unseen_configuration,test_unseen,False,77,p12_exp_36_imbal_ml_unseen_28,1788873379.8763433,process,0.035,8,12.0,25.0,25.0,0,70.0,1.5,0,15.0,25.0,0,20.0,1.5,0,15.0,25.0,1,20.0,1.5,0,server-3,http://127.0.0.1:8003,1.0,False,server-2,86.724,86.724,True,200,NORMAL,,11495.7069948,11495.7937191
p12_exp_36_imbal_ml_unseen,phase12,backend_imbalance,backend_imbalance,ml,unseen_configuration,test_unseen,False,77,p12_exp_36_imbal_ml_unseen_29,1788873379.960038,process,0.035,8,12.0,25.0,25.0,0,70.0,1.5,0,15.0,25.0,0,20.0,1.5,0,15.0,25.0,1,20.0,1.5,0,server-3,http://127.0.0.1:8003,1.0,False,server-2,125.818,125.818,True,200,NORMAL,,11495.7908126,11495.916631
p12_exp_36_imbal_ml_unseen,phase12,backend_imbalance,backend_imbalance,ml,unseen_configuration,test_unseen,False,77,p12_exp_36_imbal_ml_unseen_30,1788873380.0439818,process,0.035,8,12.0,25.0,25.0,0,70.0,1.5,0,15.0,25.0,0,20.0,1.5,0,15.0,25.0,1,20.0,1.5,0,server-3,http://127.0.0.1:8003,1.0,False,server-2,91.978,91.978,True,200,NORMAL,,11495.874734,11495.9667117
p12_exp_36_imbal_ml_unseen,phase12,backend_imbalance,backend_imbalance,ml,unseen_configuration,test_unseen,False,77,p12_exp_36_imbal_ml_unseen_31,1788873380.1277142,process,0.035,8,12.0,25.0,25.0,0,70.0,1.5,0,15.0,25.0,0,20.0,1.5,0,15.0,25.0,1,20.0,1.5,0,server-3,http://127.0.0.1:8003,1.0,False,server-2,85.537,85.537,True,200,NORMAL,,11495.9584293,11496.0439668
p12_exp_36_imbal_ml_unseen,phase12,backend_imbalance,backend_imbalance,ml,unseen_configuration,test_unseen,False,77,p12_exp_36_imbal_ml_unseen_32,1788873380.21169,process,0.035,8,12.0,25.0,25.0,0,70.0,1.5,0,15.0,25.0,0,20.0,1.5,0,15.0,25.0,1,20.0,1.5,0,server-3,http://127.0.0.1:8003,1.0,False,server-2,82.257,82.257,True,200,NORMAL,,11496.0425284,11496.1247855
p12_exp_36_imbal_ml_unseen,phase12,backend_imbalance,backend_imbalance,ml,unseen_configuration,test_unseen,False,77,p12_exp_36_imbal_ml_unseen_33,1788873380.295545,process,0.035,8,12.0,25.0,25.0,0,70.0,1.5,0,15.0,25.0,0,20.0,1.5,0,15.0,25.0,1,20.0,1.5,0,server-3,http://127.0.0.1:8003,1.0,False,server-2,58.342,58.342,True,200,NORMAL,,11496.1261884,11496.1845301
p12_exp_36_imbal_ml_unseen,phase12,backend_imbalance,backend_imbalance,ml,unseen_configuration,test_unseen,False,77,p12_exp_36_imbal_ml_unseen_34,1788873380.37913,process,0.035,8,12.0,25.0,25.0,0,70.0,1.5,0,15.0,25.0,0,20.0,1.5,0,15.0,25.0,1,20.0,1.5,0,server-3,http://127.0.0.1:8003,1.0,False,server-2,140.995,140.995,True,200,NORMAL,,11496.2098744,11496.3508691
p12_exp_36_imbal_ml_unseen,phase12,backend_imbalance,backend_imbalance,ml,unseen_configuration,test_unseen,False,77,p12_exp_36_imbal_ml_unseen_35,1788873380.465933,process,0.035,8,12.0,25.0,25.0,0,70.0,1.5,0,15.0,25.0,0,20.0,1.5,0,15.0,25.0,1,20.0,1.5,0,server-3,http://127.0.0.1:8003,1.0,False,server-2,126.923,126.923,True,200,NORMAL,,11496.2967862,11496.4237088
p12_exp_36_imbal_ml_unseen,phase12,backend_imbalance,backend_imbalance,ml,unseen_configuration,test_unseen,False,77,p12_exp_36_imbal_ml_unseen_36,1788873380.5495648,process,0.035,8,12.0,25.0,25.0,0,70.0,1.5,0,15.0,25.0,0,20.0,1.5,0,15.0,25.0,1,20.0,1.5,0,server-3,http://127.0.0.1:8003,1.0,False,server-2,79.077,79.077,True,200,NORMAL,,11496.3802498,11496.4593267
p12_exp_36_imbal_ml_unseen,phase12,backend_imbalance,backend_imbalance,ml,unseen_configuration,test_unseen,False,77,p12_exp_36_imbal_ml_unseen_37,1788873380.6334133,process,0.035,8,12.0,25.0,25.0,0,70.0,1.5,0,15.0,25.0,0,20.0,1.5,0,15.0,25.0,1,20.0,1.5,0,server-3,http://127.0.0.1:8003,1.0,False,server-2,128.675,128.675,True,200,NORMAL,,11496.4640933,11496.5927683
p12_exp_36_imbal_ml_unseen,phase12,backend_imbalance,backend_imbalance,ml,unseen_configuration,test_unseen,False,77,p12_exp_36_imbal_ml_unseen_38,1788873380.7171345,process,0.035,8,12.0,25.0,25.0,0,70.0,1.5,0,15.0,25.0,0,20.0,1.5,0,15.0,25.0,1,20.0,1.5,0,server-3,http://127.0.0.1:8003,1.0,False,server-2,55.795,55.795,True,200,NORMAL,,11496.5477794,11496.6035748
p12_exp_36_imbal_ml_unseen,phase12,backend_imbalance,backend_imbalance,ml,unseen_configuration,test_unseen,False,77,p12_exp_36_imbal_ml_unseen_39,1788873380.8010066,process,0.035,8,12.0,25.0,25.0,0,70.0,1.5,0,15.0,25.0,0,20.0,1.5,0,15.0,25.0,1,20.0,1.5,0,server-3,http://127.0.0.1:8003,1.0,False,server-2,52.675,52.675,True,200,NORMAL,,11496.6317057,11496.6843808
p12_exp_36_imbal_ml_unseen,phase12,backend_imbalance,backend_imbalance,ml,unseen_configuration,test_unseen,False,77,p12_exp_36_imbal_ml_unseen_40,1788873380.8846314,process,0.035,8,12.0,25.0,25.0,0,70.0,1.5,0,15.0,25.0,0,20.0,1.5,0,15.0,25.0,1,20.0,1.5,0,server-3,http://127.0.0.1:8003,1.0,False,server-2,97.956,97.956,True,200,NORMAL,,11496.715362,11496.813318
p12_exp_36_imbal_ml_unseen,phase12,backend_imbalance,backend_imbalance,ml,unseen_configuration,test_unseen,False,77,p12_exp_36_imbal_ml_unseen_41,1788873380.968386,process,0.035,8,12.0,25.0,25.0,0,70.0,1.5,0,15.0,25.0,0,20.0,1.5,0,15.0,25.0,1,20.0,1.5,0,server-3,http://127.0.0.1:8003,1.0,False,server-2,115.925,115.925,True,200,NORMAL,,11496.799155,11496.9150797
p12_exp_36_imbal_ml_unseen,phase12,backend_imbalance,backend_imbalance,ml,unseen_configuration,test_unseen,False,77,p12_exp_36_imbal_ml_unseen_42,1788873381.0522358,process,0.035,8,12.0,25.0,25.0,0,70.0,1.5,0,15.0,25.0,0,20.0,1.5,0,15.0,25.0,1,20.0,1.5,0,server-3,http://127.0.0.1:8003,1.0,False,server-2,94.683,94.683,True,200,NORMAL,,11496.8831384,11496.9778218
p12_exp_36_imbal_ml_unseen,phase12,backend_imbalance,backend_imbalance,ml,unseen_configuration,test_unseen,False,77,p12_exp_36_imbal_ml_unseen_43,1788873381.13611,process,0.035,8,12.0,25.0,25.0,0,70.0,1.5,0,15.0,25.0,0,20.0,1.5,0,15.0,25.0,1,20.0,1.5,0,server-3,http://127.0.0.1:8003,1.0,False,server-2,53.045,53.045,True,200,NORMAL,,11496.9669487,11497.019994
p12_exp_36_imbal_ml_unseen,phase12,backend_imbalance,backend_imbalance,ml,unseen_configuration,test_unseen,False,77,p12_exp_36_imbal_ml_unseen_44,1788873381.220058,process,0.035,8,12.0,25.0,25.0,0,70.0,1.5,0,15.0,25.0,0,20.0,1.5,0,15.0,25.0,1,20.0,1.5,0,server-3,http://127.0.0.1:8003,1.0,False,server-2,103.011,103.011,True,200,NORMAL,,11497.0508517,11497.1538627
p12_exp_36_imbal_ml_unseen,phase12,backend_imbalance,backend_imbalance,ml,unseen_configuration,test_unseen,False,77,p12_exp_36_imbal_ml_unseen_45,1788873381.3039773,process,0.035,8,12.0,25.0,25.0,0,70.0,1.5,0,15.0,25.0,0,20.0,1.5,0,15.0,25.0,1,20.0,1.5,0,server-3,http://127.0.0.1:8003,1.0,False,server-2,64.613,64.613,True,200,NORMAL,,11497.1347643,11497.1993772
p12_exp_37_imbal_iphash_unseen,phase12,backend_imbalance,backend_imbalance,ip_hash,unseen_configuration,test_unseen,False,78,p12_exp_37_imbal_iphash_unseen_1,1788873382.6625595,process,0.035,8,12.0,15.0,25.0,1,20.0,1.5,0,15.0,25.0,0,20.0,1.5,0,25.0,25.0,0,70.0,1.5,0,server-1,,,False,server-2,80.225,80.225,True,200,NORMAL,,11498.4940671,11498.5742918
p12_exp_37_imbal_iphash_unseen,phase12,backend_imbalance,backend_imbalance,ip_hash,unseen_configuration,test_unseen,False,78,p12_exp_37_imbal_iphash_unseen_2,1788873382.7472243,process,0.035,8,12.0,15.0,25.0,1,20.0,1.5,0,15.0,25.0,0,20.0,1.5,0,25.0,25.0,0,70.0,1.5,0,server-1,,,False,server-2,57.292,57.292,True,200,NORMAL,,11498.5779448,11498.6352369
p12_exp_37_imbal_iphash_unseen,phase12,backend_imbalance,backend_imbalance,ip_hash,unseen_configuration,test_unseen,False,78,p12_exp_37_imbal_iphash_unseen_3,1788873382.8311186,process,0.035,8,12.0,15.0,25.0,1,20.0,1.5,0,15.0,25.0,0,20.0,1.5,0,25.0,25.0,0,70.0,1.5,0,server-1,,,False,server-2,58.436,58.436,True,200,NORMAL,,11498.6619257,11498.7203621
p12_exp_37_imbal_iphash_unseen,phase12,backend_imbalance,backend_imbalance,ip_hash,unseen_configuration,test_unseen,False,78,p12_exp_37_imbal_iphash_unseen_4,1788873382.9149716,process,0.035,8,12.0,15.0,25.0,1,20.0,1.5,0,15.0,25.0,0,20.0,1.5,0,25.0,25.0,0,70.0,1.5,0,server-1,,,False,server-2,60.232,60.232,True,200,NORMAL,,11498.7457251,11498.8059567
p12_exp_37_imbal_iphash_unseen,phase12,backend_imbalance,backend_imbalance,ip_hash,unseen_configuration,test_unseen,False,78,p12_exp_37_imbal_iphash_unseen_5,1788873382.998765,process,0.035,8,12.0,15.0,25.0,1,20.0,1.5,0,15.0,25.0,0,20.0,1.5,0,25.0,25.0,0,70.0,1.5,0,server-1,,,False,server-2,77.822,77.822,True,200,NORMAL,,11498.8295999,11498.9074218
p12_exp_37_imbal_iphash_unseen,phase12,backend_imbalance,backend_imbalance,ip_hash,unseen_configuration,test_unseen,False,78,p12_exp_37_imbal_iphash_unseen_6,1788873383.0846608,process,0.035,8,12.0,15.0,25.0,1,20.0,1.5,0,15.0,25.0,0,20.0,1.5,0,25.0,25.0,0,70.0,1.5,0,server-1,,,False,server-2,58.481,58.481,True,200,NORMAL,,11498.9157064,11498.9741871
p12_exp_37_imbal_iphash_unseen,phase12,backend_imbalance,backend_imbalance,ip_hash,unseen_configuration,test_unseen,False,78,p12_exp_37_imbal_iphash_unseen_7,1788873383.1686797,process,0.035,8,12.0,15.0,25.0,1,20.0,1.5,0,15.0,25.0,0,20.0,1.5,0,25.0,25.0,0,70.0,1.5,0,server-1,,,False,server-2,43.121,43.121,True,200,NORMAL,,11498.9993609,11499.042482
p12_exp_37_imbal_iphash_unseen,phase12,backend_imbalance,backend_imbalance,ip_hash,unseen_configuration,test_unseen,False,78,p12_exp_37_imbal_iphash_unseen_8,1788873383.2525787,process,0.035,8,12.0,15.0,25.0,1,20.0,1.5,0,15.0,25.0,0,20.0,1.5,0,25.0,25.0,0,70.0,1.5,0,server-1,,,False,server-2,84.885,84.885,True,200,NORMAL,,11499.083727,11499.1686124
p12_exp_37_imbal_iphash_unseen,phase12,backend_imbalance,backend_imbalance,ip_hash,unseen_configuration,test_unseen,False,78,p12_exp_37_imbal_iphash_unseen_9,1788873383.338007,process,0.035,8,12.0,15.0,25.0,1,20.0,1.5,0,15.0,25.0,0,20.0,1.5,0,25.0,25.0,0,70.0,1.5,0,server-1,,,False,server-2,70.981,70.981,True,200,NORMAL,,11499.1686753,11499.2396567
p12_exp_37_imbal_iphash_unseen,phase12,backend_imbalance,backend_imbalance,ip_hash,unseen_configuration,test_unseen,False,78,p12_exp_37_imbal_iphash_unseen_10,1788873383.4225345,process,0.035,8,12.0,15.0,25.0,1,20.0,1.5,0,15.0,25.0,0,20.0,1.5,0,25.0,25.0,0,70.0,1.5,0,server-1,,,False,server-2,64.894,64.894,True,200,NORMAL,,11499.2533223,11499.318216
p12_exp_37_imbal_iphash_unseen,phase12,backend_imbalance,backend_imbalance,ip_hash,unseen_configuration,test_unseen,False,78,p12_exp_37_imbal_iphash_unseen_11,1788873383.506672,process,0.035,8,12.0,15.0,25.0,1,20.0,1.5,0,15.0,25.0,0,20.0,1.5,0,25.0,25.0,0,70.0,1.5,0,server-1,,,False,server-2,65.667,65.667,True,200,NORMAL,,11499.3374102,11499.403077
p12_exp_37_imbal_iphash_unseen,phase12,backend_imbalance,backend_imbalance,ip_hash,unseen_configuration,test_unseen,False,78,p12_exp_37_imbal_iphash_unseen_12,1788873383.590198,process,0.035,8,12.0,15.0,25.0,1,20.0,1.5,0,15.0,25.0,0,20.0,1.5,0,25.0,25.0,0,70.0,1.5,0,server-1,,,False,server-2,74.316,74.316,True,200,NORMAL,,11499.4209947,11499.4953108
p12_exp_37_imbal_iphash_unseen,phase12,backend_imbalance,backend_imbalance,ip_hash,unseen_configuration,test_unseen,False,78,p12_exp_37_imbal_iphash_unseen_13,1788873383.6743228,process,0.035,8,12.0,15.0,25.0,1,20.0,1.5,0,15.0,25.0,0,20.0,1.5,0,25.0,25.0,0,70.0,1.5,0,server-1,,,False,server-2,69.221,69.221,True,200,NORMAL,,11499.5050299,11499.5742505
p12_exp_37_imbal_iphash_unseen,phase12,backend_imbalance,backend_imbalance,ip_hash,unseen_configuration,test_unseen,False,78,p12_exp_37_imbal_iphash_unseen_14,1788873383.7581851,process,0.035,8,12.0,15.0,25.0,1,20.0,1.5,0,15.0,25.0,0,20.0,1.5,0,25.0,25.0,0,70.0,1.5,0,server-1,,,False,server-2,73.858,73.858,True,200,NORMAL,,11499.588965,11499.6628234
p12_exp_37_imbal_iphash_unseen,phase12,backend_imbalance,backend_imbalance,ip_hash,unseen_configuration,test_unseen,False,78,p12_exp_37_imbal_iphash_unseen_15,1788873383.8419237,process,0.035,8,12.0,15.0,25.0,1,20.0,1.5,0,15.0,25.0,0,20.0,1.5,0,25.0,25.0,0,70.0,1.5,0,server-1,,,False,server-2,69.178,69.178,True,200,NORMAL,,11499.6727576,11499.7419357
p12_exp_37_imbal_iphash_unseen,phase12,backend_imbalance,backend_imbalance,ip_hash,unseen_configuration,test_unseen,False,78,p12_exp_37_imbal_iphash_unseen_16,1788873383.925781,process,0.035,8,12.0,15.0,25.0,1,20.0,1.5,0,15.0,25.0,0,20.0,1.5,0,25.0,25.0,0,70.0,1.5,0,server-1,,,False,server-2,72.233,72.233,True,200,NORMAL,,11499.7564364,11499.8286698
p12_exp_37_imbal_iphash_unseen,phase12,backend_imbalance,backend_imbalance,ip_hash,unseen_configuration,test_unseen,False,78,p12_exp_37_imbal_iphash_unseen_17,1788873384.0093665,process,0.035,8,12.0,15.0,25.0,1,20.0,1.5,0,15.0,25.0,0,20.0,1.5,0,25.0,25.0,0,70.0,1.5,0,server-1,,,False,server-2,56.127,56.127,True,200,NORMAL,,11499.8400043,11499.8961312
p12_exp_37_imbal_iphash_unseen,phase12,backend_imbalance,backend_imbalance,ip_hash,unseen_configuration,test_unseen,False,78,p12_exp_37_imbal_iphash_unseen_18,1788873384.0932004,process,0.035,8,12.0,15.0,25.0,1,20.0,1.5,0,15.0,25.0,0,20.0,1.5,0,25.0,25.0,0,70.0,1.5,0,server-1,,,False,server-2,60.264,60.264,True,200,NORMAL,,11499.9238958,11499.9841597
p12_exp_37_imbal_iphash_unseen,phase12,backend_imbalance,backend_imbalance,ip_hash,unseen_configuration,test_unseen,False,78,p12_exp_37_imbal_iphash_unseen_19,1788873384.177052,process,0.035,8,12.0,15.0,25.0,1,20.0,1.5,0,15.0,25.0,0,20.0,1.5,0,25.0,25.0,0,70.0,1.5,0,server-1,,,False,server-2,66.445,66.445,True,200,NORMAL,,11500.0078532,11500.0742984
p12_exp_37_imbal_iphash_unseen,phase12,backend_imbalance,backend_imbalance,ip_hash,unseen_configuration,test_unseen,False,78,p12_exp_37_imbal_iphash_unseen_20,1788873384.2607634,process,0.035,8,12.0,15.0,25.0,1,20.0,1.5,0,15.0,25.0,0,20.0,1.5,0,25.0,25.0,0,70.0,1.5,0,server-1,,,False,server-2,59.625,59.625,True,200,NORMAL,,11500.091421,11500.1510458
p12_exp_37_imbal_iphash_unseen,phase12,backend_imbalance,backend_imbalance,ip_hash,unseen_configuration,test_unseen,False,78,p12_exp_37_imbal_iphash_unseen_21,1788873384.344543,process,0.035,8,12.0,15.0,25.0,1,20.0,1.5,0,15.0,25.0,0,20.0,1.5,0,25.0,25.0,0,70.0,1.5,0,server-1,,,False,server-2,77.434,77.434,True,200,NORMAL,,11500.1752873,11500.2527217
p12_exp_37_imbal_iphash_unseen,phase12,backend_imbalance,backend_imbalance,ip_hash,unseen_configuration,test_unseen,False,78,p12_exp_37_imbal_iphash_unseen_22,1788873384.4282265,process,0.035,8,12.0,15.0,25.0,1,20.0,1.5,0,15.0,25.0,0,20.0,1.5,0,25.0,25.0,0,70.0,1.5,0,server-1,,,False,server-2,42.261,42.261,True,200,NORMAL,,11500.258965,11500.3012261
p12_exp_37_imbal_iphash_unseen,phase12,backend_imbalance,backend_imbalance,ip_hash,unseen_configuration,test_unseen,False,78,p12_exp_37_imbal_iphash_unseen_23,1788873384.512246,process,0.035,8,12.0,15.0,25.0,1,20.0,1.5,0,15.0,25.0,0,20.0,1.5,0,25.0,25.0,0,70.0,1.5,0,server-1,,,False,server-2,63.081,63.081,True,200,NORMAL,,11500.3430374,11500.4061188
p12_exp_37_imbal_iphash_unseen,phase12,backend_imbalance,backend_imbalance,ip_hash,unseen_configuration,test_unseen,False,78,p12_exp_37_imbal_iphash_unseen_24,1788873384.59609,process,0.035,8,12.0,15.0,25.0,1,20.0,1.5,0,15.0,25.0,0,20.0,1.5,0,25.0,25.0,0,70.0,1.5,0,server-1,,,False,server-2,58.039,58.039,True,200,NORMAL,,11500.4268652,11500.4849043
p12_exp_37_imbal_iphash_unseen,phase12,backend_imbalance,backend_imbalance,ip_hash,unseen_configuration,test_unseen,False,78,p12_exp_37_imbal_iphash_unseen_25,1788873384.6799052,process,0.035,8,12.0,15.0,25.0,1,20.0,1.5,0,15.0,25.0,0,20.0,1.5,0,25.0,25.0,0,70.0,1.5,0,server-1,,,False,server-2,64.227,64.227,True,200,NORMAL,,11500.5107948,11500.5750216
p12_exp_37_imbal_iphash_unseen,phase12,backend_imbalance,backend_imbalance,ip_hash,unseen_configuration,test_unseen,False,78,p12_exp_37_imbal_iphash_unseen_26,1788873384.7637303,process,0.035,8,12.0,15.0,25.0,1,20.0,1.5,0,15.0,25.0,0,20.0,1.5,0,25.0,25.0,0,70.0,1.5,0,server-1,,,False,server-2,79.83,79.83,True,200,NORMAL,,11500.5945251,11500.6743551
p12_exp_37_imbal_iphash_unseen,phase12,backend_imbalance,backend_imbalance,ip_hash,unseen_configuration,test_unseen,False,78,p12_exp_37_imbal_iphash_unseen_27,1788873384.8477392,process,0.035,8,12.0,15.0,25.0,1,20.0,1.5,0,15.0,25.0,0,20.0,1.5,0,25.0,25.0,0,70.0,1.5,0,server-1,,,False,server-2,72.63,72.63,True,200,NORMAL,,11500.678537,11500.7511672
p12_exp_37_imbal_iphash_unseen,phase12,backend_imbalance,backend_imbalance,ip_hash,unseen_configuration,test_unseen,False,78,p12_exp_37_imbal_iphash_unseen_28,1788873384.9314318,process,0.035,8,12.0,15.0,25.0,1,20.0,1.5,0,15.0,25.0,0,20.0,1.5,0,25.0,25.0,0,70.0,1.5,0,server-1,,,False,server-2,72.276,72.276,True,200,NORMAL,,11500.7621205,11500.834396
p12_exp_37_imbal_iphash_unseen,phase12,backend_imbalance,backend_imbalance,ip_hash,unseen_configuration,test_unseen,False,78,p12_exp_37_imbal_iphash_unseen_29,1788873385.0151875,process,0.035,8,12.0,15.0,25.0,1,20.0,1.5,0,15.0,25.0,0,20.0,1.5,0,25.0,25.0,0,70.0,1.5,0,server-1,,,False,server-2,77.491,77.491,True,200,NORMAL,,11500.8458937,11500.9233848
p12_exp_37_imbal_iphash_unseen,phase12,backend_imbalance,backend_imbalance,ip_hash,unseen_configuration,test_unseen,False,78,p12_exp_37_imbal_iphash_unseen_30,1788873385.0988853,process,0.035,8,12.0,15.0,25.0,1,20.0,1.5,0,15.0,25.0,0,20.0,1.5,0,25.0,25.0,0,70.0,1.5,0,server-1,,,False,server-2,78.215,78.215,True,200,NORMAL,,11500.9295282,11501.0077428
p12_exp_37_imbal_iphash_unseen,phase12,backend_imbalance,backend_imbalance,ip_hash,unseen_configuration,test_unseen,False,78,p12_exp_37_imbal_iphash_unseen_31,1788873385.1824791,process,0.035,8,12.0,15.0,25.0,1,20.0,1.5,0,15.0,25.0,0,20.0,1.5,0,25.0,25.0,0,70.0,1.5,0,server-1,,,False,server-2,78.747,78.747,True,200,NORMAL,,11501.013283,11501.0920301
p12_exp_37_imbal_iphash_unseen,phase12,backend_imbalance,backend_imbalance,ip_hash,unseen_configuration,test_unseen,False,78,p12_exp_37_imbal_iphash_unseen_32,1788873385.2665234,process,0.035,8,12.0,15.0,25.0,1,20.0,1.5,0,15.0,25.0,0,20.0,1.5,0,25.0,25.0,0,70.0,1.5,0,server-1,,,False,server-2,64.831,64.831,True,200,NORMAL,,11501.0973152,11501.1621462
p12_exp_37_imbal_iphash_unseen,phase12,backend_imbalance,backend_imbalance,ip_hash,unseen_configuration,test_unseen,False,78,p12_exp_37_imbal_iphash_unseen_33,1788873385.3507037,process,0.035,8,12.0,15.0,25.0,1,20.0,1.5,0,15.0,25.0,0,20.0,1.5,0,25.0,25.0,0,70.0,1.5,0,server-1,,,False,server-2,60.139,60.139,True,200,NORMAL,,11501.1813671,11501.2415057
p12_exp_37_imbal_iphash_unseen,phase12,backend_imbalance,backend_imbalance,ip_hash,unseen_configuration,test_unseen,False,78,p12_exp_37_imbal_iphash_unseen_34,1788873385.4344676,process,0.035,8,12.0,15.0,25.0,1,20.0,1.5,0,15.0,25.0,0,20.0,1.5,0,25.0,25.0,0,70.0,1.5,0,server-1,,,False,server-2,76.787,76.787,True,200,NORMAL,,11501.2651588,11501.3419461
p12_exp_37_imbal_iphash_unseen,phase12,backend_imbalance,backend_imbalance,ip_hash,unseen_configuration,test_unseen,False,78,p12_exp_37_imbal_iphash_unseen_35,1788873385.5184283,process,0.035,8,12.0,15.0,25.0,1,20.0,1.5,0,15.0,25.0,0,20.0,1.5,0,25.0,25.0,0,70.0,1.5,0,server-1,,,False,server-2,70.262,70.262,True,200,NORMAL,,11501.3491329,11501.4193951
p12_exp_37_imbal_iphash_unseen,phase12,backend_imbalance,backend_imbalance,ip_hash,unseen_configuration,test_unseen,False,78,p12_exp_37_imbal_iphash_unseen_36,1788873385.602388,process,0.035,8,12.0,15.0,25.0,1,20.0,1.5,0,15.0,25.0,0,20.0,1.5,0,25.0,25.0,0,70.0,1.5,0,server-1,,,False,server-2,51.683,51.683,True,200,NORMAL,,11501.4330846,11501.4847674
p12_exp_37_imbal_iphash_unseen,phase12,backend_imbalance,backend_imbalance,ip_hash,unseen_configuration,test_unseen,False,78,p12_exp_37_imbal_iphash_unseen_37,1788873385.686039,process,0.035,8,12.0,15.0,25.0,1,20.0,1.5,0,15.0,25.0,0,20.0,1.5,0,25.0,25.0,0,70.0,1.5,0,server-1,,,False,server-2,75.291,75.291,True,200,NORMAL,,11501.516801,11501.5920918
p12_exp_37_imbal_iphash_unseen,phase12,backend_imbalance,backend_imbalance,ip_hash,unseen_configuration,test_unseen,False,78,p12_exp_37_imbal_iphash_unseen_38,1788873385.7697947,process,0.035,8,12.0,15.0,25.0,1,20.0,1.5,0,15.0,25.0,0,20.0,1.5,0,25.0,25.0,0,70.0,1.5,0,server-1,,,False,server-2,59.331,59.331,True,200,NORMAL,,11501.6004876,11501.6598187
p12_exp_37_imbal_iphash_unseen,phase12,backend_imbalance,backend_imbalance,ip_hash,unseen_configuration,test_unseen,False,78,p12_exp_37_imbal_iphash_unseen_39,1788873385.8535936,process,0.035,8,12.0,15.0,25.0,1,20.0,1.5,0,15.0,25.0,0,20.0,1.5,0,25.0,25.0,0,70.0,1.5,0,server-1,,,False,server-2,68.378,68.378,True,200,NORMAL,,11501.6843438,11501.752722
p12_exp_37_imbal_iphash_unseen,phase12,backend_imbalance,backend_imbalance,ip_hash,unseen_configuration,test_unseen,False,78,p12_exp_37_imbal_iphash_unseen_40,1788873385.9377408,process,0.035,8,12.0,15.0,25.0,1,20.0,1.5,0,15.0,25.0,0,20.0,1.5,0,25.0,25.0,0,70.0,1.5,0,server-1,,,False,server-2,61.493,61.493,True,200,NORMAL,,11501.7683692,11501.8298626
p12_exp_37_imbal_iphash_unseen,phase12,backend_imbalance,backend_imbalance,ip_hash,unseen_configuration,test_unseen,False,78,p12_exp_37_imbal_iphash_unseen_41,1788873386.0215294,process,0.035,8,12.0,15.0,25.0,1,20.0,1.5,0,15.0,25.0,0,20.0,1.5,0,25.0,25.0,0,70.0,1.5,0,server-1,,,False,server-2,68.512,68.512,True,200,NORMAL,,11501.8522334,11501.9207454
p12_exp_37_imbal_iphash_unseen,phase12,backend_imbalance,backend_imbalance,ip_hash,unseen_configuration,test_unseen,False,78,p12_exp_37_imbal_iphash_unseen_42,1788873386.1051078,process,0.035,8,12.0,15.0,25.0,1,20.0,1.5,0,15.0,25.0,0,20.0,1.5,0,25.0,25.0,0,70.0,1.5,0,server-1,,,False,server-2,70.566,70.566,True,200,NORMAL,,11501.93581,11502.0063765
p12_exp_37_imbal_iphash_unseen,phase12,backend_imbalance,backend_imbalance,ip_hash,unseen_configuration,test_unseen,False,78,p12_exp_37_imbal_iphash_unseen_43,1788873386.1890664,process,0.035,8,12.0,15.0,25.0,1,20.0,1.5,0,15.0,25.0,0,20.0,1.5,0,25.0,25.0,0,70.0,1.5,0,server-1,,,False,server-2,66.54,66.54,True,200,NORMAL,,11502.019779,11502.0863195
p12_exp_37_imbal_iphash_unseen,phase12,backend_imbalance,backend_imbalance,ip_hash,unseen_configuration,test_unseen,False,78,p12_exp_37_imbal_iphash_unseen_44,1788873386.2729125,process,0.035,8,12.0,15.0,25.0,1,20.0,1.5,0,15.0,25.0,0,20.0,1.5,0,25.0,25.0,0,70.0,1.5,0,server-1,,,False,server-2,71.062,71.062,True,200,NORMAL,,11502.1036136,11502.1746756
p12_exp_37_imbal_iphash_unseen,phase12,backend_imbalance,backend_imbalance,ip_hash,unseen_configuration,test_unseen,False,78,p12_exp_37_imbal_iphash_unseen_45,1788873386.3568685,process,0.035,8,12.0,15.0,25.0,1,20.0,1.5,0,15.0,25.0,0,20.0,1.5,0,25.0,25.0,0,70.0,1.5,0,server-1,,,False,server-2,68.39,68.39,True,200,NORMAL,,11502.1875683,11502.2559579
p12_exp_38_prio_ml_mixed,phase12,medium_load,medium_load,ml,seen_configuration,priority_subset,True,79,p12_exp_38_prio_ml_mixed_1,1788873387.4735217,process,0.03,6,12.0,15.0,25.0,0,20.0,1.5,0,15.0,25.0,0,20.0,1.5,0,15.0,25.0,1,20.0,1.5,0,server-3,http://127.0.0.1:8003,1.0,False,server-3,96.564,96.564,True,200,NORMAL,,11503.3055457,11503.4021092
p12_exp_38_prio_ml_mixed,phase12,medium_load,medium_load,ml,seen_configuration,priority_subset,True,79,p12_exp_38_prio_ml_mixed_2,1788873387.5594687,process,0.03,6,12.0,15.0,25.0,0,20.0,1.5,0,15.0,25.0,0,20.0,1.5,0,15.0,25.0,1,20.0,1.5,0,server-3,http://127.0.0.1:8003,1.0,False,server-3,83.983,83.983,True,200,CRITICAL,207.86,11503.3909607,11503.4749441
p12_exp_38_prio_ml_mixed,phase12,medium_load,medium_load,ml,seen_configuration,priority_subset,True,79,p12_exp_38_prio_ml_mixed_3,1788873387.6444068,process,0.03,6,12.0,15.0,25.0,0,20.0,1.5,0,15.0,25.0,0,20.0,1.5,0,15.0,25.0,1,20.0,1.5,0,server-3,http://127.0.0.1:8003,1.0,False,server-3,90.408,90.408,True,200,NORMAL,,11503.4750556,11503.5654637
p12_exp_38_prio_ml_mixed,phase12,medium_load,medium_load,ml,seen_configuration,priority_subset,True,79,p12_exp_38_prio_ml_mixed_4,1788873387.7279985,process,0.03,6,12.0,15.0,25.0,0,20.0,1.5,0,15.0,25.0,0,20.0,1.5,0,15.0,25.0,1,20.0,1.5,0,server-3,http://127.0.0.1:8003,1.0,False,server-3,93.128,93.128,True,200,NORMAL,,11503.5588208,11503.651949
p12_exp_38_prio_ml_mixed,phase12,medium_load,medium_load,ml,seen_configuration,priority_subset,True,79,p12_exp_38_prio_ml_mixed_5,1788873387.8117545,process,0.03,6,12.0,15.0,25.0,0,20.0,1.5,0,15.0,25.0,0,20.0,1.5,0,15.0,25.0,1,20.0,1.5,0,server-3,http://127.0.0.1:8003,1.0,False,server-3,107.369,107.369,True,200,NORMAL,,11503.6424671,11503.7498358
p12_exp_38_prio_ml_mixed,phase12,medium_load,medium_load,ml,seen_configuration,priority_subset,True,79,p12_exp_38_prio_ml_mixed_6,1788873387.895661,process,0.03,6,12.0,15.0,25.0,0,20.0,1.5,0,15.0,25.0,0,20.0,1.5,0,15.0,25.0,1,20.0,1.5,0,server-3,http://127.0.0.1:8003,1.0,False,server-3,91.744,91.744,True,200,CRITICAL,147.61,11503.7264199,11503.8181636
p12_exp_38_prio_ml_mixed,phase12,medium_load,medium_load,ml,seen_configuration,priority_subset,True,79,p12_exp_38_prio_ml_mixed_7,1788873387.9796016,process,0.03,6,12.0,15.0,25.0,0,20.0,1.5,0,15.0,25.0,0,20.0,1.5,0,15.0,25.0,1,20.0,1.5,0,server-3,http://127.0.0.1:8003,1.0,False,server-3,91.47,91.47,True,200,HIGH,116.84,11503.8104281,11503.9018981
p12_exp_38_prio_ml_mixed,phase12,medium_load,medium_load,ml,seen_configuration,priority_subset,True,79,p12_exp_38_prio_ml_mixed_8,1788873388.0636196,process,0.03,6,12.0,15.0,25.0,0,20.0,1.5,0,15.0,25.0,0,20.0,1.5,0,15.0,25.0,1,20.0,1.5,0,server-3,http://127.0.0.1:8003,1.0,False,server-3,101.277,101.277,True,200,LOW,,11503.8943633,11503.9956405
p12_exp_38_prio_ml_mixed,phase12,medium_load,medium_load,ml,seen_configuration,priority_subset,True,79,p12_exp_38_prio_ml_mixed_9,1788873388.1475525,process,0.03,6,12.0,15.0,25.0,0,20.0,1.5,0,15.0,25.0,0,20.0,1.5,0,15.0,25.0,1,20.0,1.5,0,server-3,http://127.0.0.1:8003,1.0,False,server-3,112.795,112.795,True,200,CRITICAL,286.9,11503.9783541,11504.0911486
p12_exp_38_prio_ml_mixed,phase12,medium_load,medium_load,ml,seen_configuration,priority_subset,True,79,p12_exp_38_prio_ml_mixed_10,1788873388.2314136,process,0.03,6,12.0,15.0,25.0,0,20.0,1.5,0,15.0,25.0,0,20.0,1.5,0,15.0,25.0,1,20.0,1.5,0,server-3,http://127.0.0.1:8003,1.0,False,server-3,155.682,155.682,True,200,NORMAL,,11504.0620648,11504.2177473
p12_exp_38_prio_ml_mixed,phase12,medium_load,medium_load,ml,seen_configuration,priority_subset,True,79,p12_exp_38_prio_ml_mixed_11,1788873388.3151178,process,0.03,6,12.0,15.0,25.0,0,20.0,1.5,0,15.0,25.0,0,20.0,1.5,0,15.0,25.0,1,20.0,1.5,0,server-3,http://127.0.0.1:8003,1.0,False,server-3,108.513,108.513,True,200,CRITICAL,216.34,11504.1457772,11504.25429
p12_exp_38_prio_ml_mixed,phase12,medium_load,medium_load,ml,seen_configuration,priority_subset,True,79,p12_exp_38_prio_ml_mixed_12,1788873388.399009,process,0.03,6,12.0,15.0,25.0,0,20.0,1.5,0,15.0,25.0,0,20.0,1.5,0,15.0,25.0,1,20.0,1.5,0,server-3,http://127.0.0.1:8003,1.0,False,server-3,99.673,99.673,True,200,HIGH,248.04,11504.229685,11504.3293576
p12_exp_38_prio_ml_mixed,phase12,medium_load,medium_load,ml,seen_configuration,priority_subset,True,79,p12_exp_38_prio_ml_mixed_13,1788873388.482752,process,0.03,6,12.0,15.0,25.0,0,20.0,1.5,0,15.0,25.0,0,20.0,1.5,0,15.0,25.0,1,20.0,1.5,0,server-3,http://127.0.0.1:8003,1.0,False,server-3,118.169,118.169,True,200,LOW,,11504.3136246,11504.4317937
p12_exp_38_prio_ml_mixed,phase12,medium_load,medium_load,ml,seen_configuration,priority_subset,True,79,p12_exp_38_prio_ml_mixed_14,1788873388.5668342,process,0.03,6,12.0,15.0,25.0,0,20.0,1.5,0,15.0,25.0,0,20.0,1.5,0,15.0,25.0,1,20.0,1.5,0,server-3,http://127.0.0.1:8003,1.0,False,server-3,92.986,92.986,True,200,CRITICAL,133.81,11504.3976731,11504.4906592
p12_exp_38_prio_ml_mixed,phase12,medium_load,medium_load,ml,seen_configuration,priority_subset,True,79,p12_exp_38_prio_ml_mixed_15,1788873388.6506069,process,0.03,6,12.0,15.0,25.0,0,20.0,1.5,0,15.0,25.0,0,20.0,1.5,0,15.0,25.0,1,20.0,1.5,0,server-3,http://127.0.0.1:8003,1.0,False,server-3,59.69,59.69,True,200,CRITICAL,128.97,11504.4813732,11504.5410628
p12_exp_38_prio_ml_mixed,phase12,medium_load,medium_load,ml,seen_configuration,priority_subset,True,79,p12_exp_38_prio_ml_mixed_16,1788873388.7345634,process,0.03,6,12.0,15.0,25.0,0,20.0,1.5,0,15.0,25.0,0,20.0,1.5,0,15.0,25.0,1,20.0,1.5,0,server-3,http://127.0.0.1:8003,1.0,False,server-3,136.246,136.246,True,200,HIGH,280.37,11504.565311,11504.7015572
p12_exp_38_prio_ml_mixed,phase12,medium_load,medium_load,ml,seen_configuration,priority_subset,True,79,p12_exp_38_prio_ml_mixed_17,1788873388.819533,process,0.03,6,12.0,15.0,25.0,0,20.0,1.5,0,15.0,25.0,0,20.0,1.5,0,15.0,25.0,1,20.0,1.5,0,server-3,http://127.0.0.1:8003,1.0,False,server-3,77.719,77.719,True,200,CRITICAL,308.02,11504.6505279,11504.7282469
p12_exp_38_prio_ml_mixed,phase12,medium_load,medium_load,ml,seen_configuration,priority_subset,True,79,p12_exp_38_prio_ml_mixed_18,1788873388.9034896,process,0.03,6,12.0,15.0,25.0,0,20.0,1.5,0,15.0,25.0,0,20.0,1.5,0,15.0,25.0,1,20.0,1.5,0,server-3,http://127.0.0.1:8003,1.0,False,server-3,116.0,116.0,True,200,LOW,,11504.7342375,11504.8502373
p12_exp_38_prio_ml_mixed,phase12,medium_load,medium_load,ml,seen_configuration,priority_subset,True,79,p12_exp_38_prio_ml_mixed_19,1788873388.9878464,process,0.03,6,12.0,15.0,25.0,0,20.0,1.5,0,15.0,25.0,0,20.0,1.5,0,15.0,25.0,1,20.0,1.5,0,server-3,http://127.0.0.1:8003,1.0,False,server-3,121.417,121.417,True,200,CRITICAL,122.75,11504.818511,11504.9399279
p12_exp_38_prio_ml_mixed,phase12,medium_load,medium_load,ml,seen_configuration,priority_subset,True,79,p12_exp_38_prio_ml_mixed_20,1788873389.0714076,process,0.03,6,12.0,15.0,25.0,0,20.0,1.5,0,15.0,25.0,0,20.0,1.5,0,15.0,25.0,1,20.0,1.5,0,server-3,http://127.0.0.1:8003,1.0,False,server-3,78.224,78.224,True,200,LOW,,11504.9021428,11504.9803667
p12_exp_38_prio_ml_mixed,phase12,medium_load,medium_load,ml,seen_configuration,priority_subset,True,79,p12_exp_38_prio_ml_mixed_21,1788873389.15509,process,0.03,6,12.0,15.0,25.0,0,20.0,1.5,0,15.0,25.0,0,20.0,1.5,0,15.0,25.0,1,20.0,1.5,0,server-3,http://127.0.0.1:8003,1.0,False,server-3,93.539,93.539,True,200,NORMAL,,11504.9858504,11505.0793895
p12_exp_38_prio_ml_mixed,phase12,medium_load,medium_load,ml,seen_configuration,priority_subset,True,79,p12_exp_38_prio_ml_mixed_22,1788873389.2392182,process,0.03,6,12.0,15.0,25.0,0,20.0,1.5,0,15.0,25.0,0,20.0,1.5,0,15.0,25.0,1,20.0,1.5,0,server-3,http://127.0.0.1:8003,1.0,False,server-3,163.143,163.143,True,200,NORMAL,,11505.0700006,11505.2331434
p12_exp_38_prio_ml_mixed,phase12,medium_load,medium_load,ml,seen_configuration,priority_subset,True,79,p12_exp_38_prio_ml_mixed_23,1788873389.3233073,process,0.03,6,12.0,15.0,25.0,0,20.0,1.5,0,15.0,25.0,0,20.0,1.5,0,15.0,25.0,1,20.0,1.5,0,server-3,http://127.0.0.1:8003,1.0,False,server-3,112.688,112.688,True,200,CRITICAL,163.72,11505.1539924,11505.2666801
p12_exp_38_prio_ml_mixed,phase12,medium_load,medium_load,ml,seen_configuration,priority_subset,True,79,p12_exp_38_prio_ml_mixed_24,1788873389.4069054,process,0.03,6,12.0,15.0,25.0,0,20.0,1.5,0,15.0,25.0,0,20.0,1.5,0,15.0,25.0,1,20.0,1.5,0,server-3,http://127.0.0.1:8003,1.0,False,server-3,79.415,79.415,True,200,NORMAL,,11505.2375399,11505.3169549
p12_exp_38_prio_ml_mixed,phase12,medium_load,medium_load,ml,seen_configuration,priority_subset,True,79,p12_exp_38_prio_ml_mixed_25,1788873389.490499,process,0.03,6,12.0,15.0,25.0,0,20.0,1.5,0,15.0,25.0,0,20.0,1.5,0,15.0,25.0,1,20.0,1.5,0,server-3,http://127.0.0.1:8003,1.0,False,server-3,118.428,118.428,True,200,HIGH,216.92,11505.3212482,11505.4396759
p12_exp_38_prio_ml_mixed,phase12,medium_load,medium_load,ml,seen_configuration,priority_subset,True,79,p12_exp_38_prio_ml_mixed_26,1788873389.575862,process,0.03,6,12.0,15.0,25.0,0,20.0,1.5,0,15.0,25.0,0,20.0,1.5,0,15.0,25.0,1,20.0,1.5,0,server-3,http://127.0.0.1:8003,1.0,False,server-3,116.932,116.932,True,200,NORMAL,,11505.406922,11505.5238535
p12_exp_38_prio_ml_mixed,phase12,medium_load,medium_load,ml,seen_configuration,priority_subset,True,79,p12_exp_38_prio_ml_mixed_27,1788873389.6600215,process,0.03,6,12.0,15.0,25.0,0,20.0,1.5,0,15.0,25.0,0,20.0,1.5,0,15.0,25.0,1,20.0,1.5,0,server-3,http://127.0.0.1:8003,1.0,False,server-3,50.662,50.662,True,200,LOW,,11505.491105,11505.5417665
p12_exp_38_prio_ml_mixed,phase12,medium_load,medium_load,ml,seen_configuration,priority_subset,True,79,p12_exp_38_prio_ml_mixed_28,1788873389.744063,process,0.03,6,12.0,15.0,25.0,0,20.0,1.5,0,15.0,25.0,0,20.0,1.5,0,15.0,25.0,1,20.0,1.5,0,server-3,http://127.0.0.1:8003,1.0,False,server-3,89.013,89.013,True,200,LOW,,11505.5747951,11505.6638082
p12_exp_38_prio_ml_mixed,phase12,medium_load,medium_load,ml,seen_configuration,priority_subset,True,79,p12_exp_38_prio_ml_mixed_29,1788873389.8278437,process,0.03,6,12.0,15.0,25.0,0,20.0,1.5,0,15.0,25.0,0,20.0,1.5,0,15.0,25.0,1,20.0,1.5,0,server-3,http://127.0.0.1:8003,1.0,False,server-3,89.691,89.691,True,200,HIGH,334.73,11505.6585442,11505.7482348
p12_exp_38_prio_ml_mixed,phase12,medium_load,medium_load,ml,seen_configuration,priority_subset,True,79,p12_exp_38_prio_ml_mixed_30,1788873389.9114506,process,0.03,6,12.0,15.0,25.0,0,20.0,1.5,0,15.0,25.0,0,20.0,1.5,0,15.0,25.0,1,20.0,1.5,0,server-3,http://127.0.0.1:8003,1.0,False,server-3,68.783,68.783,True,200,NORMAL,,11505.7422298,11505.8110132
p12_exp_38_prio_ml_mixed,phase12,medium_load,medium_load,ml,seen_configuration,priority_subset,True,79,p12_exp_38_prio_ml_mixed_31,1788873389.9956474,process,0.03,6,12.0,15.0,25.0,0,20.0,1.5,0,15.0,25.0,0,20.0,1.5,0,15.0,25.0,1,20.0,1.5,0,server-3,http://127.0.0.1:8003,1.0,False,server-3,134.884,134.884,True,200,HIGH,149.38,11505.8263472,11505.9612308
p12_exp_38_prio_ml_mixed,phase12,medium_load,medium_load,ml,seen_configuration,priority_subset,True,79,p12_exp_38_prio_ml_mixed_32,1788873390.0797217,process,0.03,6,12.0,15.0,25.0,0,20.0,1.5,0,15.0,25.0,0,20.0,1.5,0,15.0,25.0,1,20.0,1.5,0,server-3,http://127.0.0.1:8003,1.0,False,server-3,57.581,57.581,True,200,HIGH,208.08,11505.910486,11505.9680666
p12_exp_38_prio_ml_mixed,phase12,medium_load,medium_load,ml,seen_configuration,priority_subset,True,79,p12_exp_38_prio_ml_mixed_33,1788873390.1635346,process,0.03,6,12.0,15.0,25.0,0,20.0,1.5,0,15.0,25.0,0,20.0,1.5,0,15.0,25.0,1,20.0,1.5,0,server-3,http://127.0.0.1:8003,1.0,False,server-3,130.16,130.16,True,200,LOW,,11505.9943098,11506.1244698
p12_exp_38_prio_ml_mixed,phase12,medium_load,medium_load,ml,seen_configuration,priority_subset,True,79,p12_exp_38_prio_ml_mixed_34,1788873390.24718,process,0.03,6,12.0,15.0,25.0,0,20.0,1.5,0,15.0,25.0,0,20.0,1.5,0,15.0,25.0,1,20.0,1.5,0,server-3,http://127.0.0.1:8003,1.0,False,server-3,112.428,112.428,True,200,NORMAL,,11506.0778892,11506.1903168
p12_exp_38_prio_ml_mixed,phase12,medium_load,medium_load,ml,seen_configuration,priority_subset,True,79,p12_exp_38_prio_ml_mixed_35,1788873390.3308096,process,0.03,6,12.0,15.0,25.0,0,20.0,1.5,0,15.0,25.0,0,20.0,1.5,0,15.0,25.0,1,20.0,1.5,0,server-3,http://127.0.0.1:8003,1.0,False,server-3,144.851,144.851,True,200,LOW,,11506.161476,11506.3063272
p12_exp_38_prio_ml_mixed,phase12,medium_load,medium_load,ml,seen_configuration,priority_subset,True,79,p12_exp_38_prio_ml_mixed_36,1788873390.4145622,process,0.03,6,12.0,15.0,25.0,0,20.0,1.5,0,15.0,25.0,0,20.0,1.5,0,15.0,25.0,1,20.0,1.5,0,server-3,http://127.0.0.1:8003,1.0,False,server-3,115.668,115.668,True,200,HIGH,107.16,11506.2454501,11506.3611184
p12_exp_38_prio_ml_mixed,phase12,medium_load,medium_load,ml,seen_configuration,priority_subset,True,79,p12_exp_38_prio_ml_mixed_37,1788873390.4988449,process,0.03,6,12.0,15.0,25.0,0,20.0,1.5,0,15.0,25.0,0,20.0,1.5,0,15.0,25.0,1,20.0,1.5,0,server-3,http://127.0.0.1:8003,1.0,False,server-3,82.983,82.983,True,200,CRITICAL,132.64,11506.3296018,11506.4125843
p12_exp_38_prio_ml_mixed,phase12,medium_load,medium_load,ml,seen_configuration,priority_subset,True,79,p12_exp_38_prio_ml_mixed_38,1788873390.582767,process,0.03,6,12.0,15.0,25.0,0,20.0,1.5,0,15.0,25.0,0,20.0,1.5,0,15.0,25.0,1,20.0,1.5,0,server-3,http://127.0.0.1:8003,1.0,False,server-3,87.322,87.322,True,200,LOW,,11506.4133946,11506.5007162
p12_exp_38_prio_ml_mixed,phase12,medium_load,medium_load,ml,seen_configuration,priority_subset,True,79,p12_exp_38_prio_ml_mixed_39,1788873390.6668775,process,0.03,6,12.0,15.0,25.0,0,20.0,1.5,0,15.0,25.0,0,20.0,1.5,0,15.0,25.0,1,20.0,1.5,0,server-3,http://127.0.0.1:8003,1.0,False,server-3,68.043,68.043,True,200,LOW,,11506.4976537,11506.5656969
p12_exp_38_prio_ml_mixed,phase12,medium_load,medium_load,ml,seen_configuration,priority_subset,True,79,p12_exp_38_prio_ml_mixed_40,1788873390.7507682,process,0.03,6,12.0,15.0,25.0,0,20.0,1.5,0,15.0,25.0,0,20.0,1.5,0,15.0,25.0,1,20.0,1.5,0,server-3,http://127.0.0.1:8003,1.0,False,server-3,104.036,104.036,True,200,NORMAL,,11506.5814821,11506.6855185
p12_exp_39_prio_pml_mixed,phase12,medium_load,medium_load,priority_ml,seen_configuration,priority_subset,True,80,p12_exp_39_prio_pml_mixed_1,1788873392.1723957,process,0.03,6,12.0,15.0,25.0,0,20.0,1.5,0,15.0,25.0,0,20.0,1.5,0,15.0,25.0,1,20.0,1.5,0,server-3,http://127.0.0.1:8003,,False,server-3,94.195,94.195,True,200,HIGH,209.35,11508.0037932,11508.0979882
p12_exp_39_prio_pml_mixed,phase12,medium_load,medium_load,priority_ml,seen_configuration,priority_subset,True,80,p12_exp_39_prio_pml_mixed_2,1788873392.257423,process,0.03,6,12.0,15.0,25.0,0,20.0,1.5,0,15.0,25.0,0,20.0,1.5,0,15.0,25.0,1,20.0,1.5,0,server-3,http://127.0.0.1:8003,,False,server-3,168.365,168.365,True,200,CRITICAL,195.55,11508.0889856,11508.2573506
p12_exp_39_prio_pml_mixed,phase12,medium_load,medium_load,priority_ml,seen_configuration,priority_subset,True,80,p12_exp_39_prio_pml_mixed_3,1788873392.3420916,process,0.03,6,12.0,15.0,25.0,0,20.0,1.5,0,15.0,25.0,0,20.0,1.5,0,15.0,25.0,1,20.0,1.5,0,server-3,http://127.0.0.1:8003,,False,server-3,151.898,151.898,True,200,CRITICAL,180.12,11508.172793,11508.3246906
p12_exp_39_prio_pml_mixed,phase12,medium_load,medium_load,priority_ml,seen_configuration,priority_subset,True,80,p12_exp_39_prio_pml_mixed_4,1788873392.4265654,process,0.03,6,12.0,15.0,25.0,0,20.0,1.5,0,15.0,25.0,0,20.0,1.5,0,15.0,25.0,1,20.0,1.5,0,server-3,http://127.0.0.1:8003,,False,server-3,120.226,120.226,True,200,CRITICAL,347.15,11508.2573828,11508.3776091
p12_exp_39_prio_pml_mixed,phase12,medium_load,medium_load,priority_ml,seen_configuration,priority_subset,True,80,p12_exp_39_prio_pml_mixed_5,1788873392.5108025,process,0.03,6,12.0,15.0,25.0,0,20.0,1.5,0,15.0,25.0,0,20.0,1.5,0,15.0,25.0,1,20.0,1.5,0,server-3,http://127.0.0.1:8003,,False,server-3,141.701,141.701,True,200,LOW,,11508.3416525,11508.4833534
p12_exp_39_prio_pml_mixed,phase12,medium_load,medium_load,priority_ml,seen_configuration,priority_subset,True,80,p12_exp_39_prio_pml_mixed_6,1788873392.59456,process,0.03,6,12.0,15.0,25.0,0,20.0,1.5,0,15.0,25.0,0,20.0,1.5,0,15.0,25.0,1,20.0,1.5,0,server-3,http://127.0.0.1:8003,,False,server-3,144.296,144.296,True,200,CRITICAL,154.57,11508.4252287,11508.5695251
p12_exp_39_prio_pml_mixed,phase12,medium_load,medium_load,priority_ml,seen_configuration,priority_subset,True,80,p12_exp_39_prio_pml_mixed_7,1788873392.6782506,process,0.03,6,12.0,15.0,25.0,0,20.0,1.5,0,15.0,25.0,0,20.0,1.5,0,15.0,25.0,1,20.0,1.5,0,server-3,http://127.0.0.1:8003,,False,server-3,135.304,135.304,True,200,LOW,,11508.5090008,11508.6443051
p12_exp_39_prio_pml_mixed,phase12,medium_load,medium_load,priority_ml,seen_configuration,priority_subset,True,80,p12_exp_39_prio_pml_mixed_8,1788873392.7620437,process,0.03,6,12.0,15.0,25.0,0,20.0,1.5,0,15.0,25.0,0,20.0,1.5,0,15.0,25.0,1,20.0,1.5,0,server-3,http://127.0.0.1:8003,,False,server-3,125.66,125.66,True,200,NORMAL,,11508.5927075,11508.7183672
p12_exp_39_prio_pml_mixed,phase12,medium_load,medium_load,priority_ml,seen_configuration,priority_subset,True,80,p12_exp_39_prio_pml_mixed_9,1788873392.8460324,process,0.03,6,12.0,15.0,25.0,0,20.0,1.5,0,15.0,25.0,0,20.0,1.5,0,15.0,25.0,1,20.0,1.5,0,server-3,http://127.0.0.1:8003,,False,server-3,101.17,101.17,True,200,CRITICAL,262.18,11508.6767741,11508.7779444
p12_exp_39_prio_pml_mixed,phase12,medium_load,medium_load,priority_ml,seen_configuration,priority_subset,True,80,p12_exp_39_prio_pml_mixed_10,1788873392.929792,process,0.03,6,12.0,15.0,25.0,0,20.0,1.5,0,15.0,25.0,0,20.0,1.5,0,15.0,25.0,1,20.0,1.5,0,server-3,http://127.0.0.1:8003,,False,server-3,175.196,175.196,True,200,NORMAL,,11508.7605219,11508.9357182
p12_exp_39_prio_pml_mixed,phase12,medium_load,medium_load,priority_ml,seen_configuration,priority_subset,True,80,p12_exp_39_prio_pml_mixed_11,1788873393.0133052,process,0.03,6,12.0,15.0,25.0,0,20.0,1.5,0,15.0,25.0,0,20.0,1.5,0,15.0,25.0,1,20.0,1.5,0,server-3,http://127.0.0.1:8003,,False,server-3,136.7,136.7,True,200,NORMAL,,11508.844001,11508.9807005
p12_exp_39_prio_pml_mixed,phase12,medium_load,medium_load,priority_ml,seen_configuration,priority_subset,True,80,p12_exp_39_prio_pml_mixed_12,1788873393.0969434,process,0.03,6,12.0,15.0,25.0,0,20.0,1.5,0,15.0,25.0,1,20.0,1.5,0,15.0,25.0,0,20.0,1.5,0,server-2,http://127.0.0.1:8003,,False,server-2,60.111,60.111,True,200,HIGH,206.66,11508.9277915,11508.9879029
p12_exp_39_prio_pml_mixed,phase12,medium_load,medium_load,priority_ml,seen_configuration,priority_subset,True,80,p12_exp_39_prio_pml_mixed_13,1788873393.1808147,process,0.03,6,12.0,15.0,25.0,0,20.0,1.5,0,15.0,25.0,0,20.0,1.5,0,15.0,25.0,1,20.0,1.5,0,server-3,http://127.0.0.1:8003,,False,server-3,115.749,115.749,True,200,NORMAL,,11509.0115875,11509.1273366
p12_exp_39_prio_pml_mixed,phase12,medium_load,medium_load,priority_ml,seen_configuration,priority_subset,True,80,p12_exp_39_prio_pml_mixed_14,1788873393.2647288,process,0.03,6,12.0,15.0,25.0,0,20.0,1.5,0,15.0,25.0,0,20.0,1.5,0,15.0,25.0,1,20.0,1.5,0,server-3,http://127.0.0.1:8003,,False,server-3,116.87,116.87,True,200,NORMAL,,11509.0953701,11509.2122403
p12_exp_39_prio_pml_mixed,phase12,medium_load,medium_load,priority_ml,seen_configuration,priority_subset,True,80,p12_exp_39_prio_pml_mixed_15,1788873393.3485012,process,0.03,6,12.0,15.0,25.0,0,20.0,1.5,0,15.0,25.0,0,20.0,1.5,0,15.0,25.0,1,20.0,1.5,0,server-3,http://127.0.0.1:8003,,False,server-3,166.844,166.844,True,200,HIGH,178.29,11509.1791577,11509.3460017
p12_exp_39_prio_pml_mixed,phase12,medium_load,medium_load,priority_ml,seen_configuration,priority_subset,True,80,p12_exp_39_prio_pml_mixed_16,1788873393.4323978,process,0.03,6,12.0,15.0,25.0,0,20.0,1.5,0,15.0,25.0,0,20.0,1.5,0,15.0,25.0,1,20.0,1.5,0,server-3,http://127.0.0.1:8003,,False,server-3,128.725,128.725,True,200,LOW,,11509.2630605,11509.3917859
p12_exp_39_prio_pml_mixed,phase12,medium_load,medium_load,priority_ml,seen_configuration,priority_subset,True,80,p12_exp_39_prio_pml_mixed_17,1788873393.5162327,process,0.03,6,12.0,15.0,25.0,0,20.0,1.5,0,15.0,25.0,0,20.0,1.5,0,15.0,25.0,1,20.0,1.5,0,server-3,http://127.0.0.1:8003,,False,server-3,134.811,134.811,True,200,HIGH,148.44,11509.3468357,11509.4816469
p12_exp_39_prio_pml_mixed,phase12,medium_load,medium_load,priority_ml,seen_configuration,priority_subset,True,80,p12_exp_39_prio_pml_mixed_18,1788873393.600139,process,0.03,6,12.0,15.0,25.0,0,20.0,1.5,0,15.0,25.0,0,20.0,1.5,0,15.0,25.0,1,20.0,1.5,0,server-3,http://127.0.0.1:8003,,False,server-3,147.02,147.02,True,200,LOW,,11509.430851,11509.5778707
p12_exp_39_prio_pml_mixed,phase12,medium_load,medium_load,priority_ml,seen_configuration,priority_subset,True,80,p12_exp_39_prio_pml_mixed_19,1788873393.6837556,process,0.03,6,12.0,15.0,25.0,0,20.0,1.5,0,15.0,25.0,0,20.0,1.5,0,15.0,25.0,1,20.0,1.5,0,server-3,http://127.0.0.1:8003,,False,server-3,68.717,68.717,True,200,LOW,,11509.514433,11509.5831496
p12_exp_39_prio_pml_mixed,phase12,medium_load,medium_load,priority_ml,seen_configuration,priority_subset,True,80,p12_exp_39_prio_pml_mixed_20,1788873393.7673328,process,0.03,6,12.0,15.0,25.0,0,20.0,1.5,0,15.0,25.0,0,20.0,1.5,0,15.0,25.0,1,20.0,1.5,0,server-3,http://127.0.0.1:8003,,False,server-3,160.026,160.026,True,200,NORMAL,,11509.5980318,11509.758058
p12_exp_39_prio_pml_mixed,phase12,medium_load,medium_load,priority_ml,seen_configuration,priority_subset,True,80,p12_exp_39_prio_pml_mixed_21,1788873393.8514905,process,0.03,6,12.0,15.0,25.0,0,20.0,1.5,0,15.0,25.0,0,20.0,1.5,0,15.0,25.0,1,20.0,1.5,0,server-3,http://127.0.0.1:8003,,False,server-3,152.103,152.103,True,200,HIGH,187.45,11509.682287,11509.8343904
p12_exp_39_prio_pml_mixed,phase12,medium_load,medium_load,priority_ml,seen_configuration,priority_subset,True,80,p12_exp_39_prio_pml_mixed_22,1788873393.9352634,process,0.03,6,12.0,15.0,25.0,1,20.0,1.5,0,15.0,25.0,0,20.0,1.5,0,15.0,25.0,0,20.0,1.5,0,server-1,http://127.0.0.1:8003,,False,server-1,80.306,80.306,True,200,HIGH,277.83,11509.7662165,11509.8465224
p12_exp_39_prio_pml_mixed,phase12,medium_load,medium_load,priority_ml,seen_configuration,priority_subset,True,80,p12_exp_39_prio_pml_mixed_23,1788873394.018921,process,0.03,6,12.0,15.0,25.0,0,20.0,1.5,0,15.0,25.0,0,20.0,1.5,0,15.0,25.0,1,20.0,1.5,0,server-3,http://127.0.0.1:8003,,False,server-3,108.897,108.897,True,200,LOW,,11509.8497074,11509.9586047
p12_exp_39_prio_pml_mixed,phase12,medium_load,medium_load,priority_ml,seen_configuration,priority_subset,True,80,p12_exp_39_prio_pml_mixed_24,1788873394.102837,process,0.03,6,12.0,15.0,25.0,0,20.0,1.5,0,15.0,25.0,0,20.0,1.5,0,15.0,25.0,1,20.0,1.5,0,server-3,http://127.0.0.1:8003,,False,server-3,144.391,144.391,True,200,HIGH,222.05,11509.9334953,11510.0778861
p12_exp_39_prio_pml_mixed,phase12,medium_load,medium_load,priority_ml,seen_configuration,priority_subset,True,80,p12_exp_39_prio_pml_mixed_25,1788873394.1863103,process,0.03,6,12.0,15.0,25.0,0,20.0,1.5,0,15.0,25.0,0,20.0,1.5,0,15.0,25.0,1,20.0,1.5,0,server-3,http://127.0.0.1:8003,,False,server-3,141.767,141.767,True,200,LOW,,11510.016922,11510.1586894
p12_exp_39_prio_pml_mixed,phase12,medium_load,medium_load,priority_ml,seen_configuration,priority_subset,True,80,p12_exp_39_prio_pml_mixed_26,1788873394.2699542,process,0.03,6,12.0,15.0,25.0,0,20.0,1.5,0,15.0,25.0,0,20.0,1.5,0,15.0,25.0,1,20.0,1.5,0,server-3,http://127.0.0.1:8003,,False,server-3,95.658,95.658,True,200,NORMAL,,11510.1006648,11510.1963229
p12_exp_39_prio_pml_mixed,phase12,medium_load,medium_load,priority_ml,seen_configuration,priority_subset,True,80,p12_exp_39_prio_pml_mixed_27,1788873394.3538706,process,0.03,6,12.0,15.0,25.0,0,20.0,1.5,0,15.0,25.0,0,20.0,1.5,0,15.0,25.0,1,20.0,1.5,0,server-3,http://127.0.0.1:8003,,False,server-3,135.691,135.691,True,200,CRITICAL,240.13,11510.1846413,11510.3203324
p12_exp_39_prio_pml_mixed,phase12,medium_load,medium_load,priority_ml,seen_configuration,priority_subset,True,80,p12_exp_39_prio_pml_mixed_28,1788873394.437748,process,0.03,6,12.0,15.0,25.0,0,20.0,1.5,0,15.0,25.0,0,20.0,1.5,0,15.0,25.0,1,20.0,1.5,0,server-3,http://127.0.0.1:8003,,False,server-3,134.885,134.885,True,200,LOW,,11510.2684552,11510.40334
p12_exp_39_prio_pml_mixed,phase12,medium_load,medium_load,priority_ml,seen_configuration,priority_subset,True,80,p12_exp_39_prio_pml_mixed_29,1788873394.5216348,process,0.03,6,12.0,15.0,25.0,0,20.0,1.5,0,15.0,25.0,0,20.0,1.5,0,15.0,25.0,1,20.0,1.5,0,server-3,http://127.0.0.1:8003,,False,server-3,131.477,131.477,True,200,CRITICAL,154.06,11510.3522855,11510.4837627
p12_exp_39_prio_pml_mixed,phase12,medium_load,medium_load,priority_ml,seen_configuration,priority_subset,True,80,p12_exp_39_prio_pml_mixed_30,1788873394.6053655,process,0.03,6,12.0,15.0,25.0,0,20.0,1.5,0,15.0,25.0,0,20.0,1.5,0,15.0,25.0,1,20.0,1.5,0,server-3,http://127.0.0.1:8003,,False,server-3,156.523,156.523,True,200,HIGH,348.33,11510.4360351,11510.5925577
p12_exp_39_prio_pml_mixed,phase12,medium_load,medium_load,priority_ml,seen_configuration,priority_subset,True,80,p12_exp_39_prio_pml_mixed_31,1788873394.6890278,process,0.03,6,12.0,15.0,25.0,1,20.0,1.5,0,15.0,25.0,0,20.0,1.5,0,15.0,25.0,0,20.0,1.5,0,server-1,http://127.0.0.1:8003,,False,server-1,98.929,98.929,True,200,HIGH,274.12,11510.5196402,11510.6185695
p12_exp_39_prio_pml_mixed,phase12,medium_load,medium_load,priority_ml,seen_configuration,priority_subset,True,80,p12_exp_39_prio_pml_mixed_32,1788873394.7727067,process,0.03,6,12.0,15.0,25.0,0,20.0,1.5,0,15.0,25.0,0,20.0,1.5,0,15.0,25.0,1,20.0,1.5,0,server-3,http://127.0.0.1:8003,,False,server-3,125.323,125.323,True,200,LOW,,11510.6033356,11510.7286583
p12_exp_39_prio_pml_mixed,phase12,medium_load,medium_load,priority_ml,seen_configuration,priority_subset,True,80,p12_exp_39_prio_pml_mixed_33,1788873394.8565288,process,0.03,6,12.0,15.0,25.0,0,20.0,1.5,0,15.0,25.0,0,20.0,1.5,0,15.0,25.0,1,20.0,1.5,0,server-3,http://127.0.0.1:8003,,False,server-3,118.887,118.887,True,200,LOW,,11510.6872045,11510.8060913
p12_exp_39_prio_pml_mixed,phase12,medium_load,medium_load,priority_ml,seen_configuration,priority_subset,True,80,p12_exp_39_prio_pml_mixed_34,1788873394.9403448,process,0.03,6,12.0,15.0,25.0,0,20.0,1.5,0,15.0,25.0,0,20.0,1.5,0,15.0,25.0,1,20.0,1.5,0,server-3,http://127.0.0.1:8003,,False,server-3,136.786,136.786,True,200,CRITICAL,167.7,11510.7712493,11510.9080357
p12_exp_39_prio_pml_mixed,phase12,medium_load,medium_load,priority_ml,seen_configuration,priority_subset,True,80,p12_exp_39_prio_pml_mixed_35,1788873395.0242724,process,0.03,6,12.0,15.0,25.0,0,20.0,1.5,0,15.0,25.0,0,20.0,1.5,0,15.0,25.0,1,20.0,1.5,0,server-3,http://127.0.0.1:8003,,False,server-3,160.926,160.926,True,200,LOW,,11510.8549524,11511.0158787
p12_exp_39_prio_pml_mixed,phase12,medium_load,medium_load,priority_ml,seen_configuration,priority_subset,True,80,p12_exp_39_prio_pml_mixed_36,1788873395.1082084,process,0.03,6,12.0,15.0,25.0,0,20.0,1.5,0,15.0,25.0,0,20.0,1.5,0,15.0,25.0,1,20.0,1.5,0,server-3,http://127.0.0.1:8003,,False,server-3,130.422,130.422,True,200,LOW,,11510.9389148,11511.0693363
p12_exp_39_prio_pml_mixed,phase12,medium_load,medium_load,priority_ml,seen_configuration,priority_subset,True,80,p12_exp_39_prio_pml_mixed_37,1788873395.1920798,process,0.03,6,12.0,15.0,25.0,0,20.0,1.5,0,15.0,25.0,0,20.0,1.5,0,15.0,25.0,1,20.0,1.5,0,server-3,http://127.0.0.1:8003,,False,server-3,111.888,111.888,True,200,NORMAL,,11511.0226909,11511.1345791
p12_exp_39_prio_pml_mixed,phase12,medium_load,medium_load,priority_ml,seen_configuration,priority_subset,True,80,p12_exp_39_prio_pml_mixed_38,1788873395.2758608,process,0.03,6,12.0,15.0,25.0,0,20.0,1.5,0,15.0,25.0,0,20.0,1.5,0,15.0,25.0,1,20.0,1.5,0,server-3,http://127.0.0.1:8003,,False,server-3,138.827,138.827,True,200,LOW,,11511.10654,11511.2453666
p12_exp_39_prio_pml_mixed,phase12,medium_load,medium_load,priority_ml,seen_configuration,priority_subset,True,80,p12_exp_39_prio_pml_mixed_39,1788873395.3593135,process,0.03,6,12.0,15.0,25.0,0,20.0,1.5,0,15.0,25.0,0,20.0,1.5,0,15.0,25.0,1,20.0,1.5,0,server-3,http://127.0.0.1:8003,,False,server-3,108.093,108.093,True,200,HIGH,197.63,11511.189956,11511.2980491
p12_exp_39_prio_pml_mixed,phase12,medium_load,medium_load,priority_ml,seen_configuration,priority_subset,True,80,p12_exp_39_prio_pml_mixed_40,1788873395.4430218,process,0.03,6,12.0,15.0,25.0,0,20.0,1.5,0,15.0,25.0,0,20.0,1.5,0,15.0,25.0,1,20.0,1.5,0,server-3,http://127.0.0.1:8003,,False,server-3,173.813,173.813,True,200,LOW,,11511.2736956,11511.447509
p12_exp_40_prio_ml_conflict,phase12,high_load,high_load,ml,unseen_configuration,priority_subset,True,81,p12_exp_40_prio_ml_conflict_1,1788873396.394898,process,0.04,8,0.0,15.0,25.0,0,20.0,1.5,0,15.0,25.0,0,20.0,1.5,0,15.0,25.0,1,20.0,1.5,0,server-3,http://127.0.0.1:8003,1.0,False,server-3,90.673,90.673,True,200,HIGH,560.0,11512.2264005,11512.3170738
p12_exp_40_prio_ml_conflict,phase12,high_load,high_load,ml,unseen_configuration,priority_subset,True,81,p12_exp_40_prio_ml_conflict_2,1788873396.394898,process,0.04,8,0.0,15.0,25.0,0,20.0,1.5,0,15.0,25.0,0,20.0,1.5,0,15.0,25.0,1,20.0,1.5,0,server-3,http://127.0.0.1:8003,1.0,False,server-3,80.56,80.56,True,200,LOW,40.0,11512.227743,11512.3083028
p12_exp_40_prio_ml_conflict,phase12,high_load,high_load,ml,unseen_configuration,priority_subset,True,81,p12_exp_40_prio_ml_conflict_3,1788873396.394898,process,0.04,8,0.0,15.0,25.0,0,20.0,1.5,0,15.0,25.0,0,20.0,1.5,0,15.0,25.0,1,20.0,1.5,0,server-3,http://127.0.0.1:8003,1.0,False,server-3,110.936,110.936,True,200,HIGH,546.9,11512.229632,11512.3405681
p12_exp_40_prio_ml_conflict,phase12,high_load,high_load,ml,unseen_configuration,priority_subset,True,81,p12_exp_40_prio_ml_conflict_4,1788873396.394898,process,0.04,8,0.0,15.0,25.0,0,20.0,1.5,0,15.0,25.0,0,20.0,1.5,0,15.0,25.0,1,20.0,1.5,0,server-3,http://127.0.0.1:8003,1.0,False,server-3,157.637,157.637,True,200,LOW,24.43,11512.2322328,11512.3898695
p12_exp_40_prio_ml_conflict,phase12,high_load,high_load,ml,unseen_configuration,priority_subset,True,81,p12_exp_40_prio_ml_conflict_5,1788873396.394898,process,0.04,8,0.0,15.0,25.0,0,20.0,1.5,0,15.0,25.0,0,20.0,1.5,0,15.0,25.0,1,20.0,1.5,0,server-3,http://127.0.0.1:8003,1.0,False,server-3,169.797,169.797,True,200,HIGH,542.19,11512.2345148,11512.4043123
p12_exp_40_prio_ml_conflict,phase12,high_load,high_load,ml,unseen_configuration,priority_subset,True,81,p12_exp_40_prio_ml_conflict_6,1788873396.4068778,process,0.04,8,0.0,15.0,25.0,0,20.0,1.5,0,15.0,25.0,0,20.0,1.5,0,15.0,25.0,1,20.0,1.5,0,server-3,http://127.0.0.1:8003,1.0,False,server-3,163.055,163.055,True,200,LOW,31.47,11512.2376363,11512.4006917
p12_exp_40_prio_ml_conflict,phase12,high_load,high_load,ml,unseen_configuration,priority_subset,True,81,p12_exp_40_prio_ml_conflict_7,1788873396.409788,process,0.04,8,0.0,15.0,25.0,0,20.0,1.5,0,15.0,25.0,0,20.0,1.5,0,15.0,25.0,1,20.0,1.5,0,server-3,http://127.0.0.1:8003,1.0,False,server-3,167.886,167.886,True,200,HIGH,553.55,11512.2405527,11512.4084382
p12_exp_40_prio_ml_conflict,phase12,high_load,high_load,ml,unseen_configuration,priority_subset,True,81,p12_exp_40_prio_ml_conflict_8,1788873396.412132,process,0.04,8,0.0,15.0,25.0,0,20.0,1.5,0,15.0,25.0,0,20.0,1.5,0,15.0,25.0,1,20.0,1.5,0,server-3,http://127.0.0.1:8003,1.0,False,server-3,173.242,173.242,True,200,LOW,33.63,11512.2430042,11512.4162459
p12_exp_40_prio_ml_conflict,phase12,high_load,high_load,ml,unseen_configuration,priority_subset,True,81,p12_exp_40_prio_ml_conflict_9,1788873396.4775949,process,0.04,8,0.0,15.0,25.0,0,20.0,1.5,0,15.0,25.0,0,20.0,1.5,0,15.0,25.0,1,20.0,1.5,0,server-3,http://127.0.0.1:8003,1.0,False,server-3,117.066,117.066,True,200,HIGH,556.17,11512.3083851,11512.4254512
p12_exp_40_prio_ml_conflict,phase12,high_load,high_load,ml,unseen_configuration,priority_subset,True,81,p12_exp_40_prio_ml_conflict_10,1788873396.4863431,process,0.04,8,0.0,15.0,25.0,0,20.0,1.5,0,15.0,25.0,0,20.0,1.5,0,15.0,25.0,1,20.0,1.5,0,server-3,http://127.0.0.1:8003,1.0,False,server-3,137.382,137.382,True,200,LOW,23.73,11512.317106,11512.4544881
p12_exp_40_prio_ml_conflict,phase12,high_load,high_load,ml,unseen_configuration,priority_subset,True,81,p12_exp_40_prio_ml_conflict_11,1788873396.5094516,process,0.04,8,0.0,15.0,25.0,0,20.0,1.5,0,15.0,25.0,0,20.0,1.5,0,15.0,25.0,1,20.0,1.5,0,server-3,http://127.0.0.1:8003,1.0,False,server-3,123.591,123.591,True,200,HIGH,558.99,11512.3406031,11512.4641938
p12_exp_40_prio_ml_conflict,phase12,high_load,high_load,ml,unseen_configuration,priority_subset,True,81,p12_exp_40_prio_ml_conflict_12,1788873396.5593462,process,0.04,8,0.0,15.0,25.0,0,20.0,1.5,0,15.0,25.0,0,20.0,1.5,0,15.0,25.0,1,20.0,1.5,0,server-3,http://127.0.0.1:8003,1.0,False,server-3,107.45,107.45,True,200,LOW,21.46,11512.389968,11512.4974178
p12_exp_40_prio_ml_conflict,phase12,high_load,high_load,ml,unseen_configuration,priority_subset,True,81,p12_exp_40_prio_ml_conflict_13,1788873396.5701544,process,0.04,8,0.0,15.0,25.0,0,20.0,1.5,0,15.0,25.0,0,20.0,1.5,0,15.0,25.0,1,20.0,1.5,0,server-3,http://127.0.0.1:8003,1.0,False,server-3,138.104,138.104,True,200,HIGH,542.79,11512.4007239,11512.5388282
p12_exp_40_prio_ml_conflict,phase12,high_load,high_load,ml,unseen_configuration,priority_subset,True,81,p12_exp_40_prio_ml_conflict_14,1788873396.5736475,process,0.04,8,0.0,15.0,25.0,0,20.0,1.5,0,15.0,25.0,0,20.0,1.5,0,15.0,25.0,1,20.0,1.5,0,server-3,http://127.0.0.1:8003,1.0,False,server-3,70.827,70.827,True,200,LOW,38.44,11512.404346,11512.4751728
p12_exp_40_prio_ml_conflict,phase12,high_load,high_load,ml,unseen_configuration,priority_subset,True,81,p12_exp_40_prio_ml_conflict_15,1788873396.577887,process,0.04,8,0.0,15.0,25.0,0,20.0,1.5,0,15.0,25.0,0,20.0,1.5,0,15.0,25.0,1,20.0,1.5,0,server-3,http://127.0.0.1:8003,1.0,False,server-3,124.053,124.053,True,200,HIGH,556.74,11512.4084657,11512.5325192
p12_exp_40_prio_ml_conflict,phase12,high_load,high_load,ml,unseen_configuration,priority_subset,True,81,p12_exp_40_prio_ml_conflict_16,1788873396.5852904,process,0.04,8,0.0,15.0,25.0,0,20.0,1.5,0,15.0,25.0,0,20.0,1.5,0,15.0,25.0,1,20.0,1.5,0,server-3,http://127.0.0.1:8003,1.0,False,server-3,131.28,131.28,True,200,LOW,37.4,11512.416293,11512.5475728
p12_exp_40_prio_ml_conflict,phase12,high_load,high_load,ml,unseen_configuration,priority_subset,True,81,p12_exp_40_prio_ml_conflict_17,1788873396.5946913,process,0.04,8,0.0,15.0,25.0,0,20.0,1.5,0,15.0,25.0,0,20.0,1.5,0,15.0,25.0,1,20.0,1.5,0,server-3,http://127.0.0.1:8003,1.0,False,server-3,129.737,129.737,True,200,HIGH,557.88,11512.4254792,11512.5552164
p12_exp_40_prio_ml_conflict,phase12,high_load,high_load,ml,unseen_configuration,priority_subset,True,81,p12_exp_40_prio_ml_conflict_18,1788873396.6234794,process,0.04,8,0.0,15.0,25.0,0,20.0,1.5,0,15.0,25.0,0,20.0,1.5,0,15.0,25.0,1,20.0,1.5,0,server-3,http://127.0.0.1:8003,1.0,False,server-3,109.226,109.226,True,200,LOW,38.17,11512.4545221,11512.5637486
p12_exp_40_prio_ml_conflict,phase12,high_load,high_load,ml,unseen_configuration,priority_subset,True,81,p12_exp_40_prio_ml_conflict_19,1788873396.6332765,process,0.04,8,0.0,15.0,25.0,0,20.0,1.5,0,15.0,25.0,0,20.0,1.5,0,15.0,25.0,1,20.0,1.5,0,server-3,http://127.0.0.1:8003,1.0,False,server-3,108.988,108.988,True,200,HIGH,539.07,11512.46424,11512.5732281
p12_exp_40_prio_ml_conflict,phase12,high_load,high_load,ml,unseen_configuration,priority_subset,True,81,p12_exp_40_prio_ml_conflict_20,1788873396.644237,process,0.04,8,0.0,15.0,25.0,0,20.0,1.5,0,15.0,25.0,0,20.0,1.5,0,15.0,25.0,1,20.0,1.5,0,server-3,http://127.0.0.1:8003,1.0,False,server-3,130.534,130.534,True,200,LOW,14.38,11512.4752072,11512.6057408
p12_exp_40_prio_ml_conflict,phase12,high_load,high_load,ml,unseen_configuration,priority_subset,True,81,p12_exp_40_prio_ml_conflict_21,1788873396.6666214,process,0.04,8,0.0,15.0,25.0,0,20.0,1.5,0,15.0,25.0,0,20.0,1.5,0,15.0,25.0,1,20.0,1.5,0,server-3,http://127.0.0.1:8003,1.0,False,server-3,84.84,84.84,True,200,HIGH,557.31,11512.4974539,11512.5822942
p12_exp_40_prio_ml_conflict,phase12,high_load,high_load,ml,unseen_configuration,priority_subset,True,81,p12_exp_40_prio_ml_conflict_22,1788873396.701031,process,0.04,8,0.0,15.0,25.0,0,20.0,1.5,0,15.0,25.0,0,20.0,1.5,0,15.0,25.0,1,20.0,1.5,0,server-3,http://127.0.0.1:8003,1.0,False,server-3,84.692,84.692,True,200,LOW,37.63,11512.5325563,11512.6172488
p12_exp_40_prio_ml_conflict,phase12,high_load,high_load,ml,unseen_configuration,priority_subset,True,81,p12_exp_40_prio_ml_conflict_23,1788873396.7079704,process,0.04,8,0.0,15.0,25.0,0,20.0,1.5,0,15.0,25.0,0,20.0,1.5,0,15.0,25.0,1,20.0,1.5,0,server-3,http://127.0.0.1:8003,1.0,False,server-3,101.62,101.62,True,200,HIGH,557.49,11512.5388583,11512.6404781
p12_exp_40_prio_ml_conflict,phase12,high_load,high_load,ml,unseen_configuration,priority_subset,True,81,p12_exp_40_prio_ml_conflict_24,1788873396.7167797,process,0.04,8,0.0,15.0,25.0,0,20.0,1.5,0,15.0,25.0,0,20.0,1.5,0,15.0,25.0,1,20.0,1.5,0,server-3,http://127.0.0.1:8003,1.0,False,server-3,85.38,85.38,True,200,LOW,37.98,11512.5476138,11512.6329938
p12_exp_40_prio_ml_conflict,phase12,high_load,high_load,ml,unseen_configuration,priority_subset,True,81,p12_exp_40_prio_ml_conflict_25,1788873396.7245417,process,0.04,8,0.0,15.0,25.0,0,20.0,1.5,0,15.0,25.0,0,20.0,1.5,0,15.0,25.0,1,20.0,1.5,0,server-3,http://127.0.0.1:8003,1.0,False,server-3,110.617,110.617,True,200,HIGH,546.09,11512.555254,11512.6658705
p12_exp_40_prio_ml_conflict,phase12,high_load,high_load,ml,unseen_configuration,priority_subset,True,81,p12_exp_40_prio_ml_conflict_26,1788873396.732974,process,0.04,8,0.0,15.0,25.0,0,20.0,1.5,0,15.0,25.0,0,20.0,1.5,0,15.0,25.0,1,20.0,1.5,0,server-3,http://127.0.0.1:8003,1.0,False,server-3,194.34,194.34,True,200,LOW,19.58,11512.5637795,11512.7581196
p12_exp_40_prio_ml_conflict,phase12,high_load,high_load,ml,unseen_configuration,priority_subset,True,81,p12_exp_40_prio_ml_conflict_27,1788873396.7426343,process,0.04,8,0.0,15.0,25.0,0,20.0,1.5,0,15.0,25.0,0,20.0,1.5,0,15.0,25.0,1,20.0,1.5,0,server-3,http://127.0.0.1:8003,1.0,False,server-3,136.053,136.053,True,200,HIGH,557.87,11512.573286,11512.7093389
p12_exp_40_prio_ml_conflict,phase12,high_load,high_load,ml,unseen_configuration,priority_subset,True,81,p12_exp_40_prio_ml_conflict_28,1788873396.7512417,process,0.04,8,0.0,15.0,25.0,0,20.0,1.5,0,15.0,25.0,0,20.0,1.5,0,15.0,25.0,1,20.0,1.5,0,server-3,http://127.0.0.1:8003,1.0,False,server-3,134.486,134.486,True,200,LOW,37.85,11512.5823282,11512.7168146
p12_exp_40_prio_ml_conflict,phase12,high_load,high_load,ml,unseen_configuration,priority_subset,True,81,p12_exp_40_prio_ml_conflict_29,1788873396.7749352,process,0.04,8,0.0,15.0,25.0,0,20.0,1.5,0,15.0,25.0,0,20.0,1.5,0,15.0,25.0,1,20.0,1.5,0,server-3,http://127.0.0.1:8003,1.0,False,server-3,181.555,181.555,True,200,HIGH,558.39,11512.6057895,11512.7873446
p12_exp_40_prio_ml_conflict,phase12,high_load,high_load,ml,unseen_configuration,priority_subset,True,81,p12_exp_40_prio_ml_conflict_30,1788873396.786272,process,0.04,8,0.0,15.0,25.0,0,20.0,1.5,0,15.0,25.0,0,20.0,1.5,0,15.0,25.0,1,20.0,1.5,0,server-3,http://127.0.0.1:8003,1.0,False,server-3,228.673,228.673,True,200,LOW,35.78,11512.6172832,11512.845956
p12_exp_40_prio_ml_conflict,phase12,high_load,high_load,ml,unseen_configuration,priority_subset,True,81,p12_exp_40_prio_ml_conflict_31,1788873396.8020868,process,0.04,8,0.0,15.0,25.0,0,20.0,1.5,0,15.0,25.0,0,20.0,1.5,0,15.0,25.0,1,20.0,1.5,0,server-3,http://127.0.0.1:8003,1.0,False,server-3,212.658,212.658,True,200,HIGH,546.37,11512.6330285,11512.8456869
p12_exp_40_prio_ml_conflict,phase12,high_load,high_load,ml,unseen_configuration,priority_subset,True,81,p12_exp_40_prio_ml_conflict_32,1788873396.809518,process,0.04,8,0.0,15.0,25.0,0,20.0,1.5,0,15.0,25.0,0,20.0,1.5,0,15.0,25.0,1,20.0,1.5,0,server-3,http://127.0.0.1:8003,1.0,False,server-3,212.711,212.711,True,200,LOW,19.31,11512.640512,11512.8532228
p12_exp_40_prio_ml_conflict,phase12,high_load,high_load,ml,unseen_configuration,priority_subset,True,81,p12_exp_40_prio_ml_conflict_33,1788873396.8353171,process,0.04,8,0.0,15.0,25.0,0,20.0,1.5,0,15.0,25.0,0,20.0,1.5,0,15.0,25.0,1,20.0,1.5,0,server-3,http://127.0.0.1:8003,1.0,False,server-3,249.091,249.091,True,200,HIGH,557.9,11512.6659201,11512.9150113
p12_exp_40_prio_ml_conflict,phase12,high_load,high_load,ml,unseen_configuration,priority_subset,True,81,p12_exp_40_prio_ml_conflict_34,1788873396.8787825,process,0.04,8,0.0,15.0,25.0,0,20.0,1.5,0,15.0,25.0,0,20.0,1.5,0,15.0,25.0,1,20.0,1.5,0,server-3,http://127.0.0.1:8003,1.0,False,server-3,213.896,213.896,True,200,LOW,38.39,11512.7093845,11512.9232808
p12_exp_40_prio_ml_conflict,phase12,high_load,high_load,ml,unseen_configuration,priority_subset,True,81,p12_exp_40_prio_ml_conflict_35,1788873396.8862689,process,0.04,8,0.0,15.0,25.0,0,20.0,1.5,0,15.0,25.0,0,20.0,1.5,0,15.0,25.0,1,20.0,1.5,0,server-3,http://127.0.0.1:8003,1.0,False,server-3,229.976,229.976,True,200,HIGH,558.96,11512.7168586,11512.946835
p12_exp_40_prio_ml_conflict,phase12,high_load,high_load,ml,unseen_configuration,priority_subset,True,81,p12_exp_40_prio_ml_conflict_36,1788873396.9271808,process,0.04,8,0.0,15.0,25.0,0,20.0,1.5,0,15.0,25.0,0,20.0,1.5,0,15.0,25.0,1,20.0,1.5,0,server-3,http://127.0.0.1:8003,1.0,False,server-3,196.435,196.435,True,200,LOW,37.94,11512.7581792,11512.9546142
p12_exp_40_prio_ml_conflict,phase12,high_load,high_load,ml,unseen_configuration,priority_subset,True,81,p12_exp_40_prio_ml_conflict_37,1788873396.956744,process,0.04,8,0.0,15.0,25.0,0,20.0,1.5,0,15.0,25.0,0,20.0,1.5,0,15.0,25.0,1,20.0,1.5,0,server-3,http://127.0.0.1:8003,1.0,False,server-3,220.933,220.933,True,200,HIGH,555.75,11512.7873868,11513.0083203
p12_exp_40_prio_ml_conflict,phase12,high_load,high_load,ml,unseen_configuration,priority_subset,True,81,p12_exp_40_prio_ml_conflict_38,1788873397.014922,process,0.04,8,0.0,15.0,25.0,0,20.0,1.5,0,15.0,25.0,0,20.0,1.5,0,15.0,25.0,1,20.0,1.5,0,server-3,http://127.0.0.1:8003,1.0,False,server-3,215.38,215.38,True,200,LOW,36.77,11512.845723,11513.0611029
p12_exp_40_prio_ml_conflict,phase12,high_load,high_load,ml,unseen_configuration,priority_subset,True,81,p12_exp_40_prio_ml_conflict_39,1788873397.014922,process,0.04,8,0.0,15.0,25.0,0,20.0,1.5,0,15.0,25.0,0,20.0,1.5,0,15.0,25.0,1,20.0,1.5,0,server-3,http://127.0.0.1:8003,1.0,False,server-3,158.08,158.08,True,200,HIGH,557.3,11512.8459886,11513.0040682
p12_exp_40_prio_ml_conflict,phase12,high_load,high_load,ml,unseen_configuration,priority_subset,True,81,p12_exp_40_prio_ml_conflict_40,1788873397.0224829,process,0.04,8,0.0,15.0,25.0,0,20.0,1.5,0,15.0,25.0,0,20.0,1.5,0,15.0,25.0,1,20.0,1.5,0,server-3,http://127.0.0.1:8003,1.0,False,server-3,280.494,280.494,True,200,LOW,37.85,11512.8532801,11513.1337744
p12_exp_41_prio_pml_conflict,phase12,high_load,high_load,priority_ml,unseen_configuration,priority_subset,True,82,p12_exp_41_prio_pml_conflict_1,1788873398.090582,process,0.04,8,0.0,15.0,25.0,0,20.0,1.5,0,15.0,25.0,0,20.0,1.5,0,15.0,25.0,1,20.0,1.5,0,server-3,http://127.0.0.1:8003,,False,server-3,81.301,81.301,True,200,HIGH,555.79,11513.9228081,11514.0041094
p12_exp_41_prio_pml_conflict,phase12,high_load,high_load,priority_ml,unseen_configuration,priority_subset,True,82,p12_exp_41_prio_pml_conflict_2,1788873398.090582,process,0.04,8,0.0,15.0,25.0,0,20.0,1.5,0,15.0,25.0,0,20.0,1.5,0,15.0,25.0,1,20.0,1.5,0,server-3,http://127.0.0.1:8003,,False,server-3,91.094,91.094,True,200,LOW,35.79,11513.9242689,11514.0153627
p12_exp_41_prio_pml_conflict,phase12,high_load,high_load,priority_ml,unseen_configuration,priority_subset,True,82,p12_exp_41_prio_pml_conflict_3,1788873398.094793,process,0.04,8,0.0,15.0,25.0,0,20.0,1.5,0,15.0,25.0,1,20.0,1.5,0,15.0,25.0,0,20.0,1.5,0,server-2,http://127.0.0.1:8003,,False,server-2,115.379,115.379,True,200,HIGH,549.71,11513.9256567,11514.0410357
p12_exp_41_prio_pml_conflict,phase12,high_load,high_load,priority_ml,unseen_configuration,priority_subset,True,82,p12_exp_41_prio_pml_conflict_4,1788873398.094793,process,0.04,8,0.0,15.0,25.0,0,20.0,1.5,0,15.0,25.0,0,20.0,1.5,0,15.0,25.0,1,20.0,1.5,0,server-3,http://127.0.0.1:8003,,False,server-3,120.097,120.097,True,200,LOW,25.7,11513.9273641,11514.0474616
p12_exp_41_prio_pml_conflict,phase12,high_load,high_load,priority_ml,unseen_configuration,priority_subset,True,82,p12_exp_41_prio_pml_conflict_5,1788873398.094793,process,0.04,8,0.0,15.0,25.0,0,20.0,1.5,0,15.0,25.0,0,20.0,1.5,0,15.0,25.0,1,20.0,1.5,0,server-3,http://127.0.0.1:8003,,False,server-3,139.688,139.688,True,200,HIGH,544.53,11513.9297369,11514.0694249
p12_exp_41_prio_pml_conflict,phase12,high_load,high_load,priority_ml,unseen_configuration,priority_subset,True,82,p12_exp_41_prio_pml_conflict_6,1788873398.094793,process,0.04,8,0.0,15.0,25.0,1,20.0,1.5,0,15.0,25.0,0,20.0,1.5,0,15.0,25.0,0,20.0,1.5,0,server-1,http://127.0.0.1:8003,,False,server-1,126.582,126.582,True,200,LOW,23.17,11513.9325718,11514.0591542
p12_exp_41_prio_pml_conflict,phase12,high_load,high_load,priority_ml,unseen_configuration,priority_subset,True,82,p12_exp_41_prio_pml_conflict_7,1788873398.094793,process,0.04,8,0.0,15.0,25.0,0,20.0,1.5,0,15.0,25.0,1,20.0,1.5,0,15.0,25.0,0,20.0,1.5,0,server-2,http://127.0.0.1:8003,,False,server-2,149.013,149.013,True,200,HIGH,541.5,11513.9352221,11514.0842353
p12_exp_41_prio_pml_conflict,phase12,high_load,high_load,priority_ml,unseen_configuration,priority_subset,True,82,p12_exp_41_prio_pml_conflict_8,1788873398.1060655,process,0.04,8,0.0,15.0,25.0,0,20.0,1.5,0,15.0,25.0,0,20.0,1.5,0,15.0,25.0,1,20.0,1.5,0,server-3,http://127.0.0.1:8003,,False,server-3,205.612,205.612,True,200,LOW,32.25,11513.9368209,11514.1424333
p12_exp_41_prio_pml_conflict,phase12,high_load,high_load,priority_ml,unseen_configuration,priority_subset,True,82,p12_exp_41_prio_pml_conflict_9,1788873398.1727357,process,0.04,8,0.0,15.0,25.0,0,20.0,1.5,0,15.0,25.0,0,20.0,1.5,0,15.0,25.0,1,20.0,1.5,0,server-3,http://127.0.0.1:8003,,False,server-3,138.839,138.839,True,200,HIGH,554.58,11514.0041601,11514.1429991
p12_exp_41_prio_pml_conflict,phase12,high_load,high_load,priority_ml,unseen_configuration,priority_subset,True,82,p12_exp_41_prio_pml_conflict_10,1788873398.1838655,process,0.04,8,0.0,15.0,25.0,1,20.0,1.5,0,15.0,25.0,0,20.0,1.5,0,15.0,25.0,0,20.0,1.5,0,server-1,http://127.0.0.1:8003,,False,server-1,136.774,136.774,True,200,LOW,36.39,11514.0154125,11514.1521862
p12_exp_41_prio_pml_conflict,phase12,high_load,high_load,priority_ml,unseen_configuration,priority_subset,True,82,p12_exp_41_prio_pml_conflict_11,1788873398.210059,process,0.04,8,0.0,15.0,25.0,0,20.0,1.5,0,15.0,25.0,1,20.0,1.5,0,15.0,25.0,0,20.0,1.5,0,server-2,http://127.0.0.1:8003,,False,server-2,139.86,139.86,True,200,HIGH,557.35,11514.0410892,11514.1809488
p12_exp_41_prio_pml_conflict,phase12,high_load,high_load,priority_ml,unseen_configuration,priority_subset,True,82,p12_exp_41_prio_pml_conflict_12,1788873398.2168467,process,0.04,8,0.0,15.0,25.0,0,20.0,1.5,0,15.0,25.0,1,20.0,1.5,0,15.0,25.0,0,20.0,1.5,0,server-2,http://127.0.0.1:8003,,False,server-2,142.38,142.38,True,200,LOW,37.36,11514.0475066,11514.1898869
p12_exp_41_prio_pml_conflict,phase12,high_load,high_load,priority_ml,unseen_configuration,priority_subset,True,82,p12_exp_41_prio_pml_conflict_13,1788873398.2283375,process,0.04,8,0.0,15.0,25.0,0,20.0,1.5,0,15.0,25.0,0,20.0,1.5,0,15.0,25.0,1,20.0,1.5,0,server-3,http://127.0.0.1:8003,,False,server-3,136.285,136.285,True,200,HIGH,557.93,11514.0591975,11514.1954825
p12_exp_41_prio_pml_conflict,phase12,high_load,high_load,priority_ml,unseen_configuration,priority_subset,True,82,p12_exp_41_prio_pml_conflict_14,1788873398.2383325,process,0.04,8,0.0,15.0,25.0,0,20.0,1.5,0,15.0,25.0,0,20.0,1.5,0,15.0,25.0,1,20.0,1.5,0,server-3,http://127.0.0.1:8003,,False,server-3,180.83,180.83,True,200,LOW,11.43,11514.0694956,11514.2503252
p12_exp_41_prio_pml_conflict,phase12,high_load,high_load,priority_ml,unseen_configuration,priority_subset,True,82,p12_exp_41_prio_pml_conflict_15,1788873398.2537422,process,0.04,8,0.0,15.0,25.0,1,20.0,1.5,0,15.0,25.0,0,20.0,1.5,0,15.0,25.0,0,20.0,1.5,0,server-1,http://127.0.0.1:8003,,False,server-1,149.945,149.945,True,200,HIGH,558.25,11514.0842913,11514.234236
p12_exp_41_prio_pml_conflict,phase12,high_load,high_load,priority_ml,unseen_configuration,priority_subset,True,82,p12_exp_41_prio_pml_conflict_16,1788873398.31113,process,0.04,8,0.0,15.0,25.0,0,20.0,1.5,0,15.0,25.0,1,20.0,1.5,0,15.0,25.0,0,20.0,1.5,0,server-2,http://127.0.0.1:8003,,False,server-2,126.006,126.006,True,200,LOW,32.82,11514.1424958,11514.2685021
p12_exp_41_prio_pml_conflict,phase12,high_load,high_load,priority_ml,unseen_configuration,priority_subset,True,82,p12_exp_41_prio_pml_conflict_17,1788873398.312126,process,0.04,8,0.0,15.0,25.0,0,20.0,1.5,0,15.0,25.0,0,20.0,1.5,0,15.0,25.0,1,20.0,1.5,0,server-3,http://127.0.0.1:8003,,False,server-3,134.742,134.742,True,200,HIGH,551.94,11514.1430499,11514.2777922
p12_exp_41_prio_pml_conflict,phase12,high_load,high_load,priority_ml,unseen_configuration,priority_subset,True,82,p12_exp_41_prio_pml_conflict_18,1788873398.3211958,process,0.04,8,0.0,15.0,25.0,1,20.0,1.5,0,15.0,25.0,0,20.0,1.5,0,15.0,25.0,0,20.0,1.5,0,server-1,http://127.0.0.1:8003,,False,server-1,139.459,139.459,True,200,LOW,33.49,11514.1522375,11514.2916966
p12_exp_41_prio_pml_conflict,phase12,high_load,high_load,priority_ml,unseen_configuration,priority_subset,True,82,p12_exp_41_prio_pml_conflict_19,1788873398.350006,process,0.04,8,0.0,15.0,25.0,0,20.0,1.5,0,15.0,25.0,0,20.0,1.5,0,15.0,25.0,1,20.0,1.5,0,server-3,http://127.0.0.1:8003,,False,server-3,129.939,129.939,True,200,HIGH,557.87,11514.1810034,11514.3109425
p12_exp_41_prio_pml_conflict,phase12,high_load,high_load,priority_ml,unseen_configuration,priority_subset,True,82,p12_exp_41_prio_pml_conflict_20,1788873398.3589268,process,0.04,8,0.0,15.0,25.0,0,20.0,1.5,0,15.0,25.0,1,20.0,1.5,0,15.0,25.0,0,20.0,1.5,0,server-2,http://127.0.0.1:8003,,False,server-2,140.771,140.771,True,200,LOW,36.81,11514.1899368,11514.3307081
p12_exp_41_prio_pml_conflict,phase12,high_load,high_load,priority_ml,unseen_configuration,priority_subset,True,82,p12_exp_41_prio_pml_conflict_21,1788873398.3647242,process,0.04,8,0.0,15.0,25.0,0,20.0,1.5,0,15.0,25.0,0,20.0,1.5,0,15.0,25.0,1,20.0,1.5,0,server-3,http://127.0.0.1:8003,,False,server-3,151.962,151.962,True,200,HIGH,556.86,11514.1955328,11514.3474945
p12_exp_41_prio_pml_conflict,phase12,high_load,high_load,priority_ml,unseen_configuration,priority_subset,True,82,p12_exp_41_prio_pml_conflict_22,1788873398.40334,process,0.04,8,0.0,15.0,25.0,1,20.0,1.5,0,15.0,25.0,0,20.0,1.5,0,15.0,25.0,0,20.0,1.5,0,server-1,http://127.0.0.1:8003,,False,server-1,129.665,129.665,True,200,LOW,36.76,11514.2342833,11514.3639486
p12_exp_41_prio_pml_conflict,phase12,high_load,high_load,priority_ml,unseen_configuration,priority_subset,True,82,p12_exp_41_prio_pml_conflict_23,1788873398.4196322,process,0.04,8,0.0,15.0,25.0,0,20.0,1.5,0,15.0,25.0,0,20.0,1.5,0,15.0,25.0,1,20.0,1.5,0,server-3,http://127.0.0.1:8003,,False,server-3,131.416,131.416,True,200,HIGH,556.72,11514.2503852,11514.3818015
p12_exp_41_prio_pml_conflict,phase12,high_load,high_load,priority_ml,unseen_configuration,priority_subset,True,82,p12_exp_41_prio_pml_conflict_24,1788873398.437936,process,0.04,8,0.0,15.0,25.0,0,20.0,1.5,0,15.0,25.0,1,20.0,1.5,0,15.0,25.0,0,20.0,1.5,0,server-2,http://127.0.0.1:8003,,False,server-2,121.569,121.569,True,200,LOW,35.55,11514.2685529,11514.3901218
p12_exp_41_prio_pml_conflict,phase12,high_load,high_load,priority_ml,unseen_configuration,priority_subset,True,82,p12_exp_41_prio_pml_conflict_25,1788873398.447197,process,0.04,8,0.0,15.0,25.0,0,20.0,1.5,0,15.0,25.0,0,20.0,1.5,0,15.0,25.0,1,20.0,1.5,0,server-3,http://127.0.0.1:8003,,False,server-3,128.374,128.374,True,200,HIGH,555.61,11514.2778555,11514.4062299
p12_exp_41_prio_pml_conflict,phase12,high_load,high_load,priority_ml,unseen_configuration,priority_subset,True,82,p12_exp_41_prio_pml_conflict_26,1788873398.460562,process,0.04,8,0.0,15.0,25.0,1,20.0,1.5,0,15.0,25.0,0,20.0,1.5,0,15.0,25.0,0,20.0,1.5,0,server-1,http://127.0.0.1:8003,,False,server-1,133.001,133.001,True,200,LOW,36.62,11514.291757,11514.4247576
p12_exp_41_prio_pml_conflict,phase12,high_load,high_load,priority_ml,unseen_configuration,priority_subset,True,82,p12_exp_41_prio_pml_conflict_27,1788873398.4802487,process,0.04,8,0.0,15.0,25.0,0,20.0,1.5,0,15.0,25.0,0,20.0,1.5,0,15.0,25.0,1,20.0,1.5,0,server-3,http://127.0.0.1:8003,,False,server-3,130.182,130.182,True,200,HIGH,556.92,11514.3109805,11514.4411629
p12_exp_41_prio_pml_conflict,phase12,high_load,high_load,priority_ml,unseen_configuration,priority_subset,True,82,p12_exp_41_prio_pml_conflict_28,1788873398.4998126,process,0.04,8,0.0,15.0,25.0,0,20.0,1.5,0,15.0,25.0,1,20.0,1.5,0,15.0,25.0,0,20.0,1.5,0,server-2,http://127.0.0.1:8003,,False,server-2,121.817,121.817,True,200,LOW,36.31,11514.330753,11514.4525697
p12_exp_41_prio_pml_conflict,phase12,high_load,high_load,priority_ml,unseen_configuration,priority_subset,True,82,p12_exp_41_prio_pml_conflict_29,1788873398.516692,process,0.04,8,0.0,15.0,25.0,0,20.0,1.5,0,15.0,25.0,0,20.0,1.5,0,15.0,25.0,1,20.0,1.5,0,server-3,http://127.0.0.1:8003,,False,server-3,115.131,115.131,True,200,HIGH,557.42,11514.3475514,11514.4626823
p12_exp_41_prio_pml_conflict,phase12,high_load,high_load,priority_ml,unseen_configuration,priority_subset,True,82,p12_exp_41_prio_pml_conflict_30,1788873398.5330791,process,0.04,8,0.0,15.0,25.0,1,20.0,1.5,0,15.0,25.0,0,20.0,1.5,0,15.0,25.0,0,20.0,1.5,0,server-1,http://127.0.0.1:8003,,False,server-1,119.854,119.854,True,200,LOW,36.42,11514.3640038,11514.4838578
p12_exp_41_prio_pml_conflict,phase12,high_load,high_load,priority_ml,unseen_configuration,priority_subset,True,82,p12_exp_41_prio_pml_conflict_31,1788873398.550663,process,0.04,8,0.0,15.0,25.0,0,20.0,1.5,0,15.0,25.0,1,20.0,1.5,0,15.0,25.0,0,20.0,1.5,0,server-2,http://127.0.0.1:8003,,False,server-2,160.905,160.905,True,200,HIGH,557.67,11514.3818387,11514.5427441
p12_exp_41_prio_pml_conflict,phase12,high_load,high_load,priority_ml,unseen_configuration,priority_subset,True,82,p12_exp_41_prio_pml_conflict_32,1788873398.5592072,process,0.04,8,0.0,15.0,25.0,0,20.0,1.5,0,15.0,25.0,0,20.0,1.5,0,15.0,25.0,1,20.0,1.5,0,server-3,http://127.0.0.1:8003,,False,server-3,146.209,146.209,True,200,LOW,38.44,11514.3901742,11514.5363828
p12_exp_41_prio_pml_conflict,phase12,high_load,high_load,priority_ml,unseen_configuration,priority_subset,True,82,p12_exp_41_prio_pml_conflict_33,1788873398.5757492,process,0.04,8,0.0,15.0,25.0,1,20.0,1.5,0,15.0,25.0,0,20.0,1.5,0,15.0,25.0,0,20.0,1.5,0,server-1,http://127.0.0.1:8003,,False,server-1,175.514,175.514,True,200,HIGH,555.2,11514.4062991,11514.5818134
p12_exp_41_prio_pml_conflict,phase12,high_load,high_load,priority_ml,unseen_configuration,priority_subset,True,82,p12_exp_41_prio_pml_conflict_34,1788873398.5938025,process,0.04,8,0.0,15.0,25.0,1,20.0,1.5,0,15.0,25.0,0,20.0,1.5,0,15.0,25.0,0,20.0,1.5,0,server-1,http://127.0.0.1:8003,,False,server-1,159.085,159.085,True,200,LOW,37.45,11514.4248137,11514.5838988
p12_exp_41_prio_pml_conflict,phase12,high_load,high_load,priority_ml,unseen_configuration,priority_subset,True,82,p12_exp_41_prio_pml_conflict_35,1788873398.6096842,process,0.04,8,0.0,15.0,25.0,1,20.0,1.5,0,15.0,25.0,0,20.0,1.5,0,15.0,25.0,0,20.0,1.5,0,server-1,http://127.0.0.1:8003,,False,server-1,136.452,136.452,True,200,HIGH,557.55,11514.4411949,11514.5776466
p12_exp_41_prio_pml_conflict,phase12,high_load,high_load,priority_ml,unseen_configuration,priority_subset,True,82,p12_exp_41_prio_pml_conflict_36,1788873398.6218548,process,0.04,8,0.0,15.0,25.0,0,20.0,1.5,0,15.0,25.0,0,20.0,1.5,0,15.0,25.0,1,20.0,1.5,0,server-3,http://127.0.0.1:8003,,False,server-3,193.536,193.536,True,200,LOW,20.79,11514.4526096,11514.6461461
p12_exp_41_prio_pml_conflict,phase12,high_load,high_load,priority_ml,unseen_configuration,priority_subset,True,82,p12_exp_41_prio_pml_conflict_37,1788873398.6312082,process,0.04,8,0.0,15.0,25.0,0,20.0,1.5,0,15.0,25.0,0,20.0,1.5,0,15.0,25.0,1,20.0,1.5,0,server-3,http://127.0.0.1:8003,,False,server-3,130.367,130.367,True,200,HIGH,557.85,11514.462733,11514.5931001
p12_exp_41_prio_pml_conflict,phase12,high_load,high_load,priority_ml,unseen_configuration,priority_subset,True,82,p12_exp_41_prio_pml_conflict_38,1788873398.6529987,process,0.04,8,0.0,15.0,25.0,0,20.0,1.5,0,15.0,25.0,0,20.0,1.5,0,15.0,25.0,1,20.0,1.5,0,server-3,http://127.0.0.1:8003,,False,server-3,163.398,163.398,True,200,LOW,36.83,11514.4839089,11514.6473069
p12_exp_41_prio_pml_conflict,phase12,high_load,high_load,priority_ml,unseen_configuration,priority_subset,True,82,p12_exp_41_prio_pml_conflict_39,1788873398.705825,process,0.04,8,0.0,15.0,25.0,0,20.0,1.5,0,15.0,25.0,1,20.0,1.5,0,15.0,25.0,0,20.0,1.5,0,server-2,http://127.0.0.1:8003,,False,server-2,123.817,123.817,True,200,HIGH,555.54,11514.5364311,11514.6602481
p12_exp_41_prio_pml_conflict,phase12,high_load,high_load,priority_ml,unseen_configuration,priority_subset,True,82,p12_exp_41_prio_pml_conflict_40,1788873398.7114053,process,0.04,8,0.0,15.0,25.0,0,20.0,1.5,0,15.0,25.0,0,20.0,1.5,0,15.0,25.0,1,20.0,1.5,0,server-3,http://127.0.0.1:8003,,False,server-3,164.48,164.48,True,200,LOW,37.47,11514.5427912,11514.7072712
